{"type":"FeatureCollection","features":[{"type":"Feature","id":"340208","properties":{"name":"三山区","cp":[118.233987,31.225423],"childNum":1},"geometry":{"type":"Polygon","coordinates":["@@BABC@G@E@EAEAGBADADALIDABABCACCCAAAAAAEAG@IBC@A@A@C@GAA@CAGAA@GCCACAAAAAAAAC@A@A@MBE@ADABAD@D@BDBBDBBBB@FAB@DABCDAHIDMAK@CEGSMIEKEUGICEACCBCFEPIPGHGDAB@D@B@BD@@BHDFFHHHLHPFJDDBD@FAHCFAFBDDD@FADABKDGBK@MCCECGEGEAAACACECAA@C@CBIBGBEBEBADC@C@A@CAAACAC@A@CAABAAAA@EAIACAC@IEA@IAeB_Am@G@KBEDGHCFGFIDIDE@EAECEAQAGDCBEBGDCDADBDDTBF@BAF@D@F@DBF@@@@@DBDADAB@@CBCD@B@P@FBHDP@D@BABC@C@@B@HCPAD@@EDIBK@SBM@BF@FBH@BE@A@UFIBA@E@KBE@O@YCGFA@GBNJ\\\\LFNJLJLHJFJFLHLHLDHBJFLDJDJBHDLBPDVHHBJBD@LDRDHBJ@H@FBJ@L@J@HAHAHAFCN@PA@@H@FBD@DK"],"encodeOffsets":[[121178,32039]]}}],"UTF8Encoding":true}