{"type":"FeatureCollection","features":[{"type":"Feature","id":"341721","properties":{"name":"东至县","cp":[117.021476,30.096568],"childNum":2},"geometry":{"type":"MultiPolygon","coordinates":[["@@@C@ACAACA@@AAAA@AAA@CA@@@@C@@A@@@@@A@C@ABADKC@AAA@AA@A@@@A@CB@FCFCBA@AAA@ACAA@KAEA@BE@A@C@AAEACAA@C@@BA@@@@B@BB@@BDB@BBBAB@@ABA@G@A@CBCBABC@A@A@AAAC@AAACAGAC@@A@A@KBE@AACEEMMCCEACAGCGECCECEG@EBGDIDCHCFAJAR@NDNBHBF@LBF@D@LAJCDE@GAEECGCCECE@I@GBG@GDEDCDC@EAECCACDGDEJIDI@KBIFIFCF@J@PD\\JN@FCDEDMHCN@N@LBLBPAN@AAA@IGEEECKEOEKAOCEAIBGEMEGCLIJKJKFGDEBI@EAI@G@E@GAI@G@GDEFCLBHFHHJDHBH@L@HAHCJEHEHGFGBG@IBEAEAEDGJCHA@CACGCEGGGGGCICC@I@EDG@KNGJGDKCGGIIEGGEEEEEEAGAI@KAGCEEIESAIAKCM@K@KBEDGDKBIAIAGCCEIYEI@OAICKAKAI@GAECCGCI@IBM@KBQBOBGE@EAICMEI@MBKCIGMAIEKAKGICGCCCEEAE@G@E@EBCDGDKAI@ECEECIEGAEAICECECCGEGGEEGEAIAO@GCAC@CBEDEFEHAHCFEDCBEHCHAVEREFALGDEDGBEDIBKAEEEGEECICECIIGEAG@GHEJEHKDGAGCIEGGGKGOIOGGCCAEAGAGAG@GCGEGEGCGAKAEAI@GBIBOBKDK@I@EAKCECGCACEECEAEAECEEECCECGCGAIAIAI@GAICGCGCGCGEKIMEOIOGIEKCGCGEGGCGCEEEEGGGEEOWCAAAECA@CACCCAIAMCKAK@KBI@MBGBCDA@@@@@AA@@@@@@A@@@@@AA@@A@A@@BA@@@@@A@@B@@A@@B@@@@@B@@@@@B@@@BA@@B@@@B@B@B@@@@@BBB@@@@BD@B@BBBBB@BBD@@B@@BBB@@@B@@@@ABA@@@@@A@@@@@@@A@@@@@A@@@A@AB@@@@A@@BA@@@@@@BA@@@@@@@A@@@@@A@@@@@A@@A@@@@@@A@@@@@@@@@@@AA@@@@@@@A@@A@@@@@A@@@@@GFEFEBECGIGEC@GAGEIQEICEEEEAE@@@@BAB@@@BBB@@@@AB@@@@@B@@@B@BBB@@@B@@@B@@@BABA@@@A@@@@@@B@@B@@BBB@B@B@@A@@B@B@@AB@BA@@@@@@@@@A@@B@@A@@@@B@@@@@B@@@@B@@@@@@@@@@@@@@B@@@@@@@@@@@@@@@BA@A@AB@@@@@@A@@BA@@@@@A@@@@@A@@@AB@@A@@@ABA@CBA@ABA@@BMFIFCHAHEFEFEDGFEFGDIFEDGDEFAHBHFHDHHFFFVRFDFFBH@HABrPBA@@@@BBB@D@B@@@@@AB@B@@@@BAHCB@@BDD@B@D@@AD@B@BA@CAC@A@AB@@C@AA@@A@BBABBBAB@B@B@BA@@@@B@B@@@@A@@B@@@@@@@B@@@B@DA@A@AAA@A@@@@A@@@AqD@DDFDHFJFLDHBDFDFBLDHDFDJPFHBDJFBFFDJFLBLJDJBHBDDLHHFFLJH@NADCFEDCDAFALBFDHFFDFFHDLFFHFHDDBFFNLPDFDFJHHDJJHHJFJJFHFFFJFFHHJJHLDNDLFJFR@H@HBHDFDFDHBJ@HCLAFCDADCDCDCFIFQJKHIACAGCEEEAEC@@A@CAAA@@A@CBC@A@G@@@@@AE@C@C@A@ADA@A@AAAA@@@A@ABA@CHA@@B@B@B@B@B@B@BAB@B@B@DBB@B@@CB@@@@BB@B@@@B@B@@@DBBB@@BADBB@B@DAD@@@B@B@@AB@B@BBDDD@FADC@E@GCGCICGCEACAC@A@@@AB@BAJABCDCHEJEJENAHCBKACDCBCD@DAFAHCFCDC@IAGBKPrbrpjdtd~@HP^dVTbVVNHPFNBVBNCNK^ADCFO`MrA@AJOhI`ATDHDHAJ@NBJHFJDLAPS\\VPH^F^PTPXZRN^X`JR@B@J@L@L@P@R@PBN@L@P@N@P@NAJ@XEFCHCFCLGJEJCFCHCLCHAPENANBBB"],["@@BC@@@@@@@A@@@ABA@@BABA@@@I@AB@@@@@BB@B@@B@@@@@B@@A@@@C@@AA@ABA@@A@@AA@@A@@qO@BEFGFMCS@CDAH@FDDDBHBDBJBFFBHDDrC"]],"encodeOffsets":[[[120013,31200]],[[119500,30421]]]}}],"UTF8Encoding":true}