{"type":"FeatureCollection","features":[{"type":"Feature","id":"340706","properties":{"name":"义安区","cp":[117.792288,30.952338],"childNum":2},"geometry":{"type":"MultiPolygon","coordinates":[["@@HCFALCH@F@FAJBJADINEBCNGEIOSAEAGJQHEPADKAGLGRCVAL@NALCDGDGFGFEFEFADAHADAFGDIBGFGDCHAHAHAJ@F@F@FBH@FBH@F@H@HAFCDADCBGBI@EAEAEACCCAECI@EBEBKFCFKFCBG@EACCCCAEAGBC@CBE@G@G@GAGAGCGAGCIEECGCGCGCGEGECGEEEEACEAE@IBCBGBGBCBEBGCECCAACAC@C@@@@A@AAC@@@@@AA@@@A@@A@@@@@A@@ABA@BBA@@B@@AB@@@B@B@@@B@@@@@B@B@@A@@@@AA@@AA@@AA@@A@@@AAA@AB@@@@@A@A@A@@A@A@@@C@@@@BCD@@@@@B@@A@@@@@@BA@@@@@@B@@@AA@@@@@@B@@A\\@@B@@@@@@B@@A@@@A@@@@@KEABA@@AAB@BDB@@@@B@@B@@@BBB@BBBB@@BA@@@A@@@@A@@@@A@AA@A@@AA@@BA@@@AA@@@AA@B@@A@@@@@A@@AA@ABB@A@BB@@BB@@B@BA@@@B@@@@@@AB@B@BB@@@@BB@@@@B@@@@@@@@AA@@A@@@AAB@AA@A@@A@@@@@A@@@@AAC@@@BABBBA@B@BDA@DDBBBD@@@@@@@@AEAB@AA@@@A@@@@@BAA@@A@@A@AB@@@@TBABB@@@@A@A@BDB@AAB@@@@@B@B@@@@AB@@@DABABA@@B@@@@@@@@AB@@@@@B@A@@B@@A@@@@@@@A@@BCBADA@@@@@@BBBB@B@@@BA@A@AB@B@A@BBC@@B@@ABABB@@@@@@B@@@@AB@BB@@BA@@AAB@@@@AA@B@@@B@@@@@B@@@@B@@BA@@@B@@B@@@B@BA@@A@@AAAA@@@A@@BA@A@@AA@@A@AAA@@AA@@BC@@AA@@AABAB@@A@A@A@@@@@AAA@@@CB@@B@@@BABAB@YA@@@BB@CBA@FDB@BB@BBBCBABC@@@@@@AA@CBA@AB@@ABB@A@@B@@AB@@@@A@@@A@@AA@@@@@A@@@@BB@@@EB@CA@@@@A@@@@@@@BC@@@@A@@B@@@@@@@E@C@A@A@@@@BA@BDB@@B@@B@@@B@@@@BAB@B@BA@@@@F@@B@ABB@@BA@@B@D@@@@CAAB@AC@@AB@@B@@B@B@@@BA@@AA@@@@A@@@@AA@@DE@@B@B@@A@@@@@@@@@BBAB@A@@@B@@A@@@C@BACAB@@@@@BAB@@@@AA@@@DA@AÕG@LBBFD@DABC@ECAAC@ABCDA@ADCJBHBHJPBDBFDBH@D@B@BD@DCBEBCBCDADAJCFC@E@CACACAE@CBCBAD@FCDEDEBG@CAEAECAECECGCE@EAECEIMEECAGAEAACA@@AA@A@@AA@@A@@@@AA@A@A@@B@@AA@@A@AB@D@BA@@EC@@@@@@A@A@@BA@@AA@@@@CA@AB@AA@A@@A@A@ACA@@AAAAA@CAA@@BA@@BA@@@ABA@@@@@A@AB@D@@B@B@BB@@AD@@@@@@CAC@KBA@@AA@@A@@@@@@@CBCOECBCBA@KDAICGCEACSSgYAP@F@LALAHANBR@LG\\@BA@A`ATFhFP^^PTNLXP\\TrThBRCTIVWJY@UJWPOXK\\IH@H@H@H@NDHBJDHDFDFBFFLH"],["@@@@B@BA@@B@@@@E@@AA@@A@@@A@A@@@@AB@AAB@@A@@@A@@@@@AA@BA@@@@B@@@@@@A@@@@@@@AB@@A@A@A@@A@@@AA@@@@A@@B@@@@A@A@@B@@@AAA@@BABBB@@A@@B@A@@@@A@@A@A@A@@AA@AA@@C@A@@A@@DAB@@@@ACA@AB@F@@B@B@@BBB@B@@BD@@@@@B@@@F@B@BBD@FBB@B@AA@A@@@AB@@A@A@A@AB@BA@A@A@@A@@@@@@@B@BC@AA@@A@C@@@EAA@@BA@@@@B@@CBA@C@ADABB@@@B@BBB@@BD@@AB@@@@@B@@@B@B@@@B@B@B@BBB@B@@@BB@ADA@@B@@@@@BBB@BB@@@@BB@@BZBBA@@@@@@BA@@AB@AA@A@@@@@@@A@AA@@D@DA@ABABBA@@@@@@@ABB@@@B@@BB@@@AB@@@@@@D@@@@ABB@@@@@@B@@@@@@@BAB@@@@@A@@AB@@@@@@@SAB@@A@@@AA@@@@A@AAA@@@A@@@A@@A@@@A@@BBB@@@@CA@B@@@@ABA@@@AB@@@B@@AB@B@@@BB@@AA@A@@@A@@B@@@B@B@@@@ABB@A@@@@B@@A@@BBB@@@@@B@@A@AB@BBBA@AB@B@@A@@BB@@@BAB@@A@AB@BB@A@@@BBA@@@LF@AB@@@B[A@@@@@BA@@@@A@@@C@@B@@@AD@@@@@@@BA@AA@@@@@B@AA@A@@@@B@D@BA@@@AB@BA@@BBB@B@BA@@BA@@AE@@@@A@@BABAA@@A@@@C@AAA@@BC@IBE@CDEFAFAF@DCFABABKACAECGCICGEIGIGGIIIEGGEEEACACACECCBADADCDCDCFEJABGBE@GCCACECCECACEEEAECGCKCIAIAI@G@GAICEAEEKIIEIEEEIEEGAE@E@IEEECKCICGCGCCA@@A@A@@B@@@AA@A@A@AA@@A@@@@AA@@@A@@@@@@@@@@A@@A@@@@@@@A@@@A@@@A@@@@@@@@AA@@A@@@@@A@@@A@@AB@BA@A@@@AA@@@A@A@CAA@@@AA@A@MBI@ABA@@B@BBBDJBB@D@@@B@BA@ABA@A@IAEAA@M@MAA@ABA@@B@@@B@BDDDFAB@B@B@B@@FBDDDJFF@D@HBH@FBFDDDDDF@B@J@FBBD@LBD@BDDHFFD@BBDBBBBBADC@AD@BBDBDFBF@LBH@FBDDBB@FBDBDFBFBFBD@FDBDBF@DBBFDLFFB@DBDADADBFBD@DDBDBD@N@H@D@DF@BDHDJDDHFFHFBHBF@DCFCDAD@F@FDDBCBGD@B@BBBLBFDDDBBAB@@CAGAE@GDCB@F@FAF@HÖH@@B@F@@@B@"]],"encodeOffsets":[[[120805,31831]],[[120811,31682]]]}}],"UTF8Encoding":true}