{"type":"FeatureCollection","features":[{"type":"Feature","id":"340322","properties":{"name":"五河县","cp":[117.888809,33.146202],"childNum":1},"geometry":{"type":"Polygon","coordinates":["@@^ETEHULMZIF[VENKdDTSlHbHJAHAFAFAFAHAFBFBDDFDBFBF@DAF@FDDHBD@FBFAD@FAFAHADAFAD@FBD@HDBDDFBDAHBF@DBF@FBDBDDDFDFBHBDBH@F@F@F@H@FBD@D@JF@@AJ@B@B@@VHFEBCBCFG@@@E@AHB@@H@J@D@F@HAF@F@F@D@FAF@FBF@F@F@FBH@@@@@B@@@@B@@B@@BB@BB@@B@@@BBB@@AB@@@B@B@@@B@@@B@@@B@B@@@B@@@B@@@B@B@@@B@@@B@@A@@BA@@A@@A@@A@@A@@A@@A@@@AA@@A@@@A@@@AA@@A@@A@@@@AA@@A@@AA@A@@@@@A@@@A@@@AA@@A@@@A@@@A@@@A@@@@@A@A@@@A@@@@@A@AA@@A@@@@@A@@@A@@@A@@@A@@@@@A@@@A@@@A@@@A@@@@@A@@@@@AA@@A@@@@@A@@A@@@@A@@@@@AA@@AA@@AA@@@@A@@AA@@@AA@@@@A@@AA@@@@@AA@@@@A@@@A@@@A@@AA@@@A@A@@@@AA@@@@AA@@A@@@AA@@A@@@AA@@A@A@@@AA@@A@@@AA@@A@@@A@@AA@@@A@CCMEGCA@KGLKDG@EAGEGIOAC@CHIHAP@fDJ@HADADCHKB@@A@@BA@@BA@@BA@@BA@@@A@@@AB@@A@@@A@@@A@@@@AA@@A@@@A@@@A@@@AAA@@@A@@@A@A@@@AA@@@@AA@@A@@AA@@AA@@A@@@A@@@A@@BA@@@A@@B@@AB@@@B@@@BA@@BA@@@A@@@A@A@@@@@A@A@@@AB@@A@@@A@@@A@@BA@@@A@@@A@@@A@@@AB@@@B@@AB@B@@@B@@@B@B@@@B@@@B@B@@BBA@@B@@@B@B@@@@@BA@@@@@@BA@@@@@ABA@@@A@@@A@@@@@A@@@AB@@@@A@@B@@A@@B@@AB@@@B@@AB@@@B@B@@AB@@@B@B@@AB@@@B@@AB@@@@@@AB@@@@@@A@@@@@@B@@A@@@@BA@@@@@AB@@@@AB@@@@AB@@@BA@@B@@@BA@@B@@@B@@AB@@@B@B@@@BA@@B@B@@@B@@AB@@@@A@@@A@A@@AA@@@A@@@A@@@@@A@@@A@@@A@@@AB@@A@@@@@A@@@A@@@A@@@A@@@A@@BA@@@@B@B@@@@@B@B@@B@@B@@@BBB@@@@BB@B@AB@@@B@@@B@@@B@@@B@@@B@@@B@@@@B@@@B@@@B@B@@@B@@@@A@@@A@@@A@@BA@@@@@A@@@A@@@AB@@@BB@@B@@@B@@@B@@@B@@@B@@@B@@BB@B@@@B@@@B@@@B@@@B@B@@@B@B@@@B@@@B@@@AA@@@A@@AA@@@@@A@@AA@@@@A@@@A@A@@@A@@@AB@@A@@@A@@@A@A@@@AA@@A@A@@@A@@@A@@@A@@AA@@@A@@@@@AAA@@@@@A@@AA@@@A@@A@@@AA@@A@@@A@@AA@@@AB@@@@AB@@@BA@@@@B@@@B@@@B@@@B@BB@@B@@BB@B@@BB@@@BBB@@@BBB@@@BB@@B@@BB@B@@@@@BBB@@@B@BB@@B@B@@BB@B@@@B@@BB@@@@A@E@GBC@E@E@CACAC@CCGEECEAC@EDEBCDEDE@EBECCECEAEAK@IAGBIBG@EAEAECCCICACEEACEAECEAEACAAEACCGAEAE@EBEBADAFAFBHBFBF@HCF@DAF@FCDADCDC@ECECAACCAGECACAECCAECCCECG@GBCBCBCDEDCBCBIBEBCECCACCCCAG@C@ABCBGFEBCDCDGDE@CACAEAEEECEEAAGECAEECCCCECCCIACBCBCBGBABCBCBCDA@@@ABABABEDEBCBA@@B@B@BB@DBB@B@HFHFFDDDBB@@@FAB@BAB@B@B@@A@A@@@ABCLFFINCJA@ECEEGAEAGACAEAE@AAG@E@EAE@EAGAEAGAEAE@CAGAG@C@E@G@E@IDCBCFCFEFADCDEDEBGBC@E@E@CAEAAAECCCAAACACAECE@CCECEACACAEAACGCECECCGAE@GBCBGBGDC@EAEACAEACCCEAC@CCEAEAEAC@CAEAC@CAE@CCECEAACCAECEACCEACCGAGAEAE@EAECICICAGCECCCEAIBG@EBCBEBGDGFCDCDEDEAG@EAE@IAK@CDCDCBCDEFCDEBIDEDEDCFCDEFAFCBCDCDEDHJDDB@B@@@DF@@BH@D@BABBD@@B@@@@@FAFAHADBPDFBFBD@@@BAHEDEDBJJHJFDBDBADE@ABCBABBDDBBH@B@BBBB@B@B@@@DAFD@@LK@BHADBDGBDHHFFDHFBBH@EJOJIFADBDDD@FGFCJGJCHAJ@LEHG@KCG@MDM@IBMDCBC@C@OBK@KEE@[AM@GFAJBDBLCDADADDFM^FL^PNJD\\DLDD@DBDBDFFFFDDDD@BKFKFCD@@@D@F@D@F@B@BBDBFBLAB@@ABE@EB@BBF@@ANAF@B@BR@B@@DBBFDFFB@B@R@B@BAF@F@HBDDDDBDDFBBBFBDBDBD@FAF@D@DDFF@HBDBDDBF@DCDADCBGFAHCD@DDHBDFDBD@HADCBEDADEHADAF@H@D@D@F@FFAVPTP\\LRCNSH@"],"encodeOffsets":[[120467,34134]]}}],"UTF8Encoding":true}