{"type":"FeatureCollection","features":[{"type":"Feature","id":"341022","properties":{"name":"休宁县","cp":[118.188531,29.788878],"childNum":1},"geometry":{"type":"Polygon","coordinates":["@@AKAM@MBKDKHKDCJAHBH@DIBMFKPKFEHEJGFEFGBGDKBKBGDKFIFGJGFAJBLBLFNAJAHEDIFIBKHMBK@M@IBK@IDYNG`EPELGBM@@FOHGLCLABEAKAACAAAAA@AAEAAAB@@CACCCCA@@@@@AAGCIA@A@A@ABC@ABC@CCEAKACACCE@A@@A@E@OBYCA@M@G@KCCACE@ABC@ACCCA@@@@ABA@GAIG@@@@@ADA@CBADC@E@ACA@C@AJIFGBABCBAH@FCD@NFLDPBD@DBFFB@B@D@BABALI@E@A@E@G@GAE@AACAAAC@A@A@AB@@AB@D@BABADCNEHCBABC@@DADAD@FBD@D@B@@@BB@@AB@@@BAB@B@@@@HHBBLH@@@BABEFCBCDABIJBDDFBBDFJFBD@B@@BB@@BA@A@ABC@@@@@@@ABAFGDC@@@@BAFAB@B@DDB@DBBBB@B@D@BAB@D@BAB@@C@ADAFCBA@A@ACAEIEG@@@A@ABAFABAFCDCH@H@DBH@JFFDDDDFDFBD@DABA@CBA@@DBBBB@BBB@@@BD@D@B@DAFEFABAB@FA@A@C@C@ADIBAFKDGBABALDHDF@B@BAFGDE@@@C@ECICICGCIAKBKHEFEFIDEDGBE@GBEDEFCHCF@JAFAF@HE@G@G@GAEAGAIBGFGFCBEAMAI@E@@CC@C@A@CDABEBA@ABAB@D@B@BAECCAAAA@@BABAAA@@CACEAC@CAC@EBCDEDEBE@C@EAC@EAC@G@E@E@C@EBEBABA@AC@AACCEAAACCACCACAA@CCACCCECAAAAEACAAAACAEAE@CAC@ABABA@@D@BABCBA@CBCDADCDABADAFABADC@C@C@EAC@C@C@C@A@EAACAA@A@C@@BE@A@C@AAA@CDC@ABE@CBCBABC@CBE@CBCBCBA@C@C@EAC@G@E@I@CBE@E@@@C@CAAC@GAEBA@C@A@CAAAC@E@C@ABA@@DADADC@E@AAC@CAAAC@ABABABCBA@CBEAG@CAE@A@ABCBADCBA@C@AAGCCACACCE@E@C@A@C@AACACACACAAC@C@C@ACCCC@AEIAAAA@CCGCAAAA@C@C@CDC@@DBB@B@@AD@DCDCBA@A@AAEAE@A@A@CBEFGDKDKDSDKBKDGHCFAH@FFDFDFDBF@H@LAHEHGLEHAHFHJHHHJL@LAHEHEFEDGFGDIDKHKFMRKDCBGBIAG@GBGDIBGBIBIDKDCDAF@H@FCLEJIFEDKDQDKFKBIAIAGGIICEEEGAEHGFCBEBG@ICKEIKIIKIK@EDGDKBOAKAOEGCICIBIAGBGBCFEDGDGBG@G@EBGDGBKDEBEDCFCDEFEBEBI@I@EAGCIAICECICIGMEG@GBKBGBKAKGKGKAK@MAS@MBGDEDEDEFEJCH@HAH@H@H@H@FAFCDGBGBC@CF@D@FCFGHIDQBCF@D@HDHFJFJFHHHJHHFLJNLLJNJFDHFLFLJLHLHNHHFFJFFBFBHDHHJLDJBRBTDXHHBF@F@F@DAFEDEHEDGFGHGJCH@JAL@L@N@LDJBJBJFDDDFDHBHDHFHFJDHFHDDBFDFBFBH@J@FFFHBHFLFFCHEDEHEDGBGFEF@DBHFFHDDDHBFDHBF@H@HFFBFDFDHHHDDHAF@HAJAJ@JBFDBBD@H@DBDBFBBDBBBBCBCDADAD@BDDBHCBADADADAF@BABAFADAF@@FF@\\CJ@DD@JCNARENCHADFFHDFJJFFHHHHFFDFAHAHELAN@HAFBL@H@JBL@HAHCHEFEFEJAFDHDFFFDFFDJJLHJHHHJFDFJDJHHJHLFJDKDMAK@A"],"encodeOffsets":[[120943,30730]]}}],"UTF8Encoding":true}