{"type":"FeatureCollection","features":[{"type":"Feature","id":"532328","properties":{"name":"元谋县","cp":[101.870837,25.703313],"childNum":1},"geometry":{"type":"Polygon","coordinates":["@@@@EUCEGCCAAE@U@CFE@AAID]Fa@C@CA@EAGDC@C@A@EIACCAEAGCIEEAEAAAAEAEDQ@GAKAGCGEGCGAKAEGDEBIDEDABADAFAHAHA@A@GAEAEECAA@A@C@A@A@C@C@ABCDC@A@C@A@AA@A@AB@@A@A@AA@C@@@@C@E@K@CA@CAEFABEBE@GCCAAEACFEDCDCNG@E@ECKGKEAE@EEEAE@KCGECAC@KDE@CAAC@CAAC@CBCAEEIKECACAA@CB@D@FB@CBCCAECACCDQ@EAIAI@IAA@@ABAH@D@BAAAAAE@@A@@DAD@@AAACAAC@@DAD@F@DEFEBCH@JAJDNBHANEF@BMBOBEFKFK@O@QBCJGHEHAHGJGFCDAH@J@FA@AAAAAEIAE@EBCD@FBDBBDB@B@D@@A@@AE@ABE@A@CBA@ABC@C@C@CDA@@HAJEFABEBC@CAAEEGCEEECAAAAC@AA@@@C@ABABADE@CCGMQICIAMCEECEGECE@A@IBCBA@ACACACCCAC@E@EAG@EC@C@EDAD@FBDBD@D@DAFAFAB@BAD@@A@AAAEACEGEICIEAAGA@AAABADAJGDC@C@C@ABABBB@D@D@DAFCLEBA@AAAACCCAA@EACBCJGFC@A@ID@F@L@J@RBFA@CBG@G@G@EACCBAACCEECEC@GBEBAFCBEFAB@DBBBBCHADMFK@G@@CBC@CACGEKCEK@KDGDC@@@@@@FAHA@@@@D@LBH@@@@@@@@@@@@@FCZOH@DF@FBFBDLF@JFF^QBAFCGKGKCIAICQ@EHB@CAAEAGA@CF[@CHCT@FANKHGMCGIBCFEFGFGHGFMQKGAE@GBEDG@AACA@K@ICIEAAAACBCDADADMAEAEBWCIECG@I@CAC@@@CAAA@A@UAAG@EAIEC@CBABE@CAGE@@ABCHAD@D@J@FABABCD@BDF@F@DAB@@EDA@@BAB@D@D@BBDB@BB@B@BA@CAA@@ACCA@CAA@@@@FADA@E@AB@B@FAB@@A@A@@@EGAECCCAMGCACAA@A@@DDNBJ@B@BABADABA@C@@@CBA@ABABCB@BABE@C@CAC@ABEDCDABCBA@@AAAAAACCCIEGAEAA@@@@@CDABA@EECAEIAA@@A@@BAD@JCHADADB@B@BB@@@BABCBA@AB@F@BDHBD@BAD@JAD@BABAB@@@BEDBBFDBB@D@B@@AB@B@JDLEPQNUV@FCD@B@F@B@DBD@BEF@B@B@F@HDTBJBDBBBBBBD@DBB@@B@BABCBA@A@A@ABAB@B@H@LAB@FADABE@CAC@AB@DEBE@KGECCCC@C@GDQJEFBDHH@DOLMNGFEFALBNBFDDB@@BCDCPAFHHDF@LADCEAAAB@DBBDDC@C@A@CACAC@A@@D@D@FA@EAEAAB@B@BDDBDBDBFEBMDE@A@A@ACCIA@CAC@CBEBE@C@AAAAA@A@A@EBC@C@C@C@CBE@EACAAA@@AC@A@AAA@AA@A@@@AB@@CD@BC@CAC@AA@@AA@A@@@CB@BADAD@BAB@@A@@@@ACA@@CAA@AAA@@A@@@C@A@A@AAAA@C@AAAG@AAA@@AACCEGGC@A@A@BLADCFA@A@E@A@@@ACA@@@ABEHADABC@CAKECAABCBCBE@GBGBEFAF@FBFHHHJ@DBDBD@DDF@B@D@@@B@B@@B@@@@A@A@@B@BD@@B@BB@@B@@A@@B@@B@@@B@@@HBB@DA@@@A@GKA@EAEAKEKEC@AA@CBADABAD@DABAGEA@U@GBAB@BBBBBFFDDBB@BABADMBAB@BBD@BBDBBDDBD@D@DADABA@@B@@BDB@B@B@DB@BABA@@@@BDHDD@BADABB@BDDDBBBA@@B@B@@B@@B@@B@D@D@B@B@B@@BBBBDBHBDBDAF@B@D@@@B@BB@@DDFF@BD@BB@@AF@@BB@@B@DCB@@@D@DADAT@@B@@EDAD@B@B@@DBBBBFBBJFDBBB@D@@BB@B@BCBABA@A@C@CBCBGJ@B@BDF@BAD@BDDBDB@BB@@@B@B@B@B@@@BA@EBA@EDCB@@@BAD@FBDNPBB@BA@C@EAC@CBUNKLEFEBEDCF@BAAC@A@GCE@C@ABABAB@B@FBFAB@B@B@B@B@@BDDDBDBDBBDBF@H@B@NHB@DADAD@B@FBDDD@DAB@F@DBDB@DBBBB@BDBBBF@B@B@D@BABADABADAB@BB@BBBBDBBDDFBFJBDD@BB@BABABABGJEJABBBJBBBNPBJAJDJFLLLDFNHHVBNAHBH@JDJBHDFJBLHLHJAL@L@DFHDLHTBNEJ@HDJDLDHPEPIREHCFBBDB@BABABIHAF@B@BBBD@F@JEB@@B@B@D@BBBFBD@B@B@HCHAFCDADALMDABAD@BDBHBB@D@D@BADdFJBLFDDFFZ`PXFJHJHJTLPFL@LCLEJITOJKPCNDVJB@@@B@BA@@@@B@@B@@BAB@@@@@BA@@@@B@@@B@@@BB@@@@B@@@D@B@@BB@B@@@B@BB@@B@B@@@B@@@B@@@@@@@B@@@@@@@@@@@@@@@BB@@A@@@@@@B@@@@B@@@@@@@@@@@B@@@@@@@@A@@B@@@@@@@@@@@B@@@@BB@B@B@B@@BD@B@@BB@@@@@@@B@B@@BD@@@BB@@B@@@B@B@B@HAJGFGdWJELCHCJAHCHAJ@pF"],"encodeOffsets":[[104559,26694]]}}],"UTF8Encoding":true}