{"type":"FeatureCollection","features":[{"type":"Feature","id":"341124","properties":{"name":"全椒县","cp":[118.268576,32.09385],"childNum":1},"geometry":{"type":"Polygon","coordinates":["@@C@@@A@A@ABAB@BA@@A@@EK@@AA@@A@C@@@A@A@A@@@A@@@@@@@@A@@@C@@@A@A@@@AA@@@A@@BABABA@A@C@A@AA@@@A@A@@BABA@@@A@@@@@AAA@A@@@A@CA@@AAAAAAAA@A@@@@@AB@@A@@@A@CC@@@@@A@A@@@A@@A@AAA@A@AAC@EACAEA@CYKEKKG]GKIMGCAECAOKEIW@K@E@E]KeYWSGEaUSSUQUFI@ACKASKIWGGECGCGBKF]JICIEI@WDICQ]IEKCCCICCACC@CBA@ABC@AACCC@A@A@G@G@CAAE@A@EAECA@@@GBEFCDCDGBI@Q@GBABOFEBA@CBABA@CB@@GBABA@ABKD@@EBGDC@ABA@CBA@ABEBABC@@@qjG@IBA@ABCDCFAB@BgTABA@ABU@A@A@EDQHCBA@A@IAAAA@C@AB@AA@A@@@A@@@CBAB@@A@@@@A@@@@A@@@AB@@AB@@AA@@@@@A@@ABA@CA@AA@@BA@@B@@A@@@A@@@A@A@@@@DB@@@B@@@@B@@@@A@CB@@@@BB@@BA@@B@@@@B@B@BAD@@DB@@B@@@@B@@@BA@@CA@@@@@ABBBA@@@CAA@@@AB@@BB@@B@@B@@@@@@@B@@B@BB@@AD@BA@@@A@A@@@A@@B@@B@@BAB@@@B@@@BB@B@@@@@@B@@@BEBA@@@A@@@A@AAA@AB@@@@@BA@@@A@ABAB@B@B@B@@@@ABAAA@A@@BC@A@@@@B@@CJAB@@A@ABA@@@@BBB@@BAB@@@@B@@B@@B@@@B@@@B@@A@AB@B@@@@@AA@A@@@AB@BC@AB@@ABAD@@@B@@B@@B@@@B@B@BA@@BA@@B@@A@@BABAFAB@@KDKBA@CDGF@@DBDDHFFDDBDBFDD@DBDD@DBD@DADAF@D@D@DBDFFFDDBHBJBHBFBHBDBHFDBDDHDBBDFDBDDFDCDGBC@EBEFCFADAF@DAF@DCFCDGFCBAH@FBD@JCDADADAFBDDJDDFFDDDDDDHFFHBD@DCHAFBHAF@DAFAF@DAF@D@F@FAF@DAD@HAFAFH@FDHBD@HBFBF@D@D@D@JCDAFAFADCDAHADAD@JBDBD@FBFBF@DBDD@DCDEHAB@FBHBDBFBFDFBHDDBDDDDDFDFBHBFBD@HBD@F@D@H@H@D@HBF@D@F@F@DAH@DAJAFAFADAFABAFCDAFADAD@FAFAF@H@DBF@FBD@FAJAFAHAD@JAFAF@H@FBF@J@LBF@D@FAFCDADCBCDCBEJAF@HBD@H@F@FAFAFAHAFBFBDBJEFCFEHEDAFAFAH@DDDFFFDBFBBDBDDFBDBDDFFFDBF@BCDGFGDCFEBEFCFCHADCDAFAFAFAF@HBH@F@F@FBHBD@F@D@J@FAJAF@F@H@F@D@H@FBH@HADAHCF@DAF@FAFAD@FAD@F@D@F@F@D@F@DADC@CECCECE@IBGHCD@FAFADCDAHEBCFEBE@GCEEC@C@CDEBCBCDC@AA@@A@@@ABA@@B@@@BA@AB@@AFCB@DEHGDGBABCDADABEBAFGHIDCBCBEB@@@@ABA"],"encodeOffsets":[[121265,32856]]}}],"UTF8Encoding":true}