{"type":"FeatureCollection","features":[{"type":"Feature","id":"340405","properties":{"name":"八公山区","cp":[116.841111,32.628229],"childNum":1},"geometry":{"type":"Polygon","coordinates":["@@AAAB@@AACECCACCC@@NGA@FCHCBA@C\\SAC@ACCEMCACAA@@AA@@A@@@A@AB@@@LF@@L@AEAC@AA@CC@AB@BC@@A@@@BACEB@@A@AAAA@@@A@A@A@A@@@@AA@A@A@CDABABABCC@@@@@@@AED@@AB@@A@I@B@BG@A@CCE@@CDAABABCBCBABAECCBEBABA@A@A@G@@F@D@@ADABAD@@BBC@@AA@C@ABA@AD@B@@ADBFBFBBA@A@@B@@ABAB@B@@AB@@A@EBCACBE@C@ABA@C@A@@A@@@A@A@C@@BA@@BA@AAA@@@A@@AAC@A@@AA@@CCDIB@B@BADABCFCD@BBF@D@DADADABCBCBC@IBC@ABAB@@AD@F@FBB@D@D@BADBDPLFHBHAFOLADBDBFHH@B@@@@@@LLBDBBDDBFB@BAhONGHEBEDQBMFIFEHEBBBB@@BB@@DDBBFHFFDDLGHE@A"],"encodeOffsets":[[119667,33457]]}}],"UTF8Encoding":true}