{"type":"FeatureCollection","features":[{"type":"Feature","id":"340421","properties":{"name":"凤台县","cp":[116.722769,32.705382],"childNum":1},"geometry":{"type":"Polygon","coordinates":["@@E@CBCBABC@ABABAB@BA@ABA@A@@AAA@ACCIEGACCA@@ADGJ[@EACCIEIIGKEQGYIUOKMIKGOGEGEQG_GcICJ@FAD@DAFCJ@DABEFCDABCBEBE@MFKDE@I@E@OAEAC@E@GAK@I@KAADBL@J@BBBID@@KBE@CA@B@H@FCDAH@@BBB@B@BBBB@B@B@DA@ABA@A@ABABAB@DAF@HABADAFCDADAD@D@DAD@HAB@BABABC@I@GBEBC@C@ABABAHBJ@B@F@DABABE@KBG@CA@AACSBEBC@GACAA@A@A@CBADCDABCBABABABABAB@B@BBD@@ADA@ABC@A@@BA@BB@BBB@BCDAB@B@BHNBAF@B@BD@HBD@HBLODA@CB@B@DAD@D@BBD@@@DC@@D@DDHBFBFBF@F@R@HABBD@@@FBBBD@BAFAB@BABAB@BCBAFABAB@B@@@D@B@DBB@BBBDDBBDBB@@BABA@GDABCD@B@B@BDF@DBBBB@BBBBL@B@B@B@D@BADGFABGDGDABCDA@GBABC@A@CAA@CAEAGAEAA@ABC@G@A@CBA@ABC@ABCDAD@BAB@B@D@FBDBBBBBFDD@BBD@DBD@BBD@D@D@@@D@BCH@D@D@FBH@B@BABEFCFABCFEFAD_^AH@DBBBDBFDF@DBFBF@DBBDDDBBB@BAB@H@DBHADBBBDAD@DAF@B@BDFDBBDBD@BD@DAJAVGLAZG^IXGVExK\\EU|MnKlI\\EXAvAR@TAZARA@AAG@CD@B@@C@KAEAIACAAOBA@AA@@CI@A@Q@AJ@BA@AAECEA@CGCE@AACAAB@DCDABAB@AAGGCACAC@EACACAAAKGCCCAAC@ABA@A@ABABKBABI@ABC@EAGCMAI@CBABA@@D@@@DG@A@AAAB@@CBABA@CBAFABA@ABCBAFCB@BABA@CAE@CFCDCFFHBJAD@@@@BAD@@BBFFDB@B@@B@DBLBD@B@DABADCFIDMBCB@FBB@@B@@HADAB@BA@A@@AA@A@@@CBABEBABC@C@AC@ACACFUF@B@DAB@DAB@LGD@@E@A@ACCCEAA@ABCBE@ABCB@ZEF@HCREAECCAAACKK@@@@@@@AGGAEACBCPKBEAGEGOKACBC@A@C@CAA"],"encodeOffsets":[[119576,33437]]}}],"UTF8Encoding":true}