{"type":"FeatureCollection","features":[{"type":"Feature","id":"341126","properties":{"name":"凤阳县","cp":[117.562461,32.867146],"childNum":1},"geometry":{"type":"Polygon","coordinates":["@@A@@@AAGAA@EBCBEDCEECCCGCEAECEACCECE@CCCG@EBEBIBG@GBCBEBCBGBCBE@C@E@G@E@E@GBI@KBA@E@CBC@CBCACBE@CBCBC@CDCDCBCFAFCFADADAHAFAFAF@HBD@HBFBHAD@LCDADADCDGBCBCBEBC@EFK@C@EBCEEACGCEEACCGAE@EAE@EBEBCDGBEBCDE@C@EBCBCBEBEDCBEDAHCFAD@FAJCD@FAFCDCBCAEAGCCCCCACAGCCE@EBC@EBEBE@CCCCEACCC@CBGDEBE@C@ABUCSAE@ELOBAFAEECCGEC@MCCAEAEAC@C@IAE@G@C@E@E@C@CAGCECCAE@G@E@C@E@C@EAGCG@CAGACAG@EAE@EAIAEBEAEACAEEAECECEECE@C@GDGDCDCDGFEBEACACECCCGACEEEAEBCFAHAD@H@FAJ@D@D@DAFCFEF@D@DAF@DAFAF@HAB@DBDCF@DADGHCBADEDCAGBE@GCEACAICCCAC@C@C@EAE@CACAEACEICCCGCCCCACCCACCACAEECCCAECACCCCCACAC@GBCDE@E@CGAI@E@C@EBGDCBCDADADEFEDGDEBCBE@EBE@EBCDEBCBEBCBEBEFCBEDCBCBGAGAGEEAACGECCECCAE@EDCBAFEDCDEDCBE@EBG@GAE@CBG@EAG@GAG@C@G@GBC@G@GBEBE@E@E@GAC@GCECECCCC@C@C@E@C@A@EFMXQNG@KCEGGQGCCACAE@G@EBCBCDCBEDADEDGHEBC@E@@@C@ALE@KCACBAHMAAYGQCKC]KOIEA@@CAGCEAIEC@E@GAEAGAG@E@EAGAE@E@U@]BWASIOAG@E@GACCE@A@_EVAHCFIHEHAF@DDFDBFBDBBBDDFDJBHBDD@LBDBD@DBD@DBFBBJDPLFBABEBIFCB@B@B@@BB@FHHDFHBDDDDHDFDDFDDBDFFDFDDFFBDBDDFDFDBDHBDDF@FBFDDDDFFDBBBHELCJBJDLJDJBFBBD@B@@@D@B@B@DAB@H@DBF@BBB@F@@BDLBBDBBBB@B@B@BABANA^DVDHNNHD@JEL@T@P@HALEPALAFF@PDH@@D@PEDA^@P@FALCFCJ@LHDDFLDJPVLHP@F@FFDHBHCNGFKJEF@BBDBFDDBDBD@D@F@DBDBH@FBDBDDDBFDBDBFD@@B@F@D@DBDB@F@D@DBJ@FAJARBJDN@B@BFAJCBAFCFEBADCDADCDCDABCDABCFCDCDCDABEFEDCDEFCFCJCFADCFEDCDADCDCL@JBF@FBH@FBFCDCDCHEHCFADAFAH@JAFBDDFDHDDBDJDJBF@FBFBFBHDHBDDFBDDFBFDDBBDFDF@DBF@DBDBF@DBDBFBFDF@DBDDFDDFBDBFBFBD@HCHADAHAF@HBDDDFDFDHBBBFBDBDDFDF@DDFBFBDBDBBDDFDBBFBDBF@F@D@HAFAFCDCBCFEDEDEDAJCF@H@F@D@H@HBDBF@FBHBFBHBFBF@FBF@H@BBF@FBDBHBFBHBFFFDB@DIJMEEDKBA@@B@B@@@@A@ABA@ABA@E@@AACCECGEGEA@A@CAA@@A@A@A"],"encodeOffsets":[[120709,33795]]}}],"UTF8Encoding":true}