{"type":"FeatureCollection","features":[{"type":"Feature","id":"341623","properties":{"name":"利辛县","cp":[116.207782,33.143503],"childNum":1},"geometry":{"type":"Polygon","coordinates":["@@BEBEDE@EBA@@D@B@D@BABAB@DCBCDABA@@BADA@C@@AA@AA@I@BE@GAE@CC@@CBABBD@D@DABAB@B@B@FADAFA@ADC@ABABC@ABA@CB@D@FABABA@A@GFAB@BA@@@K@A@C@CB@B@RAJ@BAB@BA@AB@LAF@@G@AB@D@BAD@B@BAD@NADAFADCB@DC@@FAD@BBFBB@B@L@F@JADAD@B@FCBA@A@A@A@CAIAE@CBG@ABCDCDEVHPFB@B@B@D@B@@GACACBGAC@EA@CA@AAC@A@CCE@C@CAC@AB@FAD@@@FBJFDBD@B@D@F@BA@ABCBC@EAC@C@O@G@A@CA@C@G@A@@ABADEJEBCBA@@@A@AABIAA@@AAG@E@A@@@A@@BA@@BABA@E@AAAAA@@AAA@E@C@C@A@@AAA@ABC@C@ABADA@@BA@A@A@AAA@AA@ICAAA@@A@AAG@C@CAA@AAAA@A@A@GD@BC@_FC@A@GDA@BBEBMF@BCBABE@A@A@AA@A@A@A@G@CBA@C@CBE@G@C@AAC@A@C@EAC@A@A@@EAKBA@AAAA@A@A@AE@I@GAC@EAA@AA@@@A@A@CGAC@AA@@AA@ABADCJCHCDCBCFEBGBCDCDGBEDGBCBE@G@CBGDC@EDEFKFEFCFG@K@A@A@E@ABA@C@AAC@AACACCACE@A@ABE@CBCACAABCAG@C@GBA@AAACACCAA@CAEAE@CCEAEACAA@CBG`]BCFEDEBADEFEBA@A@AAG@E@C@CDG@A@C@@ADABABABCBCBSBA@CBA@C@A@AAAACE@@EACCEEECAACGCCECGCGAKCIAICE@GCEAGAEAECEAGAECEAEAG@EBC@GBEBGDEBGDADCBEDIBGBCF@D@FAD@FEDCBEBE@CBIAE@E@E@E@G@G@EBEBGD@B@DAFAD@@ABAD@DADAD@BAB@B@BABIFABIFADCBABAD@@@BAB@@A@BD@@A@@BADEF@B@B@@@@AB@BA@A@AB@@BB@B@@BB@@@@AB@@@B@DBB@@@@@B@B@BA@@BA@@@@B@@BB@@@B@@@@ADA@BB@@BBB@@B@@@BB@@@BB@@@B@BA@@BAB@@@@A@@@A@@B@@@B@@CBA@A@ABCBA@ABABA@@B@@A@@@A@@@A@AA@@@@E@G@EBG@G@GBG@GBIDIBG@KBGBEBEBCBG@EDE@C@EBEBG@G@EBG@EBCDAFFFJJ@LAH@HI@ED@DFTBHEJAJCDMDGAUCE@GAIEE@EDBHFFBBH@@FADIDKBIBEBEDCBEDIBEBEFIDMBMFKDGBIBGBIBGBGBA@IBEBEBIBI@A@@@CDAB@BA@C@C@ABA@@@A@C@@@A@CBC@AAA@E@E@E@A@EBE@K@A@@L@D@@JBBJB@@FBD@BF@@J@HC@A@M@ABADG@K@G@M@A@A@AB@@@H@BABA@AB@B@B@@@@NBH@BJ@RAHEBMBSBKKAF@DAD@FAF@F@HBDBDDDDDDDHDFBFBFDBDBFBF@DADCDCFAFCFAFAD@HCFAFADAFAH@F@F@F@F@FDH@D@FBBDDFB@@BD@BBBFAB@FANCHCBADADCDABADAB@JADAB@D@BABAFAHEBADABC@@FEBADCTODCHGBAHE@BBFBD@BB@FB@B@BB@BBBBB@@BABADCDAB@BAD@DABAB@B@BA@MD@BA@@BAHBB@F@@@BC@AB@@@D@BBBBDFFBB@BAB@BABA@@B@DBB@BBB@BDBDDB@@F@JAB@BABABA@@B@D@@BBB@NDHBBBDAABAH@BCBBB@BBD@B@BABCBC@CB@@BDBB@BAD@D@BBBAB@BABABABC@A@AB@DBB@@AB@BCB@BAH@DABB@F@D@HBBBFBFDDB@BBB@BB@F@@B@@BBBBBB@BDADARGFCJEHCB@B@D@DBB@BB@BAFCJ@B@DV@H@@@BB@D@B@BJBB@B@FAD@BB@@DFBF@DBBB@F@FABABA@@BCBAB@D@HAD@B@@A@AAG@CAG@C@C@AF@B@JAB@DAH@F@DAFAD@DAB@@@B@BBBD@B@BB@@BBBBB@D@DBB@FF@D@JABAB@BAD@DAD@DBD@FDBBBB@FALBBB@J@N@B@D@B@FDBBDDDBDAB@@AAC@E@AB@DAB@@CBA@AB@B@BBBBB@HBFBD@DBJ@H@DB@@BD@BBB@@BBJ@H@B@BAFCBABABCBABABAB@BABAB@@@FANDDAB@@A@ABC@EDAFA@@@ABAD@BBB@FDB@BBFBBBBD@BBBB@DAB@B@B@F@H@JBL@F@@@BBBDDFBD@BB@HDH@FBD@H@F@F@DADADADCDAHC"],"encodeOffsets":[[119056,34167]]}}],"UTF8Encoding":true}