{"type":"FeatureCollection","features":[{"type":"Feature","id":"340111","properties":{"name":"包河区","cp":[117.285751,31.82956],"childNum":1},"geometry":{"type":"Polygon","coordinates":["@@@@B@DAB@BC@@@A@@@@@A@A@CAABA@AFC@@@@@@BADAB@@@@@@@HA@@@@@@B@BAHE@@B@DBBDB@@@B@BCD@BAB@BADAFC@@@CBA@ABAFAFADADCDA@AB@B@B@D@B@DCBAB@B@B@DBB@B@F@BABA@A@A@C@A@AB@BABAB@D@D@@A@@BCAA@CACBA@A@@@A@ABA@@BA@@B@B@@@B@D@B@B@B@B@B@DABABABAB@BADAD@B@B@BAB@DABABABC@ABA@ABAB@B@BAB@B@B@D@DABABABCBA@@@C@A@C@@BA@@BA@@B@BABA@A@A@A@C@A@CACAAA@ACEAGACAAACA@@ACAC@CAAACCCACAAAEAEACACACAECC@AAA@ABABCDAHCDCBE@CDE@E@AAECC@@AC@E@E@Q@GBQAC@IBMB_ģhC@AB@B@D@B@BCBA@GAGCAAABAACAAAAA@C@C@C@A@C@A@AA@@AA@A@@@A@CBC@A@A@A@C@A@A@@@ABA@ABABA@ABA@A@ABA@ABA@@B@B@B@@@B@BAB@@@BADAD@B@@@B@@@DA@ABA@A@@@A@A@A@A@@BAB@@ABB@@BAB@@ABA@C@A@CB@@A@ADGFCF@FAFCDCHAHAD@D@DFDJDDFAP@BhXZJLNRTDH@\\BF@@@@@DBB@@@@@B@BABABA@A@@@CB@F@@@D@@CF@BCDE@C@E@E@C@CACACC@@C@ABCDEFCDAB@BBBBBLPBDDBBDBBBB@@BB@BB@BD@@DD@BBBBBDDBB@BBBBB@B@BBB@@@@@@@B@@@B@@@@@@@B@B@BB@@DB@BDBB@BBB@BB@@B@@@@@@B@@BBB@@@@@@@@BB@B@@B@@B@@@@BB@B@@BB@@@@@@@@@@@@@B@@B@\\FNF@B@@@@BDB@@@"],"encodeOffsets":[[120116,32628]]}}],"UTF8Encoding":true}