{"type":"FeatureCollection","features":[{"type":"Feature","id":"532324","properties":{"name":"南华县","cp":[101.274991,25.192408],"childNum":1},"geometry":{"type":"Polygon","coordinates":["@@GIEG@CTOTIBAPQ@CAIGMGKIICIIMGKAOAM@SBKBCJK@ABADAF@@@@AB@BA@AAEBA@@B@BABA@@ACAA@ABADA@@B@DBB@DE@@CCA@@AAC@AB@@@B@D@B@B@@@D@FBH@DCBA@AIK@KACBA@@BA@@B@BBBBDB@@B@@C@CCEACBADCBGBCBABGAGCKO]GKCGIWAAC@GDC@C@CCAABAJAFAFEFCL@FABA@CAGCEEKAGBK@GBADC@AECCCECM@AACCMOSMCCAEAK@GAIEGQGCCEACAAC@GBC@C@ABEBA@A@ECC@C@A@CD@H@F@BAB@BA@EAAAAC@C@C@C@C@E@EEAEEICAA@ABC@CBA@C@CG@C@ADE@AACAAAC@@BAFCDAD@BAHIHIBCCIAAACOMC@CBEDCBABCAGEEAK@EAGAACACAEACE@AAAB@@@D@@ADCDCB@@A@AA@@@@AB@@A@ABAAA@A@@@AA@AA@AAG@EBA@ABC@@@@BA@@@A@C@C@@@CA@@CAA@A@AA@@ABAF@@@D@BADBB@BABA@@@@@A@@BA@@@C@A@AAA@@BAB@B@B@B@B@B@@AB@B@F@@@B@BAB@B@B@BA@@@@@A@@@@@@DAB@@A@@ACA@@@@C@@BA@@BAD@B@B@@DBBBB@@@@BAF@BAB@@CBA@A@A@@B@B@@@DA@AB@@@@@BB@@@@B@@C@@B@@@B@@ABA@AB@@AB@BAB@@AB@B@BCBAB@DA@@BAD@B@BABBDA@A@@B@@@B@BAB@B@@BBB@@B@@@BC@@B@@AB@B@BAB@@@B@B@@A@@BA@@BBB@@@@ABCBA@AB@@AAA@@BA@A@@@BBBB@@@BA@@@@@A@A@@@AB@BA@ABABAB@B@B@@A@@@AAAAA@A@ABA@ABAB@BAA@AA@@@@@AB@B@DQLGHGFE@MBIAOCGDEFMHIBKBADAFGDKD@@@@YFKFMHYNQHE@QKACEBKLEFCCCEAE@GAIOOCAC@ONE@O@I@KDIBEBCCCAGUCMGEGASFKDKCEGEGAE@CBADE@C@GBCHEJAJ@FABADEBA@C@A@CAC@C@A@ABGBC@C@AAA@CAA@@@CFI@A@AAAA@EIAA@@@A@ABCBA@@BCAA@AACCC@CAG@A@C@CAA@A@A@ABCBCDEBA@C@AAA@ACC@A@ABC@G@A@C@EAAACAA@A@A@EBC@ADC@ABKDO@AAE@AA@@@ABAB@BA@@@@A@C@G@A@A@@@A@ABC@@BA@A@A@CBABCBC@C@CAC@EBC@C@AD@@@B@@A@@BE@E@AAE@E@ABAD@BAHIDA@AB@H@DADA@AD@DADADC@@@CBC@AEI@C@EBE@E@ABA@AB@@CDEFCBC@A@A@AAABA@@B@BA@C@@@AB@BADAB@@@BBB@DBBBB@D@F@BA@ADC@AAA@CAACCAAA@@@ABCBCBCBA@C@A@CACAA@ACCCAEEGIIEEGEGEEA@AAAAGCQ@A@AHEBA@AAACEQRC@MGCGAC@@CCCAEAGIACCACAKEA@A@EBCBADAB@@A@ABC@EAG@A@GBCBA@ABIACACAA@IAA@A@A@GHCBEBE@CAEAAAEGAA@A@CA@EBCBCBCDCFCFADA@ABC@CBE@CBCDCFCBCBCDAD@DAJ@DBP@BADABADABEBGBEBGDCBC@AAC@C@A@ABAB@D@@AD@BBB@@B@B@BAB@@ADCB@@@B@@@BB@B@DAB@D@BAD@DAFEFADCH@F@BB@DB@@BFBD@@D@HBDBB@BBBBBAJCD@@@@B@DAD@BADABAB@BA@BD@B@@BB@DE@E@IA@BABABCBAD@BAB@B@B@D@B@B@B@B@B@B@D@BAB@BABA@@BABBB@D@BAH@BABA@@B@B@BFFBFBD@J@BBBDDB@B@BAB@B@DBBD@B@D@@BBBBJDDD@BBB@DADADAB@D@@AD@D@BAJBD@B@@BFBDBDAB@DAFAB@BC@@@ED@@A@KCE@C@ABCBCDAFADFRBH@@ABCBAB@@ABB@@D@BA@A@ABCBAB@D@B@BA@@@A@C@A@A@@BCDAD@@BBHB@@B@@@@B@@@B@DABADA@B@F@D@B@DDBDB@DBB@DBBBB@DBD@F@BBD@B@DB@@BBBBBBBBBBB@B@DBB@DBDDB@DBB@D@@@DBB@BBD@DBAB@B@BABA@A@@BA@A@AB@B@D@DADCD@BABA@ABADABEFADEBEBEDCBCBCD@B@D@@@BAD@DBB@@DBB@F@D@BBB@BDD@BBD@D@B@@B@BBBFFDD@B@BADAB@B@B@@CBC@A@@BA@@BABAD@B@B@B@BADABAB@BA@@BBB@@BB@B@@@B@BDD@B@@@@ABA@CBAB@@@BABABAB@BCBAD@@AB@@@BBB@@@@@@@BBB@B@F@BBB@BBDBB@B@@AB@@@B@BB@BBBBB@BB@@@B@B@@@B@@@B@BABEDABADBF@DABADCD@F@DBBBBBBB@BB@BBB@B@F@B@D@BBB@@B@BAB@DBBBBFHJDHHHBD@B@BABA@@BAB@BBD@DDFDFBBBD@B@B@@D@B@DAFAFAB@BBLDB@B@D@DAB@DC@@@@BABC@C@@B@@@B@@@BB@@@@B@@@B@@@B@@@B@@AB@@@B@@@@AB@@@@@BA@@@B@@B@BBDH@BA@AB@BBDDL@BABA@A@AB@BABAB@B@BDDDDBD@DA@ABABA@AB@@@@@BBBFDDBF@F@BBBFBJAD@DBJ@@ABABCAAAA@A@ABAB@@@B@DADAHCNADABBBBBFBDBFDBB@@DCBAFEDADAHAB@BCBCDCB@FAD@D@FALG@@D@JEL@L@LBDAHELEBABADADC@ADA@@@@D@FBJDDBD@F@JCJ@DBDBBB@D@BAB@B@B@@FHBBBF@@@@B@DAB@DAD@D@B@BC@C@@B@BBDDB@BB@ABA@@A@A@@@AA@A@A@AD@D@DA@@B@B@B@@A@A@@B@@@DBBBB@B@@@BBD@DAB@D@@@B@@B@D@@@BBBDBBBB@@B@BAB@B@F@BB@@@B@@B@@@DAB@BA@@BABABCBEFGHCDCFEFGJAHCD@DBDB@F@HBHDDF@FAFAFCBCDAD@B@BBD@@@@DDBDD@DBD@B@DADABAB@FBHD@@@@@B@BCDAD@BBBHFB@@B@@@B@@@@@BD@DBDBF@B@DADEB@B@BBDBHFD@H@F@D@B@F@B@@@B@DDFJ@B@@B@BAB@@ABGB@@@B@D@LFB@@@@A@@@CIACAAA@@BABA@@BA@@FAF@F@D@D@HDB@DC@@@AAAB@@A@AACECCEB@@AD@FBD@DBBDDDNBB@BCBCCCAIACAGAEBKDCFGDADCFCBADBB@BABABA@AB@B@BDDHFFBADCB@FAD@BBBD@FFDFBD@HCHGH@FCBB@ZDFBNFL@B@BCAC@A@@B@BBB@B@BADABAB@BBBD@JCDBDBBDD@BABM@AB@BCBGC@ABAD@@A@@EBA@CBADEDAFIBAD@BBBAAAD@BAFEHMB@BDFFBBDBD@@DDD@DBDB@DBD@D@F@D@F@D@BB@F@BBBB@PG@A@AAIBCDAD@H@FEHGHE@@BB@@@H@BBBLD@B@DAHBLDPAFBDBB@DBBB@@A@AD@DFDHDHDBDDBF@B@@ABABBBBBD@DC@CAAAACGAAAC@CAE@K@C@@@@DBDFDHBDFJTTHBD@BADCDEDCDCDAB@B@BBBBHDHDJFFDFBF@DBBDB@B@B@DCDCBG"],"encodeOffsets":[[103763,25968]]}}],"UTF8Encoding":true}