{"type":"FeatureCollection","features":[{"type":"Feature","id":"341103","properties":{"name":"南谯区","cp":[118.296955,32.329841],"childNum":1},"geometry":{"type":"Polygon","coordinates":["@@BC@CAE@CEE@CAE@CAEACEEAAGGAACAACAACCCCCCCCCGAEBC@EDGBCBE@CAECCAACECGAEACACACBEDEFEDAFEBEFE@CBE@C@CCGACECEBEDEFCDA@@@@@A@@@A@A@@@A@@A@A@@@AA@A@@A@@@@@A@A@@@@@@AA@@@AB@@@AABABAB@@A@@@@@AAA@A@@@AA@@@AAB@AA@@AB@AA@@AAAAA@A@@@AA@@@@AA@A@@@@A@@A@@A@@@A@@AABA@A@@@A@A@@@A@AA@@AA@A@@A@@AB@@CGL@H@J@JCFAFAFCFEFCDCDE@C@C@EAC@G@GBCD@@ABACC@AEGIIEEGIA@CC@AEICCA@AA@@ABA@ABCD@@CBA@A@AAAAA@AA@BA@AD@@A@A@AAC@AA@@ABA@ABABA@@@AAAACA@A@@BADCBCDABA@@@A@ABC@A@@@A@CBA@ABA@@B@FAB@DABA@ABA@EAECMAC@EBA@@BABAPIBABADEBADAHABA@@BABI@@@@AAGAA@A@EBGD@@@@@B@@@@B@FAB@@@DBB@@@@B@@AB@@IB@@A@CA@@A@A@CBCB@BGBQF@@C@A@EEA@@@C@@BAAAC@@A@A@@B@D@@@@@@C@A@@@@@@C@AA@A@@@CDA@AB@@BB@@B@BA@@DB@B@@@BC@C@@B@B@BDB@@@BAB@BB@BB@BAB@BGH@@@@BB@@AB@B@@ABCBA@@@@@BDA@ABCD@@E@CBC@CBCD@@A@A@A@A@A@@@B@BAB@B@BA@@BC@A@A@ABA@AB@HAB@@AB@BC@A@@@AA@C@GCA@M@@@AA@@@@ACBA@@DADAD@B@B@BBDF@@B@FBB@@@@@@@@EAE@A@A@AFEB@@A@A@@AA@@KCE@AAAA@@@A@@B@L@B@BA@@AE@@@A@@@@H@@@BAFCB@DBB@B@FAB@@ABA@CACBCAC@A@@BA@A@A@E@A@@D@BABADAB@@@BC@@CA@@@A@C@@BBB@@@BABAB@@@@@D@B@B@@@HC@@AA@@EABA@AAAAABA@C@@AA@@@A@A@ACE@AGEECAAAGAC@@BADA@A@ABA@A@A@ABABABBB@BBB@B@BAHCB@@@@@@AB@BCBADCBA@@@@@BB@@B@AB@@AB@BD@@B@@@@@@AB@B@@AB@@A@A@ABAB@D@FAB@FADADBB@FBHBBBDB@BB@@DCF@BABABABBB@@D@@@@@BDAB@B@@B@@@B@B@DB@@A@@B@@@B@@DAB@@B@D@BA@ABA@B@DD@@@@BB@@@@BDBB@AB@DCDAFA@B@@DB@@BBEDEHILBB@@B@B@B@DB@BBBBB@@DBB@BAD@D@@@DBBBB@B@BADA@A@@@ABADE@@BAB@B@B@FBB@BBBB@@@@@@C@@BEDEFA@@BAB@BCD@@@B@@@@BB@BBDABB@@B@B@BA@@BADA@@@AAA@AB@B@@@@@BBBBB@BHHDFFDBDBDAD@B@DBFAFABA@A@@@A@@BA@@BB@BB@B@HBB@@@B@@BD@B@@A@CBABA@A@A@@@@@@BBDBBBD@@CDAB@BAH@D@B@@ABCBA@AB@BDFDDB@@@B@@@BA@@F@B@LF@@D@@@B@@B@@@DBB@@BAD@FAF@DBFAHEHAHCHCFEFCBCDCDCFGDC@CCCGBGBEBE@CACAEC@E@C@CDCDCDCBEDEDEDEBCBE@CACCCCEAEAEBE@E@G@EAEAEAECCCCCCE@CBEBEBG@IACI@C@EBA@@BAB@@BB@@BBBB@BBBABABA@AAC@A@A@AB@BAB@H@@@BAFGB@@@B@DBD@B@BA@A@A@A@CAAA@C@C@A@A@@A@E@A@A@AAAAA@@BA@AB@DAHA@@BAB@@EBABAFGBA@C@ABCBAB@BANAB@@AFIB@B@B@@@B@BD@BBBB@@@HADAB@B@@B@D@BB@@BB@B@BA@@BA@A@@CE@@AA@ABA@@BAB@@@BBB@BB@BB@BBB@B@BAB@@A@A@A@A@AB@BA@@D@@BB@D@HABAD@B@B@B@B@@@B@F@BAF@B@B@DA@@D@F@BAFAA@@@@@AA@@@@@@@A@@@@@A@@AA@@@@@A@@@@@A@@@A@@@AB@@@@A@@@A@@AA@@@@AA@@@@CACAC@A@CAAAAA@@@A@CBCAMDE@AB@@ANc@@@ABA@@@A@@B@@@@@@A@@@@@A@@@@@@A@CBABCBABA@@AAA@AAA@AB@@ABAAA@@@AA@C@A@@A@A@@DE@CBABA@@DC@@@A@AA@@@C@ABA@A@C@EACAC@AAAAA@AAA@EBA@A@CAAA@A@A@A@ABAAA@@@AA@@@AAA@AA@@AACAAC@AAA@@A@A@@@A@@@A@C@@@CAAA@@AA@AA@@@A@A@@BA@A@@AA@@@@A@A@@AA@@A@C@AAA@AAA@AA@AA@@A@AA@@@A@AB@BA@@@A@@@@@@A@A@A@@AA@@A@G@C@A@EAAB@B@@A@AFADCDGJEHABAFCBCBADABCHGHCFA@ED@BA@@BAB@@A@@@AB@B@@@BB@@BCDADADCF@D@DFDDF@HAFEFADGFCBCDEBEBC@GDAH@JDFDFFD@DCDCBE@C@E@E@C@E@C@EBC@EBEBE@CBE@GDCBGBG@EAG@C@E@G@E@E@IBEBI@C@E@C@GAEAE@E@G@GAE@EBEBEBCBCDGBEDEDAFEFCDEHCHADE@CAEECEACACCEACACEACAEECECCG@EBEBCBGFEFEDIFCAEAEAGBEBEBEBE@G@C@GAE@IBAFCDADCDCBEDEBC@E@KAI@E@EAG@E@EBIBC@GBEBIBEBC@EAE@CAG@E@EBEBC@CBEBCBEDABEBCBEBEBIBCBG@CBE@E@C@E@GAC@G@G@C@E@C@GAC@EAGAEAECCCCCACCCAGCEAEAEACAG@EBAFGDC@CCCCAE@EAEAC@CAIAC@CBGBCBCDEBEBCBIDC@C@C@E@EAGAC@GAECG@ADCFCBADAFADCFEDCDCDGDEBC@IDDD@DDDFDBBDDHDH@F@F@D@F@D@DBDBHBH@FADBBD@DAFAD@FADBH@JBF@HBFBFBFBF@DBFBDBDDDF@FBFAFBFBBDDFBBFFHFHFFDDDDFDBBHDFBH@H@FBFBF@FCFBFBFBDDFDFFFFFFBFFJDD@JCF@J@D@H@DDHDDDDDDD@FDFDDBDBDHBDFDDBDDDDDFDDBDDDDFBFDFBDBFDHDFDDDDDFFDD@F@F@F@F@F@F@H@HAFBF@D@FBDBJ@DDBJBDAF@FAHAH@HAHAD@H@F@F@H@J@F@JBFBDDFD@B@@@@BBBBB@BAB@B@B@BA@@BAB@@@@BB@B@B@FAD@B@BB@@BB@@D@@@BA@A@@B@@BB@B@B@@@DDB@@@B@@C@@BA@@BB@@@@BBA@@DB@@@@@B@BC@@@@@A@AAAA@@A@@@@BA@AB@@AB@@B@@@BBB@@B@@@@ABA@@B@@@B@B@D@@@B@B@B@B@@@@A@@@@AA@ABA@@@@B@@@B@@@BBBBD@B@@A@@@A@@@AB@BAB@@@DHDDFBDBD@HEFCDCJCH@FAFCDCFEDEBCBCBCFAFAF@FBFBDBLDDDHDDDDDBFBDFFJBDBDCBADADEBA@@BD@DBBBBABCD@@AB@D@DBDBB@D@B@D@B@BBD@B@@CBA@@@@B@B@@@@@BBDDBF@D@H@H@@@@B@@DBBBB@@B@@@@@BA@@BA@AA@@A@A@@BABB@@DBB@@BBDABBBDDHDHBJBH@D@FBF@JBFDLDHDHDFDHFJFHDFFJFJFJFHDFDB@@BDDHBDBFDDHFDDBCDGDCD@FADADADADAN@N@"],"encodeOffsets":[[121212,33380]]}}],"UTF8Encoding":true}