{"type":"FeatureCollection","features":[{"type":"Feature","id":"340223","properties":{"name":"南陵县","cp":[118.337104,30.919638],"childNum":1},"geometry":{"type":"Polygon","coordinates":["@@j@DABABA@A@A@AEGQOGKJ@TANCHIDE@Q]SEECGDGFIHAJ@HAEO@GHEFGAGBKHMD@FHFPFNFAJMFKFGBL@RDDPH`FFCHO@IOSIUFCDAL]@IAKCGAAGCIAKAEAKAGCAGBE@GDGBEGAKAIGCCACBEBCFAHAHALEBIBGBK@EBI@EBG@CHA@AFK@@@ABA@@DCB@BCBADADCDCHCBADEBE@A@C@AACAACEECGAEACAAACACCAAAAAA@A@A@AFGBC@A@E@@@A@CAAAAACA@AACAAA@@C@A@CB@B@BABC@A@A@C@A@AA@@A@@A@@@ABC@ABABA@AB@BBB@D@@AHABA@@@CAE@AAAAAA@AA@ACE@@@@BABBD@BBDDDF@BB@B@B@B@BA@@BA@A@@@ABA@@B@BAD@@@BBB@@@@A@@@A@A@@AAAAA@AA@@C@@A@@@A@@@@@AB@@AB@A@@@@AAB@@EA@@AGDA@@@A@@@AAA@@A@A@C@@@GCEE@AAA@A@A@A@ADEDC@EB@B@D@@@B@B@@@B@B@B@DAFCBA@@@@@ABABABCB@@A@@BAA@@@BABA@@B@@@@A@A@@@@@CCC@AB@BDB@@@@B@@@BB@@@@@@@BB@@B@@ACA@A@A@@B@@@@@A@A@AA@A@@@@AA@@@B@@A@A@A@@@AAAA@@CC@A@@AB@@AC@AIEGCACACAEAEAO@MEDGFMFI@KFGDHXADADEFGHMEOCMLGNCJV@FDHDBBALCFEHCFEFEHCDEDSHM@KCI@GAK@E@EAMBOAMGGEIKEGKCICIAKCEAA@BAA@AAB@AA@@AA@@A@@@@AAA@@@A@AA@@@AA@@@A@A@@A@A@@@AA@@@@A@@@A@@C@@@@@ABA@@@@@A@ADA@AB@@@BABA@@@C@A@A@@A@@@@BA@@@AB@@@BA@@@CD@@A@A@@B@@@@AAA@A@AA@@@A@@@@@ABC@@@CB@B@@@@@@@DA@@B@@A@AB@B@BA@@D@@A@@B@@@B@@A@A@A@@B@@A@A@@@A@@@@A@@B@@A@@@@@A@@@A@@B@@@@ABCB@@@BC@A@AB@@@A@@@A@@@A@@@A@CAA@@@C@A@@@@DADA@AA@AAA@A@@A@@@@AAA@@AA@A@A@A@CG@E@IAECECEGEGEKCEE@EHGJCFCDCHEFEDEBEFEFAJAFEDCDAGIAACAEAEBG@CBE@IDEF@DCDCFEBEBGBG@GAGACCCACCGAECIAG@EBEDCBCDGBE@GAGEGCICGCG@GAECEAGAGCGAA@@@@@GAGGGKEGCECGEICEGCEECCEAEGGAICEAKAGAECGCEAI@AFAF@HDJFJDDDFFJFHFFFJHJFH@LBHAHAHEHEFGFEJEJKJEFIFGBMDGBKDGDKHMHEBIFEFCHGFEDGDEBCBGBGBI@KBIBGBK@CBEDCHCJEDCDKBI@G@ED@DDFFHFHFHLLJLDF@HAFEDCFGHJHJHHFJDHDFDDBLBBABADE@CBEBEFEDCF@JAD@@AB@BBD@@@B@@@BBBA@AB@@@@@BF@@AB@BB@AB@@@B@B@B@@@@BAB@BB@@B@@@BB@@BB@@BB@@@@@BA@A@@@@@A@@@A@A@@@A@@BA@@@AB@AAB@BB@@@@@B@@@@B@@BB@@@@D@BBB@@@@@@DBDBDDBFDHDFADAHAHADAJAF@FBBDFFFFDHHFHFHDHDHDFDJFHDHBHDHBHBH@H@F@DAD@HAFBDBDDBD@FAHEDELEDALAF@FDJBFDDBDBFBF@FAJAHFDFDHFJFLHPDPPJFFDDBAFAFAFCHAFCJ@D@JBHDHFDHFH@JCJCHKDCBEBAHCJEHGHCF@JBDFDHJJHFFCFADCFCFEFGFEBEFEHELEFCLAJAJAHBLBLBHBJDJBFBFDFBHFBFDRBB@B@BB@DBBBBB@BBDDH@B@B@BABABGFGFEFCB@B@DABBDBNDPBN@J@FAR@PAJ@B@DBB@DBBBBABBB@D@BBDBDBB@D@B@DCDABAFAFAHAJ@D@DBBFDBDBDBBHFHFFDBCBC@ADAB@BAD@BBFDBBDF@DBBBBFHBBB@@@@@@@BBB@BBDBB@@AB@B@@@B@@BFDBBBB@BBB@@B@"],"encodeOffsets":[[121254,31925]]}}],"UTF8Encoding":true}