{"type":"FeatureCollection","features":[{"type":"Feature","id":"340506","properties":{"name":"博望区","cp":[118.843742,31.562321],"childNum":2},"geometry":{"type":"MultiPolygon","coordinates":[["@@@@@A@@@@@@@A@@A@@@@A@@@@@@@A@@@@@@@A@@@@@@@A@@@A@@@A@@@A@@@A@@@@@AA@@A@@@A@@@A@@@A@@@A@@@@@A@@@A@@AA@@@@uLBFFHFFDFDBBBdC"],["@@@B@BERADADADA@E@@@@B@@@B@BBJ@BBB@BFCDC@A@ADA@ABA@@D@B@BAB@AACAA@@@@@I@@ABA@@@BBA@@B@@@B@BAB@DBBBB@@B@@@@DBBBFBH@BBBD@F@B@BB@@DBBB@BA@@B@BB@@@B@B@@@@BBB@BC@@D@B@BBB@BAD@DBB@DAD@BBDBBBFJD@D@@BB@B@BAB@@@B@@BBB@B@@@@@B@B@B@@BB@@@BCF@B@B@DB@@A@@B@@@@@B@@@@@B@@A@@B@@@@AB@@@@AB@@@@AB@@@B@@AB@@@@@B@@@@@B@@@B@@@@@B@@@@@B@@@@@B@@@@@B@@@@@B@@@@@B@@@@@B@@@@@B@@@@@@AB@@@B@@@B@B@@@B@@@@@B@@@B@@@B@@@@A@@B@@@@@@@B@@@@@BA@@@@B@@@@@@@B@@@@AB@@@@@@@B@@@@@@@BA@@@@@@B@@@@@B@@@B@@@@@B@B@@@@@B@@B@@@@B@@@BB@@@@@@B@@B@@B@@@@@B@@BB@@@B@@@B@@@BA@@@@B@@@@@B@@@@@B@@A@@@@B@@@@@@@B@@@@@B@@@@@@BB@@@@@B@@@@@@BB@@@@@@@B@@@@BB@@@@@@@BB@@@@B@@@@@B@@@B@@A@@@@B@@@BA@@@@B@@@@@BA@@@@@A@@@A@@@@@A@@@@@@@@@A@@@A@@@@B@@A@@@@@@@A@@@@@@@A@@@@@A@@B@@@@A@@@@@@@A@@@@@A@@@@@@B@@@B@@@B@@@@@B@B@@@@@B@@@@@@B@@@@@@@B@@@@@@@B@@@@@@@B@@B@@@@@@@BB@B@@BB@@B@@@@@@A@@B@@@B@@@BB@@B@@A@@@@@A@@@@B@@@@@@@@@@B@@@@B@@@@@B@@@@@@@@@BB@@@@@@@@@B@@@@@@AB@@@@BB@@@@@B@@@B@@@B@@@@B@@@BB@@@@@@BB@@@@@@@B@@@@AB@@@B@@@@@@@@@B@@@@@B@@@@@@B@@@@@BB@@BB@@@@@@AB@@@@@@@@@@A@@@@@@@@B@@@@@BBB@@B@BBB@@BB@@@ABB@@@@@@B@@B@A@@B@@@@@@AF@D@@BB@@@B@@@@@B@@@@@B@@@@@@@B@@@@@@@B@@@@@@BB@@@@@@BB@@@@@@BB@@@@@@BB@@@@@@@B@@@@@B@@@BA@B@@B@@@@B@@@@BB@@@@@B@@@B@@@B@@@B@@@@@B@B@@B@@B@@@@BB@@@B@@B@@B@@@B@@@@@B@@@@A@@B@@@@@@@B@@@@@BA@@@@@@B@@@B@@@@@BA@@@@BB@@@@@@BB@@@@@@B@@B@@@@B@@B@@@@B@@@@BB@@@@@@@B@@@B@@@@@BA@@B@@@@@BA@@@@B@@@@@@AB@@@@@@A@@B@@@@@@A@@B@@@@@@A@@B@@@@@@A@@B@@@@A@@B@@@@@BA@@@@BA@@@@B@@@@AB@@@B@@@B@B@@@B@@@@AB@@@B@@@@AB@@@B@@@@AB@@@@@@A@@BA@@@@AA@@A@@A@@A@@A@@@@AA@@@@AA@@@@@AA@@@@AA@@@@@@AA@@@A@@@@@A@@@A@@A@@A@@@A@@@@@A@@@@AA@@@A@@@@@A@@A@@@@@@@A@@@@B@@A@@@@@A@@@@@A@@@@@@BA@@@@B@@@@@@AB@@@@@@@@@BA@@@@@@B@@@@A@@@@BA@@@@@A@@@@@A@@@@@@@@AA@@@A@@AAB@@@@A@@@@@A@@B@@@@AB@@@@AB@@@@@BA@@@@@@@A@@@A@@@@@@@A@@@@@@@A@@@@A@@A@@@@@A@@A@@A@@@@@AB@@@B@@@B@@@B@@@BA@@B@@@@A@@@@B@@A@@B@@@@A@@B@@@@A@@@@BA@@@@@AB@@@@A@@@AB@@@@A@@B@@@@AB@@@B@@@B@@@@@B@@@@@B@@@B@@@@@B@@@B@@@@@B@@@@@B@@@@@BBB@@@@@B@@@BB@@@@B@@@@@@BB@@@@@@@BB@@@@@@@@BB@@@@@B@@AB@@@@@B@@@B@@@B@@@@@@B@BB@@B@@@@@B@@@B@@@B@@@B@@@B@@@@@B@@@B@@@BB@@B@@@B@@@@@B@@@B@@@B@@@BA@@B@@@B@@@B@@@BA@@B@@@B@@A@@B@@@B@@AB@@@@A@@B@@A@@B@@@@@B@@@B@@@@@B@@@B@@@B@@@B@@@@@B@@@B@@@B@@@B@@@@@B@@@BA@@@@@A@@B@@A@@@@BA@@@@@A@@B@@A@@@A@@BA@@@@@A@@BA@@@@B@@@BA@@@@BA@@@@B@@@@AB@@@@@@A@@@@@A@@@A@@B@@@@A@@@@@A@@@@@A@@@@@A@@@A@@@@@@@AB@@@@A@@@A@@@@@@@A@@@@@A@@@@A@@A@@A@@@@@A@@A@@A@@@@@A@@A@@A@@@@@A@@@AA@@@@A@@@@A@@@A@@@@B@@AB@@@B@@@B@@AB@@@B@@@B@@@B@@@B@B@@@B@@@B@@@B@@@B@@@@@B@@A@@B@@@@A@@@A@@@@AA@@@A@@@@@A@@@@@AA@@@@A@@@A@@A@@A@@@A@@@@AA@@@@@A@@@@@A@@@@@A@@@@@@@A@@@@@@@A@@@@@A@@@@BA@@@A@@B@@A@@@@BA@@@@B@@A@@@@B@@AB@@@@@@AB@@@BA@@@@@@BA@@@@AA@@@@@@@AA@@@@A@@A@@A@@@@@AA@@@@@@A@@A@@A@@@@AA@@@@@A@@@A@@A@@A@@@A@@@A@@@@@A@@@A@@@A@@@@@A@@@A@@@@@A@@@@@@@A@@@@@@@A@@@@@A@@@A@@@@AA@@@@@A@@@AA@@@@A@@@@@A@@@@@A@@@@@@@A@@@@@A@@@@@@@A@@@@@@@A@@@@@A@@@@B@@@B@@BB@@@@@B@@@B@@@@@B@@@B@@@@@B@@@BA@@@@B@@@@@B@@A@@@@BA@@@A@@B@@A@@@@@@@A@@@@@@@A@@@@@@@@@A@@@@@@@A@@@@@@@A@@@@@@@A@@@@@@@A@@@@@@@A@@@@@@@@@A@@@@@@cDDBBB@DABCBE@C@GCCACCCECCEECEAC@AAEBABADAH@FDBDvK@A@@@A@@@@@A@@@A@@@@@A@@AA@@@@@A@@@A@@@@AA@@@A@@@@@A@@@AA@@@@A@@@A@@@A@@A@@A@@@A@@@@@A@@AA@@@@@A@@@A@@@AA@@@@A@@@A@@A@@A@@@@@A@@AA@@@@@A@@A@@A@@@A@@@@AA@@@@@A@@AA@@@@@A@@@AA@@@@A@@@@@AA@@A@@@@@A@@@A@@A@@A@@@A@@@A@@@@@AA@@@@A@@@A@@@A@@@@@AA@@A@@@A@@@@@A@@@A@@A@CTEVEXCB[BwASFMDODGAGAMDMFEBCEECE@OJOFI@EACBAFCFCDSNaXYPGDEAGCGCEAIBIAG@I@MBIDGBABBPBHFL@DADIP@DBDLHAB@DGHMLIFGHKBUNIBG@ECEA"]],"encodeOffsets":[[[121740,32276]],[[121438,32353]]]}}],"UTF8Encoding":true}