{"type":"FeatureCollection","features":[{"type":"Feature","id":"532322","properties":{"name":"双柏县","cp":[101.63824,24.685094],"childNum":1},"geometry":{"type":"Polygon","coordinates":["@@@A@AAA@A@A@AAA@A@A@A@ABA@ABA@@@ABA@@@A@A@A@A@C@A@AB@@CB@@AB@@ABAB@BA@@@A@@BA@A@@B@B@DA@C@CAAA@@@@AAAAA@A@AAA@A@A@@@ABA@@B@@@B@@@@A@AAA@AAAA@A@A@A@AB@@@@A@AAA@@@@@BAB@BA@@@A@@@@@@@@@@@@A@@AA@@ACG@@@@AA@@ABAD@@A@A@@BA@@B@@A@A@@@C@@AA@AA@@@A@@@A@@@AA@@AAA@@@ABA@A@A@C@A@A@AAA@@AA@@@A@A@C@A@ACAAA@AAAAAAAA@AC@@AA@@@@@A@AAA@@AAA@@@C@@@A@@@A@@BAB@D@BABA@@@@@AAA@A@CACAA@@A@C@@@AA@@AA@@A@@A@A@A@@AA@@AAA@@@@AAAAA@@A@@A@@@AA@@A@@A@@@@@AB@@A@@@A@AAA@A@AA@@A@@AAB@@A@@@@@A@@A@@@@@A@@@A@@@@@@@@AA@BA@A@@@A@@@A@@@AA@@A@@@@BA@A@@@A@@@@@@@A@@ABA@@@@@AA@@@@A@A@A@@@A@@@AA@@@@@@@AB@@A@@@AB@@AB@@@@A@@B@@AAA@A@AAA@AAA@@AA@@@@@ABA@@@@@ABA@@@@@A@@@@@A@@@@BA@@@A@A@@@@@A@@@AAA@AAA@A@A@A@@AA@@@@@AB@@A@@BBB@F@BAB@@@B@B@@@B@B@BA@AB@@@B@@@@A@E@A@@@ABAB@BA@AB@@A@@BA@@@@@A@@B@DAA@@@A@C@CBABCBA@A@C@AAA@@A@ABCBE@@BCDA@CACAAAAA@AAAC@A@@@@B@F@@@B@@BB@B@DB@@B@D@@@@@B@@@B@@@BAA@@AAACAACCAEA@AAE@AE@BDADABA@CA@I@EECACEOCAAACDIDIEGIMUCABAD@B@B@BA@@BAAA@@@A@@@A@AAC@A@A@ABAFCFCF@F@D@BB@B@BANAL@@@BBB@@BDB@B@BAJEHADADA@@@A@@AEIIAA@C@ABADC@AB@D@HBDB@AB@@A@A@@@A@A@A@@@ABAA@@A@A@@@ABABABA@A@ABCAA@A@A@@@AB@@AB@BA@A@A@@@@AA@@@A@A@@C@@AA@@@AA@@A@@@AA@@ABA@@A@@A@AA@@A@@A@@A@@@@@A@A@@@A@@AA@AEACC@C@ABA@ABAAC@A@ABADABEB@@A@A@@BAAA@AA@@A@@A@@A@@@CBA@@@AB@AA@CGEECAGCAAAC@@DAFADAHC@@B@@@AA@@A@AACAA@@@@AB@@@DBB@@@@AAE@A@@B@@@BB@B@BB@@B@B@BB@B@B@BA@@DG@AFEDIBG@EACCEC@CCCC@EDGFE@AB@B@B@DB@B@ABABA@@BA@ADC@CBA@@BC@C@@ACAE@@@A@ABA@@@@AA@A@@B@@AB@@@BA@@@A@@@A@A@@@AB@D@@A@@@@AA@@@@@A@@@@@A@@@@@@BA@A@@B@@@BBBB@B@@A@@@BB@B@B@@@@@@@@BA@A@@@@@AB@@@@A@@@@@@A@@@@@@AB@@A@@@A@@@A@@@@@@@@@BDBBB@BB@D@@@B@B@@ABBB@BB@BB@@@@@@@B@@@@@BA@@B@BA@@BC@C@A@@BCBABCBA@@@ACA@@AA@A@@@AB@B@D@BABA@@A@@AA@@AA@@@CBA@A@A@@AAAAC@@@@@A@@B@@BBBBB@BB@@AB@@A@A@AA@@@A@@ACA@A@@@@@@B@DD@@B@@A@@@A@AC@@A@@@@@AB@B@BBDDBBB@@@B@@A@A@@@@BAB@D@F@@@D@B@B@DADAFGB@@@B@B@B@B@B@BBBBDBDB@B@@D@B@@@D@F@BB@@DD@B@BAB@B@BB@DB@BF@DBB@B@F@D@D@B@BA@A@@@@AAAA@@@@@AA@@A@A@A@@AA@A@A@A@@@@@AA@@A@@CA@@A@AA@AAA@@AA@A@A@A@@@AB@@@@A@A@@@ABC@@@A@AB@@A@@BA@@BA@@BA@@BA@@BA@@B@@@@@B@BA@@@@@A@A@@BAB@@AB@@@@@BCB@@A@A@A@@@@AA@@@A@@A@@AA@@@@@A@AACA@@AA@@@@@A@@B@AC@@@@@AAAA@@AA@@A@@@AA@@A@AA@AC@@CEBMBABAD@BBD@RDB@FADA@AB@@ABA@ABABA@A@ABC@A@A@C@C@AAC@C@A@A@AB@@A@AB@@A@A@@AA@@@A@@@@@AB@@AB@@AB@@A@A@@@A@@A@A@@A@@AAAA@@CAA@A@A@A@AAA@@@@@@A@A@A@@AAAC@AA@AA@AA@AA@@A@A@A@A@@@A@A@@@A@A@@@@AA@@A@@AA@@@AB@@A@AB@DAB@B@@AB@BABABA@@@AAAAA@AAA@@A@AAA@@@AA@@@A@@@@@@B@@@BA@@@@AA@@@A@C@A@A@@AA@@AA@A@A@@@AB@@@@A@AAA@A@@@AAA@AAA@A@C@@@E@C@A@CAA@@AAAC@@@@@@AA@A@AAACCC@AA@@CAAAA@AACA@@ECA@C@A@@AA@@AAA@AAAACA@AAA@AAAA@A@AA@@A@@AAA@CAA@@@A@A@A@ABABABGD@@C@A@CACAA@@AA@@@AA@@@AACCCA@@AA@CAA@C@@@@AA@@@@AAA@@@AAA@@@A@A@@@A@A@@AAA@@AA@A@A@@BA@@B@BA@CFABAB@@A@ABC@CBE@C@C@CAA@CA@@AA@A@C@ABA@ABA@@@A@@@AC@C@E@C@C@A@AACAB@@A@@@CBCBAFAB@@@@AA@GCC@CBEDCDAB@BAB@@AB@BA@@BAA@@A@@A@@AA@@AAAAAA@AA@A@AAA@@@CBA@C@@BA@AB@@@B@@AB@@@@AB@@A@A@A@AAA@@ACA@@AAC@CACACAA@AAA@A@A@@@ABEDA@C@@@A@@@AA@CAC@CAAAAA@A@@@AB@@@@A@@@@B@@@B@@@@BBB@@BB@BB@@@@BB@B@@@B@@@BBB@@@B@B@@@D@B@@A@ABA@CAA@@AAAAAAA@AAAAAAAC@A@A@@@A@ED@@CB@B@@@B@@@B@BB@@BBB@BBB@@@B@BBB@@@B@@AF@@AB@@@@A@ABA@A@A@CACAA@@@A@@@@@A@@B@@@@@B@@@@@@@B@BBB@BB@@BB@B@@BB@B@BBD@@BB@BD@@@B@@AB@@A@@B@@@B@@AB@B@BABB@@@@BBDFFDBPHDBBBBBBV@B@@E@K@E@E@CBGDGFABAACACGAO@AAAC@A@AACC@AAABA@ABC@ABC@A@@AAA@A@C@ABABC@@BABA@@@A@A@C@AAA@A@A@A@A@@B@@A@@B@F@BBB@@BB@@B@@@@@@@B@@B@@@B@B@@@B@BABABAB@@AB@@A@@B@@@@@B@@ABA@A@@@A@@@@BABABCD@BA@@D@B@@A@A@ABA@ABA@A@@@A@@@AB@@@@@B@@AB@BA@@@A@@@C@@@AA@A@A@@A@@@@@A@A@A@@@@BA@@B@@@@@B@@@@@B@@A@@BA@@@@BAB@@@BA@@@A@@@A@@@A@@@A@AA@@A@@@@@A@@@@B@@@@AB@@@@@B@BB@@@@B@@@BA@@@A@A@A@A@ABA@A@@@AA@@A@@@ABA@A@@@CB@@ABA@CBA@@BA@@@A@@B@@@@@BA@AB@@@@@@@B@@ABA@@@@@AB@@ABA@A@A@A@A@AA@@A@@BA@@BA@@BAB@@@@@B@BB@@BB@@@B@BB@@@@@@@@BD@@@B@@@@ABCB@@A@@@A@A@C@AB@@A@AB@B@@@@@@BB@@BBB@@B@@@@AB@@AD@@ABA@AB@@A@@@CA@@A@@@A@@@A@@B@@@@@@@B@@@B@@@@@B@@CB@@@B@@@@@BAB@@@BA@ADA@A@@@@@AB@@@BA@@@A@A@@BAA@@A@@AA@@@EA@@A@A@@@AAAA@@A@AAA@@A@@A@@AAAA@@@A@@@AA@@@AA@@AACAAAA@AA@ACAAAA@A@@@AAC@@@@CCC@@A@@@A@@@@@A@@ACAA@AAA@@A@@@AA@A@AAC@A@@@A@@@AAA@@@AAA@@@@@A@A@@@A@@@A@AB@AA@C@@AA@@A@AAA@@AA@@C@AAA@A@@AA@A@@CA@AA@@@A@@A@@@@AA@@@@@A@@@@@A@@AAAA@@A@@AA@@@AAA@AA@AAAAAAACCACAAAC@@AAAAAAAAAA@A@A@A@AA@CEAAAC@@@AAA@@AA@A@@AA@AAA@CAA@@AA@A@AA@@A@AA@@A@A@A@AAA@A@A@@@A@@BAAC@@@A@@A@@@AAAA@@@A@AA@@AAACA@@AAA@@@A@@BA@A@A@AA@@A@E@AAA@A@A@A@AAAA@@CAEC@@@AA@@A@A@@A@A@AAA@A@AB@@@B@BA@ABA@AA@AAA@AAA@AC@A@CA@AA@@AAA@AA@A@@@CBA@A@A@@@AA@AA@A@A@C@A@A@@@CAACAACACAA@CBAAA@CBC@@@AB@@A@@BCB@B@BA@@BCFAB@BA@A@AAA@AAACAAAAA@@BBB@B@DABADADCBAB@BA@CBAB@BAB@B@B@@@BB@DBBDDB@@@B@BAB@DABABCBCBAB@B@@BBBDBBBDDD@B@@@B@D@B@BAB@DABABA@@B@B@B@@@BCBABC@CBC@CB@@@D@@@BBBBB@B@B@BAD@BBD@D@B@B@@ABABABABABAB@@AB@D@DAD@BAD@B@D@@@B@D@BA@@BABCFABCFADAD@D@DBB@B@B@D@@ABADABAD@B@BAB@B@D@B@B@D@D@HADABAFAB@B@BBB@BDD@DBB@B@B@BCBEDABCDABCBCD@@EB@@CBA@ABA@ABABC@ABA@A@A@AAA@A@A@C@A@CBA@ABA@@BAD@DAB@BABABCB@DABABCBA@ABA@@B@B@@BD@BBF@DCC@@A@@@AAAAAAAAAAAAAAACAAACAAAAACAA@CAAAC@AAA@A@C@A@A@A@ABA@ABCBABABC@AB@BA@GBECIAK@E@A@AAA@AAC@AAA@@A@AAA@A@A@A@C@A@C@A@A@CAA@AA@AAA@@AACC@C@ABC@ABAAA@AA@C@GBA@CAC@CAC@C@C@@@A@A@@A@AAA@AACAA@AAAAAAA@AA@AAC@AAA@C@A@CAC@A@A@A@C@AAA@CAA@AAC@A@AA@@C@A@A@@@A@ABA@ABA@ABA@A@@@A@@AA@AAAAACAA@A@A@@@ABA@CB@@ABAB@@A@A@@AA@@A@A@C@A@A@C@C@C@A@A@@A@@@A@@BABABCBA@A@A@@@AA@@@AAA@@@AA@@AA@A@A@A@@@ACBU@MDEBSPKNEFQRIFONSLYJSFM@ILCTAHGPEHKLKHGD[hAFMPYVOLEBEDCDGHCDGBABAB@B@B@B@BBD@@@DEDADAFABBD@JAFCDABC@C@EBA@ADAD@BDBFFBFBBFFFB@@BB@D@@BBB@@@D@JGB@B@@B@BIR@B@@B@F@NAF@@@BBBBBBB@BB@BB@B@BBBBBB@BBD@B@@@BBB@D@@@BBB@@BD@@B@BB@B@@BB@@@DBB@@B@@@BB@@DBBB@B@B@BB@BB@@AB@@BB@@BB@@BBDBB@@B@BB@B@B@B@@BBBB@@@@B@@@B@@DB@@BB@@@BB@@@BB@@@@BB@@B@@@@@@BB@@BB@@@BB@B@@DA@@BBB@BA@@B@B@@B@@@BB@B@D@BBB@FAB@@A@@B@@AD@BAB@@AB@@@DB@@B@@BB@BB@BBDFBBDD@BBB@@@BADCBAHAD@B@DBD@D@D@BABA@A@C@C@@BADEHGBAB@@@BBB@FCDC@A@ACA@AA@AA@A@CDADABA@AAC@A@ABAD@B@DBBAHABAD@B@B@D@BBDDDDD@FBD@H@DADABABC@AAI@CBCDEDE@CFEDADABADBBAFCD@BBFBFDD@LDLDFFHDD@BBBDBFBDDDBDBDAD@DCHAF@DBFBBBDFBB@FBF@B@FCB@@@@D@@BB@@B@BD@@@B@@@@BB@BBB@B@BBB@B@B@B@DB@@B@@BD@B@@@B@BB@@@@@@BBB@@@BBBB@@JB@@BB@B@D@@@BCBABABCB@B@D@D@FBF@DBD@D@DAB@D@B@DBFDLHHBF@F@D@F@D@BAB@@BB@DFB@B@J@TGDAB@B@DBD@JHDDDDBBB@D@B@BB@B@BBBDFHDDDFBDBDBDBFFFDDBFBRBHBD@D@@@BAB@B@@B@B@BA@CBA@AB@BB@DDBBBL@B@DCB@B@DABCBA@A@AAEAAAA@@@A@CFE@CBCB@@EAABA@@BABCDEFAB@D@DAD@BA@ABC@C@C@A@ADA@AB@@CFAD@BC@ABA@IAA@@B@@BF@B@BA@A@C@A@@BAD@D@DBBDD@DBB@BCDAHAD@BC@AB@@CDABCBGBA@A@A@@AA@ABCBA@@BA@A@A@@@AB@BBD@@BBBBJ@DBJ@HCF@FAFBB@FAH@DAH@H@B@DBDBDBBBB@D@B@D@B@DBBBHFDDBDBDBD@FBF@HAFCFEFC@CBA@AB@BBD@@FDDBDBDBBBB@F@F@NAJ@NALBDBBBDH@BA@A@ABABABA@@B@B@@@@A@@BA@AB@@@D@BABA@@@@B@BABABCFCHCLCH@B@DBD@@@BABGFCB@B@B@@B@D@H@H@BAB@BABAD@JEB@@C@CAC@AB@@@D@F@JBD@HDD@DBBAB@DADABA@A@A@A@ABA@AB@B@B@B@B@B@B@BAB@BCBABCBCB@DDHH@BBFB@BBDAB@B@B@@@BAB@BBB@@@@B@BABABCBAB@B@B@@@@@BFDDBB@DFFDDDB@B@B@@@D@B@@@@A@A@@@ABAB@DAD@B@B@ANABCH@F@F@B@@DDBBADB@BABCBABADBDFB@@B@@AD@BCB@BD@BBFFB@@@D@DABBFD@@BD@@ABFDBB@@D@B@B@D@JGJEJK@C@CB@BAB@D@DCFAFCHAFADABC@EBEFGBCBABBFBRFHDBBDFDFBBFBFBHAF@FCDAD@D@@A@A@ACE@EBGB@B@D@@@BB@@B@@@B@@@B@@@B@@@@@@@B@@AB@@@@@BB@@B@BBB@@@@B@@B@@B@@@@B@BA@@@AB@@BB@@@BB@@B@@A@@B@@B@@@@@@@@@BB@B@@BB@@BBB@B@@BB@@B@@@B@@@@@AB@@@B@@@B@@@BB@BD@@BB@@@@BA@@@@B@@@B@@B@@BB@@B@@@@@@@@@@B@@C@@B@@@@@@@@BB@@@@@B@@@@BB@@@@B@B@@@@@B@@B@@@BBB@@@@BB@BB@@BBB@@@BB@@@B@B@@@@@B@@B@@@BB@@BB@B@@@@B@DGJ@@@BDBD@F@BA@ABG@AB@BA@BB@@@@@B@@@BB@@BB@@B@B@@BB@@BB@@BB@BB@B@@@BB@@@B@D@B@D@@@BA@A@ACGBAB@F@TAB@BBHLDBD@FFHNFHJRHPJKBA@CAC@A@@D@HAD@DAJ@LBF@LBJBDBB@BBBBDF@BAF@FBFDJBFB@BBB@BADEBCB@@@D@BDFPDDF@B@BADGD@HFABDBDBBBDCDCFAFAFADAFCB@F@B@@@@BBB@BBBFBDBDBDFBBDHBFBFAF@DBBB@B@DBF@DAHABAD@F@F@F@D@B@B@F@LAJ@JEJCFIDCFGDIBCDG@E@@"],"encodeOffsets":[[104447,25468]]}}],"UTF8Encoding":true}