{"type":"FeatureCollection","features":[{"type":"Feature","id":"341504","properties":{"name":"叶集区","cp":[115.913594,31.84768],"childNum":1},"geometry":{"type":"Polygon","coordinates":["@@FJN^@DFR@BCH@BCDAF@DBB@DABGHEDAH@J@@@@BHFFDHFVJJDL@DADAD@BBBDHDBB@DADA@@BBBABA@@A@@AB@B@@@B@@@@AA@@ABA@B@@BB@@B@@A@@@A@A@@B@@@@@@B@@@B@@B@@@@@@AA@B@@A@@B@A@AA@@@@@A@A@@AA@@@@B@@@@@@BB@@@B@@A@@@@@AA@@AB@@@B@D@@@@AB@@@BA@B@@@@B@@B@@@@@@F@B@@@@B@@@@@B@B@@A@@B@@@@@@@@B@@@B@@@@B@@@B@@B@@@B@@@BB@@@ABB@@@@@@@@BB@@@@B@@BBA@BBA@@BAB@B@@BB@@B@@BB@@@AB@@B@@B@@@@@BA@A@ABA@@DABAB@DC@@@A@AAA@C@AAA@A@ABAB@B@B@B@D@@@@@@B@@AB@@@B@@BDB@@@@@AB@@@B@@@@BB@@@@B@@@@BBAB@@@@@BAB@@@B@@@@@@@B@@@@@AC@@@A@@B@B@@@@@@@@AAA@@@A@@@@@@AA@@@@@AF@B@@AA@@@@A@@B@@@@A@@@@AC@AB@BABA@@B@@AB@B@@@BB@@@BB@@BB@@A@@@AB@@A@A@@@@@AB@@@@A@@@@@AFABBB@B@@B@@BB@@B@D@B@BB@DB@@@@B@@@B@@@@@BB@AB@@BB@@@AB@BA@@B@@@@@B@B@B@BDB@B@@@B@@@@@@A@@@A@A@@FA@@D@@@BB@BB@@B@@@@BB@@B@@B@@B@@B@@@DB@@B@@@BA@@@@@@@@BB@B@@BBA@@B@@@A@@AB@A@@AB@@ABAA@@@B@@@BA@@@@@A@@@AB@@A@@B@B@@A@@@@@A@@BA@@@@B@@AB@@AB@AAB@@A@@B@@BB@@@@AB@@@@AB@B@@BB@@ABBBB@@B@B@@@@@B@@A@@@@@@B@@B@@@A@BB@@BB@@@B@@@B@@@@@B@@B@B@A@@B@@B@@@@@@@B@@BA@BB@A@@B@@@@B@@@@A@@@@B@@ABA@@B@@A@@B@@@@A@@@@@@@@@@@ABA@@@@B@@@B@@@B@@@@BDA@ABA@A@@@A@@CB@@A@@@A@AAA@@AA@@@@AB@@@@@@@B@@@B@@@B@@@@@@@@@@AB@@@@@B@BA@@@@@@@@@@@@@@B@BA@@@@@AA@@A@@@AD@AAD@@@B@@@D@@A@@@AB@@@BA@@@@@A@@B@@@B@BA@@B@@@BABBB@D@@AB@@BB@@@B@@@B@@@@@@ABA@@AA@@@@@@@@@AA@@@@@@@@A@@@@B@BBAA@@@@@A@@AA@@BA@BB@@@@@@@B@@@@@@@@BB@@@@@@@B@B@@@@A@@@@B@@AB@@B@@@@@@@@@@@@B@@@@@@@B@@B@@@@B@@@@@@@B@@@B@@AB@@@B@BAB@BAB@B@BABB@@B@B@@@@B@@BAB@B@BABB@@@AB@@@@@@A@@B@@@@A@A@@@A@@@@AAABA@@BA@@@A@@@@A@@AA@@@AB@@@@AA@@@A@A@@@A@@@A@@@@A@AAA@@@@@@@BA@@@@@AA@@A@@@A@@@A@A@@@A@@@@AA@@BA@A@@@ABA@@@A@@@@@A@@@@AA@@@A@@@@@@@@AAA@A@@@A@@BA@AAAB@@@@@BA@@@A@@A@BA@@@@@@@A@A@A@@@@@@A@@@@@@@A@B@@@A@@A@@@@A@@@AB@A@@@B@@@@@@@BA@@@@@@A@@@@A@@@@@@A@@@@AA@@@@@A@@@AA@@@@@A@C@@@@@@@BCBB@AB@BA@@B@A@B@AA@@AA@@@A@@AAAC@AAA@B@AA@CB@@A@@AA@@@A@@@A@@@@BA@@@@@A@@@A@@@AB@BA@@B@@A@@A@@A@@AA@@@CA@A@A@ABABAB@BCB@B@DA@@BAD@@@@@BA@@@A@AB@@AA@BA@@@A@ABA@@@A@@A@AA@@@B@@@@@@@@A@@@@@A@@@@@@A@@A@@@A@@A@@@AB@@@@AA@@@@A@@@@@A@@@@@@A@@@A@@@@@@BAA@@@BA@@@@@@@AA@@@@B@@@@@@AB@@@A@@A@@@@A@@A@BAA@@@BA@@A@@@@@A@@A@AAA@@@BCA@@@CBABC@C@A@@@@A@@@A@@A@A@A@@A@@A@@B@B@@A@@@BB@@BBA@@@CA@@A@@@@@@A@@B@@AAA@@A@@@@B@@A@A@C@A@@@@@@@@A@@A@@B@@AA@@@A@@@AABABAB@B@BAA@@A@@@@@@AB@@@@A@@@A@@@@@@A@@AB@@AA@@@A@@@@@@BA@A@@@@@A@@@@BA@@@ABA@@@A@AAB@@@@AB@@A@@@@@A@A@@@AA@A@@@A@@@@@C@@@@A@@@A@@@AA@BA@@@@@@BA@@@@B@@@@BB@@AB@@@B@@@B@@@B@B@@A@@@@B@@@@A@@@@B@BA@@@B@@@A@@B@@@@@BA@@@AB@@@@AB@B@@AB@@A@@@@B@B@B@@AB@@@BAB@@A@@@AB@@@B@@AB@B@@@@@@A@@@AB@@AA@@@@@@@@A@@@A@@BA@ABA@@A@@A@@AABA@@B@@AB@@@@@B@B@@A@@@@AA@@A@@@B@BAA@@AAA@BA@@@@B@@A@@@@@@@@AA@@@@@@@@A@@@@@@AA@@@@A@@@A@@@A@@@A@A@@@B@@A@@@A@@B@@AA@B@@@@AB@@BBA@BBA@@@@@AB@AAA@@@A@A@A@@@@@AA@@A@@@@@@@@AB@@@@@@A@AB@A@@AAA@@CAA@EA@A@A@AAAAAEECAACEECECC@A@@B@J@@A@@B@AA@@@@ABA@AA@@@@@A@@@@@A@@B@@@@A@@@@A@@AAB@A@@@@B@@@@@@AAB@A@@B@@A@@@@@@@@AA@@@@B@@@@@@@@@B@@@@A@@@@@@@@@@A@@@@@BAA@B@@@@@@@@@@@@@@@@A@@@@@@@@@@@@@@@@@A@@B@A@@A@@@@@@@@@@A@@@@@@@@@A@B@@@@@@@@A@@@@@@@A@@@@@@@@@@@A@@@B@@@A@@@@@@@@B@@@@A@@@AB@B@@AA@@@B@@@@A@@@@A@AA@@@A@@@AB@@A@@B@AA@@B@@@BAA@@A@@BABADAI@IFGDCDGDGFIHIFCBGDABCBEHC@CBEAEA@@C@C@IBE@CBGBEFEBIFMFQDGBABA@GBC@C@A@CC@A@ABEBCBA@CAC@CCCAAC@A@ABCDCDEBED@B@F@DBDDH@H@D@FAFIHCDADCDCBC@A@C@CBABAB@@@H@BBD@B@@@DBH@B@R@D@@BB@@@B@B@@@B@@@BAB@@BFDFBB@BAH@B@B@B@BDBDBDBHN"],"encodeOffsets":[[118690,32656]]}}],"UTF8Encoding":true}