{"type":"FeatureCollection","features":[{"type":"Feature","id":"340522","properties":{"name":"含山县","cp":[118.105545,31.727758],"childNum":1},"geometry":{"type":"Polygon","coordinates":["@@D@BA@A@@CC@CAC@A@A@CBABCBAB@LIDCB@HCFABADADAFCB@D@B@DB@@JDH@FCFADEHCF@HBFBFBJBF@FA@ECEEEEEGKAEBEFEH@HBHBH@H@HCDEDG@KAI@GBG@IDEBEBE@AAAECAAIMGKCKEK@MBMB@BAB@BAFABAF@D@BBBBF@HDD@BBVHB@FBD@BBF@FBHBB@HGBCDE@AAAGECCGCECA@IACACAAAACGE@A@C@ADEBABC@GAGCKEEGIGEEEGCEECIBGDKDG@GAECAEEGAECEAECEAGGAEAKBGAI@IAIAE@I@EBG@I@G@IAICGCGECCEEC@Y@CBCCCCAAA@C@MDM@AHIBCBC@A@G@CBABC@ABC@A@@BAFAD@@A@@@@@A@@@@A@@@@@@A@A@@@@BA@@@@@@@@@C@@@@A@CBAB@@A@@@@@@A@@@A@A@@@@@@A@AB@@AB@@A@@@@BB@@B@@@@A@@BA@@ACAACCAMIA@AA@AB@@A@@@AAC@A@C@ADE@A@AAI@ABC@ADCB@D@F@D@B@FAB@DBD@B@DALCDAD@F@B@@@B@BA@A@@BAB@D@@@B@@AAAACCECECGAE@A@CDCDEDC@A@AAAAAAA@@K@OBE@N{PG@A@@@@@A@IACDO@_HU@GFQDuVKDgH@JEPIHELABVDD@JBFBHDDDCDEFCBGDGDIDG@CF@FBFABBBBH@@BHABADEBEBAFALCDCDC@IBGBCD@BBBHFDDBBBBBBBDBBB@@BABABEBE@E@EAGAEAC@CBKPEFABC@OGAB@D@B@BBB@BAH@@BBJF@B@D@BBBB@DBB@B@B@B@B@BBB@B@B@D@BB@B@B@DBBB@BBBBBBBB@B@B@B@@AB@AA@A@@@ABA@AB@D@B@DB@@@DAB@D@@BBD@B@@@BAB@F@F@@@DABCF@D@B@BB@DBBBBB@@@BAB@B@@CFBB@DB@FN@F@F@FABC@ABCD@BEFAB@DBF@D@JBB@BFH@FB@BDFH@BDDBB@F@B@BC@CBGBCBGFCDCFAFA@MLCJAXDBHNDJ@LCPABCD@B@D@F@DBBDDFBDDBBBBABABCBEBCBC@@@CBEBCDCDAFBB@FDDDFDFDDADAFEFCDAFADCHCLBFBDBDBFBFBDBF@FDFBDFHFBHDDBFDFBBDDBFDDD@FDFBFDFBDBHBHBJDJ@B@@@@BHDJ@FADAB@@@BDDBBB@DCBAB@JAH@ri@@D@BAFABAB@DAB@BAD@HCFA@@LCBAB@BAHA@@DAB@BADAB@FAPEBAHAR@J@HADCDCFEHA@@B@FDFBB@F@"],"encodeOffsets":[[120918,32619]]}}],"UTF8Encoding":true}