{"type":"FeatureCollection","features":[{"type":"Feature","id":"340523","properties":{"name":"和县","cp":[118.362998,31.716634],"childNum":1},"geometry":{"type":"Polygon","coordinates":["@@@ABA@@@ABAB@BAB@B@B@BA@ABA@A@@@A@A@AA@AA@@AA@@A@AAA@@A@@@AAA@A@@@A@A@AAA@A@A@A@A@A@AB@@AB@BA@@BABAB@@@NCDCBEACC@I@C@@A@@AA@@AA@A@AA@BA@@@A@A@A@A@A@A@A@AAA@A@@@A@ABA@@@AB@@C@A@C@EAEACAAAAC@A@A@EAC@C@AA@A@@@ABABCBABABC@C@CAACAAACA@ACCACCCAA@C@A@C@A@A@CBC@C@AAAAAACAAAAAC@C@A@ABABAB@DAD@DAFCBADABEDCJGD@F@JA@BD@D@B@DADABADCDCDADEBABAFABAB@TGTEDEBABAD@DAB@DABABAB@LCF@DAD@FAB@DABA@A@A@AAAAA@ACAAAACAA@C@ABA@A@E@@ACBAFADCBABCBAHALELEJAFAFBB@DAU}O_E[AE@A@IIKCE@@AAGEGEGEGCGEGEKEIEGEGCCCKYG[CUAEAGCCAE@CAAGUIeEoAE@IGaESGYAWCMCOCMAMCIEI@@CGAGCKCICGCIEICIAECIAECGAECKGMEIEECGEEGECCEAEAE@E@E@@DAHAH@J@FBNBLBFBFBFBBBDAB@BCDAB@DA@A@ABED@@AB@BAB@@@B@BA@@@A@@BB@@@B@BB@@@B@@@@@B@@AD@@AB@@ABA@@A@@A@A@AB@E@ABE@A@A@AAAA@@@C@C@A@A@C@CBCBABCBCDCBGBC@ABEDCD@@@@@@A@A@@@A@@@@A@@A@A@@BA@@B@@B@@BB@B@@@B@@B@@AB@@@@@B@@AB@@ABA@A@@@A@@@@@@B@@@@A@@@@@@@@@@AA@@@@B@@@@@B@@@@@@A@@@@@@@@@@@@@@@@B@@@@@@@@A@A@@B@@@@@@@B@@@@AB@@A@@@@@@AA@@B@@A@@B@@ABA@@@AB@B@@@BAB@B@@CA@@A@@DAB@DOEGCC@A@GAIACAC@C@A@C@CBE@A@C@GAA@AB@BAB@BABAD@BCBEBMDE@CBCAC@KEKECCCAIKCAECEAGAG@C@ABABAD@D@ZFDDFFDDHDHBJ@J@H@JAH@F@JBFBJ@JBJAHBLBFHHFBFDFBFDHBFFDBBF@HCHCLAHDJFFHDFFHFHJFFDLBH@HADABCF@B@D@BHFBDBBDBDBJBB@FDHDDDHFBB@BCFADGHA@GAEAE@AAC@EAA@UGAAC@GCE@AAAAC@E@ABEBABA@ABA@AN@NFLDLHLJNBBFDBB@BAFAFCF@JAH@HBJ@LCHCFGDG@G@GAGAG@EFAFBFHLFFFFDF@FEBE@IAEAEAGAE@GDCFEBEDG@IC@@CAA@C@A@EDCBCBABEBGDA@CDKJA@ABADAB@D@B@BBD@DDD@@@BABC@BB@D@H@H@B@BDDBD@BAD@BAB@DDDDBJDDDLDJFR^JDXCJ@JFJD^ILEHAHDFDHHJXTLLBBDJ@VEVRTTbVHFXTfZ^L@F@F@LJXLFBPFDDBNHLJ^HLHFLZL@DFBDBFBD@BBB@B@BBB@"],"encodeOffsets":[[121227,32828]]}}],"UTF8Encoding":true}