{"type":"FeatureCollection","features":[{"type":"Feature","id":"340323","properties":{"name":"固镇县","cp":[117.315962,33.318679],"childNum":1},"geometry":{"type":"Polygon","coordinates":["@@@E@E@C@C@GBEBCFGBCFCDABC@GACECACCG@CDCBGHEDABCDC@CAECCCAGAE@CE@C@CBE@EACACACAEAACEACCCCCGAE@E@ABA@Q@A@A@EEECAA@CA@Q@@A@ABEBM@@AE@AFAF@BA@@BAAKAEAC@A@A@E@C@E@C@@DCLELE@ACCCCEEEEACAC@CCCCKC[MI]OEKN]CEBCBCDCAKACACACCCGCCACAGAGCEAGCECECEAGCECCCCC@EAC@A@AAC@ECGEEECEBEBEBAB@@ABEBCCCC@@EGECCEEGAAAA@A@B@J@DAFBDDDFDHBBF@BABABCDAD@B@NAN@RAL@@C@OCGLCFADA@@@A@A@AAA@EDEFCBEBC@GBC@E@C@EAC@C@CBEBCBA@EAA@AACEAAAACAA@E@ABEBEBCBGBC@C@E@EAOCGAC@A@EDAB@@@@@@IB@B@N@BGB@@BNBJC@@BCDCDAD@FAD@DDF@BBDBDDHADCDGDE@IBEDIBGBEBGBGBEBEBCBG@C@CDBDBBDDDDDDDDHFHFCDC@EBC@CBE@IBC@CDCBIDCBABCDCDGDEBEDGDGDCBEBG@E@C@GAECEACBE@CDEDCBCDAFBD@FBFAHCFCDAF@DAFFBFDJBH@DBD@FFADHNCF@D@@@HA@AFABIDMDKDKBODIDA@AB@@EBG@K@MDIBK@UDE@G@@BKFA@KAABC@GDGD@BBB@@@D@B@@@BBB@B@@@B@B@B@@@BBB@@@B@B@B@B@BBB@D@@@D@@@B@@GL@@EDA@CBKBYBKD@BAVDBJ@H@BBBDDJBD@@BBTDFBB@BBBDBD@DA@KLCFGFKDMFQF@@A@@@CE@@A@OBLZHPHBHF@BDD@AB@BB@@BBBDBBDBBBDBDBB@B@B@B@@A@ABABABAD@@ABA@@BABAB@@@DBB@@@B@B@@ABAB@B@B@@@B@@BBB@@BB@@B@@@BA@@@A@@AA@A@A@@@AAA@ABA@@@AFABABABADAB@B@@AB@B@@@B@B@B@@@B@BA@AB@@A@@B@@@BBBD@@BB@@@@BBB@@B@@B@B@@@BBDHBFBDBB@BBB@BB@@B@@BD@B@B@BDFA@CFGJED@BEBEBC@DL@LBBBBHABBB@@BBDFF@@F@LA@@FCBAB@BBFRDTDAFEJGHEFCJGHGJGJEFEFCDCBJBFBNBHBH@D@HBBJ@@@DH@@D@@F@@FFFDFFDFFFDDDFDFBD@@BDFJ@BBH@NF@D@B@B@B@B@@@BADAD@DADADAD@D@B@FAF@H@DAD@D@B@D@B@DAB@B@B@F@H@@@@HHCPIV]V@V@pIbQRKJUBWJSZWTYJUJS^WdUB@XMlDTQTAREVW\\HVD\\ORA"],"encodeOffsets":[[120409,34125]]}}],"UTF8Encoding":true}