{"type":"FeatureCollection","features":[{"type":"Feature","id":"341302","properties":{"name":"埇桥区","cp":[116.983309,33.633853],"childNum":1},"geometry":{"type":"Polygon","coordinates":["@@BBLAB@ACACGWTBFADAJEVGVM@@\\@B@@L@@J@JIFCJGXBN@H@H@LB@@@LB@P@@@DBDDFBBDFBFBF@JA@CBCDCFCFAHAHAJ@D@BFBFBFBFDDBDDBFBFAHBHBDBHBD@F@DBF@H@D@DADCFAFEBAFCFCDADADGAEACECAC@CDEHAH@H@FCFCDCBCDABCDEBCDGCE@ECE@EBGBGBGDIFI@EBE@E@CBEBGDG@C@G@GAEAE@GAEAGAGAG@EAE@GBIBI@ICGHSLMFGHA@AA@@ABC@CAA@A@@@@A@AACAAACACA@@A@@@AA@AA@AAAAA@@@@A@@@@AAAA@@@@@A@A@A@@AA@@AAAAAAA@@AA@@A@A@AAA@@@C@A@A@A@A@@BA@@BAB@@@BAB@BAB@@@@ADCDE@@@CB@@AB@@AB@@@B@BAD@BA@@BA@@B@@@BA@@BB@AB@@@@@BA@A@@@@BE@CBC@C@ABA@@BABAB@BA@@BA@@@@@A@C@CS@MCKI@KDUcKQEAMBC@CAC@EAG@C@EBG@GDE@@BG@ADGB@FCHBB@@ADa@BJBD@D@AMEAEE@@CE@A@M@@LAD@@A@A@AIOCG@IDCBCDGBC@@NEBA@A@O@@AAA@CI@E@IFCDA@@DE@AAG@CAAKAI@EMQJA@CCCKDAB@AI@ACGEGCIAE@GAEAEACAGGAG@G@CBEBEBG@IACCGAGE@ECCGAC@ABEBCFCBI@@@EAA@A@ADCB@@BF@F@FEBGD@@CECECAMQEGAI@@DQFYLA@G@MDG@@AEACAA@C@@@ABA@C@A@A@C@C@CDa@C@A@G@@G@E@A@A@A@CBA@C@A@C@C@CBG@E@EBA@C@C@CBCBCBC@CBAB@@A@A@A@A@C@E@@MAG@AEIAC@@ACCECECCEECEEEECEE@@@EC@@@CG@@I@AA@G@CAGAGAMAEAICDEDEFIFIHGHIHEDGFIHEFCBCSEQAAA@ABED@@KBE@@@EEAC@AA@AAGBAAAA@KCKD@FAFA@AFCHIDEB@CE@A@A@AAC@@@AA@@AAA@AAAACAECGAA@@A@A@@@@AA@AA@@@@AA@@ACAA@@A@@@@BA@@BABA@@@A@A@A@@@A@A@@BA@A@CBABABABEB@B@@AB@BBB@B@@@B@BBB@@@B@@AB@@A@@@AA@@AA@AA@@@A@A@A@AB@BA@A@@@A@CA@@A@ABAB@@AB@BC@ABABAB@B@BA@A@A@A@CACAAACAAAACAA@@AAA@@BCC@AGEGAGOKYPAB@@@DF@@B@@@RENELCHEDELKB@@CACACAAA@EASCAA@@ACCIACAAG@I@CABU@ALCZALADAB@FC@@HK@@@A@@@C@@@CAA@A@A@A@A@A@@AA@A@@@A@A@A@@@AAA@A@@@A@C@@AA@A@@@@ODKBE@IBE@G@A@CBYBMBOBEBGBGDAAGIAC@@CCCECCCECAG@G@GBC@EBEBGBGAGCG@G@GBEDIDGDCBEDCDEDADEFCDCDEBEDGBCBEBDDBFBBDH@HAFAB@@CBABABA@ABE@@BDD@BBB@B@BAB@BA@EDA@@BCD@B@BDBBBDAB@BABBFBBB@D@DBF@B@BBDBBB@FBB@@BBDBB@BBBBDBBBFBF@BBBBBB@FAD@FAFAD@D@@B@DBF@@DDDBBBDFBBB@FBDBB@B@@BAB@BA@ABCBEDABAB@B@BDD@DFP@B@BCBA@AD@DBBDHDFBB@B@DA@ABA@A@AB@D@H@HKDAB@@@BBFAB@BABAAG@C@E@GBA@C@CBCBCDABCBCDABAB@F@H@B@BC@GBE@EBC@A@A@AFA@EBE@A@AB@@@B@BBBBBFDDBBBDDBB@BBBFDB@@BEBAD@D@@CBAB@BGBCBA@AB@B@BBDBFBF@DBHBDBBBF@HBD@DBBBDBDD@BDBDBBHA@DHA@FBD@BGBBFBDBABB@FBBBF@B@@@BBB@DBB@BBB@DBDBABHBDAB@BA@E@GC@AE@E@CAC@ABC@ABAAAAAC@@AACBABA@A@AAA@CAABAAACCDABAD@@A@GBEBCBCDEBCDEFEDADCDADABCHCH@DAD@HAFAD@DADAH@DBDDFBDHHDFBHBH@F@BAD@DAH@D@F@DBD@FBDDFF@D@DBHAFCF@D@DAF@DAFAJADBJBDBDB@@BAFAFADAD@BB@D@B@L@HARAN@BBD@@F@@B@ABB@BF@HB@@@D@HCPCLAFAD@B@DAD@B@H@L@@DD@BBADAB@F@H@B@D@@@F@CHADADABCB@NAD@H@BAD@B@BBBFDBBBB@D@D@DBBBB@DBDAF@F@J@PBNBD@B@D@FADBJ@D@DBBDHDPBH@F@J@FBD@BBH@D@P@LBFBFBD@BB@FBH@FBDBDBDBBBBB@@BBDABAB@BBDBFFDDBD@BDD@DBDA@@B@@CBABAB@HCD@B@BBBDDBBBBBBBFBDBBF@FDHDDBJFF@DDFDDDDDDFDDBDBFBHBFBDBFBF@FDFDDD@F@FCDADADCFCDAFDDDFDDDFDDBDDDBBDDDFFBBDDDBFFDDFHDFBFDFDF@DBHBDFF@DDD@DDD@FBDDFBD@BA@B@ADBD@J@DBFBFBF@DBHDB@H@BDJLCBFDDF@DFF@H@DDDH"],"encodeOffsets":[[119962,34918]]}}],"UTF8Encoding":true}