{"type":"FeatureCollection","features":[{"type":"Feature","id":"532326","properties":{"name":"大姚县","cp":[101.323602,25.722348],"childNum":1},"geometry":{"type":"Polygon","coordinates":["@@@@B@@BB@BBB@B@D@DBDBBBB@@BBD@HBDBDBBNDLFJJHHDFBBBBDBDB@B@B@@ABABCB@BBBBBBD@BABCBA@E@G@EBGF@DDDLJLFLBJBHFLLDHBH@FBFFJBFAHAH@D@FDLDHDFBDD@BBABCBE@EAABCFABIPIPCBEAKEGACBK@SRGLABCN@FDFBB@B@@BB@BFDDDBDDJDDDFDBDBD@DDDBB@D@DBB@BDBDFF@D@B@B@BADC@@BA@A@@B@@@B@B@DBF@@ABABCBOHCBCBC@E@A@AB@D@FAB@BAF@BBFBF@F@BBF@DAD@B@DBD@DAF@D@F@B@B@BBBBDBB@F@D@D@BAD@B@DBDBBDFBBBD@D@BAD@@@F@F@DBF@DAFAD@D@FABABEDABAFCHADAB@@@@@BBBBB@@BBBDDB@BBBB@BB@BBBBB@B@D@BBDBB@BBBBDBDBDBDBDBB@DBB@BBB@BBBBBBBB@DD@BFDBBDFBB@@DDB@BBDBDBDDDBBDDBBBBB@BBBD@BBBBBBDDBBBBD@BBBBDBBBBBBB@@BB@BB@DB@BDBDDDBFBFDBBBBDBB@BBDBFBFBFDDBDBD@DBFDHBFDFFBBBBDB@BDFBB@DBBBDBBBBBBB@BBBBBDBBBBBDBBBDBB@BFDBBBBBBB@D@FBBBBDB@BBBBF@BBF@B@F@D@B@DBFBDBB@DBJFBBDBBBBBD@BBBBBBBBBBBBB@BBBBDBDBBBDBBBBBD@B@F@F@D@D@B@BBD@B@BBD@F@BBD@D@D@B@D@D@B@D@B@D@B@D@B@B@D@BBD@BBBBDBBBBBBBDDBBBDBBBDB@BBBBDBBBBB@@BBD@B@F@FAB@B@D@BAB@DCBABA@@DAB@DAD@FAB@HAB@B@B@DBD@DBDBFBDBDBD@HBDBB@DAD@D@FAB@DAD@B@D@D@BAD@BBD@BBBBB@BBBBB@B@DBDBFBFBDBD@J@DBB@F@BBDBDBBBDBB@BBD@DBF@HBDAD@FAD@B@B@BBDBD@DBDBBBFBFFBBFDFDFBFBBBFBDBD@D@BBF@B@B@FBD@F@B@D@DAD@DAD@D@DBDAB@B@B@BADADABADAB@EAC@A@C@CAECIKGECIQUMKWMCAGAEAC@CCECA@AA@EDOBKGO@EAQEUEOASEG@ECEEEICEACGACAABKD@FBD@BAFCLAJEV@L@LCF@F@REPIDOGKGEYAQEEAAI@MDQHSLIFEAACA@C@GDCBCBCHOAA@@AMEAAA@EAACGQUDEBEAEEECC@KAKEICIAUBG@EMUIIKCICE@IBAAAC@ABANADAACAAFMCCACF@D@BABA@AGCG@A@CC@GACAEEEGC@AD@J@BAAAACACFABABEFGB@LDLBFBFJNPBDHBTCH@BAD@FMBABCDKBABAF@DBFBBBD@@@BAACAC@E@CB@J@DABAD@FBFDBBB@D@DGRCLELM@KGO@IBKDI@IESCK@GAK@IBIBKBEDGHGHILQNGFCLAHTFRBHBDAH@DBBBBB@NGHCB@DAD@DDBBB@B@D@BA@@@E@A@AB@H@DAFCBAAA@ADC@@DA@@BABABABABA@CBAJEDAFAF@B@@@B@@ABA@CBCFED@@CBCBAB@B@BBB@B@BADCB@B@NFDDB@B@B@BA@@DC@CBBJ@FAbELBH@B@FEB@D@AC@@@A@A@A@ABAAE@E@ABABABAD@F@HDB@D@BB@ADEFCFAFELKVMDAD@FBD@B@@AAAMOAC@EBC@A@@DAFCB@FAB@@A@@@A@A@A@A@@AAA@ACCC@ABC@ACE@A@AHIDADAD@B@B@BADA@A@AAA@@@CAACAIEAAAEAACA@@@A@ABCFC@@@AS@CBCBC@@@A@CDA@@@AA@@BE@@AAC@@AEECC@@AAA@@@C@A@E@CBCAGACAAAAA@@@A@A@A@C@C@AA@@@@AA@A@@@ABAACCACA@BABC@ACCCG@A@@B@BA@ACAA@A@A@AC@@@AB@BABC@C@CACCCAAAC@AAC@ABANABCBA@AAACCEEAAAA@ABAHAV@B@HFABCBC@ABCBAB@DBBD@LFLFFBFBB@HLB@@@B@@CAA@G@@@A@@@AA@@@@BA@@@AAA@@@ACA@@@@B@B@@A@@@@A@A@@@C@ACE@CACAC@CGIGGAE@EBEFEHAHAF@DADABADBLFDBD@BABCFGBA@@B@BD@@B@F@B@B@DEBCAK@AGAIECAAAAACAC@E@G@@@A@@@@AA@@A@@BCBC@A@@@AEE@AAACGAA@A@A@A@ABABCBA@A@@BIBABC@A@@A@@@@@C@A@A@A@@@QIEACAA@C@ABCBA@A@ACAC@EBCAAABAA@A@A@C@ABCDAACAGEECEA@@AA@@BA@BRAB@@AAA@A@A@A@ABA@A@AE@@ABABA@@@A@A@@@@@@A@@@A@@@@@AA@A@ABE@ABE@E@GAC@@@AB@@@DAF@@A@CAA@@@AB@BA@CJE\\ALBJ@JADEDGFEBEA[QECABA@ADCDEDA@@@MFKLIFQFWB_AOCOCIGMIKEKAGBKDIAICCCEBCFCBBHCF@DABI@I@E@AC@M@CCAEFA@C@AA@CDE@E@CC@G@IFIBG@GDMJSLEDKBG@ED@B@BBFABABB@@BDFA@CBA@ABE@AACCCCCG@EAE@CAAAAC@AB@DABABAAGACA@A@AD@BABAAA@@CACACB@FGBAACCA@E@CBBRGHIHEBG@CB@@@D@BHDDBBB@DK@IAKBIAMDGDA@E@A@@ACAA@ABAD@F@FCBACAAC@A@ADC@A@GCGEEIGGCAGBCB@JA@EBADBD@FDD@DEEAB@BA@ACA@ADBDBHBL@HADE@E@ADBH@DFH@DCDIBC@CBAFDBH@BBAD@DA@ABCAC@AB@B@BBBDDBBADCB@@A@ECC@GBAHA@ABCAEAECE@CA@@AAAAC@CBGAE@A@ECAAA@A@@AAB@B@DA@C@CAC@ADCBGB@DATCDEBEFAH@TCDEBIACCCAGGIAGAI@CIAMAEACE@@BCB@@A@AA@A@ABAACACCCACCCEAABCDA@C@CAEAEFADBD@BGBCAECC@KDG@G@CBCH@DFHDH@DEDEDGBBBDB@B@@CBABE@A@ADA@@BA@CAIAC@GAEAEACACAA@A@ADA@@@AB@@A@C@FHLLBHBJ@BAFCBA@CAEAC@A@@BCBA@A@A@CACAC@A@GAGCE@AACAA@A@@BBDDLBDBBDBDBBBBBBDHJ@BADEFEF@@EHQRADABCRADADABC@C@E@E@@@A@@DADBB@BABAAEAIBCBE@@@GH@@CBABAD@D@BCF"],"encodeOffsets":[[103311,26443]]}}],"UTF8Encoding":true}