{"type":"FeatureCollection","features":[{"type":"Feature","id":"340803","properties":{"name":"大观区","cp":[117.034512,30.505632],"childNum":1},"geometry":{"type":"Polygon","coordinates":["@@AG@MB@A@AEEAK@GDAA@@@@@CCCAA@@@@AECIAOA@Q@_I]WQMWYSO]O]EOG[UOTKBICGEAI@MBICGCGBSGDKRGRAP@P@BBD@FDHHRFLLL@DCDIFEB@LUCBC@EACEAAB@BADC@AACGCCEEI@@GACE@CBBFC@GBE@EBEFAJ@JBBHD|XTD@DADIJBHJFXDBFAFEFEFBDHFFHHHBH@DAD@DDDFFBH@D@DD@JADDFLDHBFHAH@FDBD@DBF@JFB@CFBH@F@HGLGDAF@FDBDFGDEHE@BHCH@J@NHJ@JFDHFDF@LFLJFCHKDMBO@E@@@ABEBGJEHELIDOJFHBBMNC"],"encodeOffsets":[[119868,31262]]}}],"UTF8Encoding":true}