{"type":"FeatureCollection","features":[{"type":"Feature","id":"340402","properties":{"name":"大通区","cp":[117.052927,32.632066],"childNum":1},"geometry":{"type":"Polygon","coordinates":["@@@@@A@ADAJEFABAEAOKICAAAE@CAC@CACAC@KCCGAIAECCCAACAEACACE@CBEFGJGDEBGFU`B@BC@ADGBCBC@U@O@EBCBGLQBABA@ADCLKBC@G@AACCEACEAECCAAECK_@A@E@C@@FG@CAG@A@@@AA@@A@A@A@A@EB@@C@A@AAA@@A@@@@CC@@AEA@@A@@AA@@ECAACACA@@@A@@@@A@@BA@@AA@@@AA@@@@A@@B@@A@@@@@A@@@A@@B@@@@ABA@A@@@A@A@A@CD@@A@A@AACBA@CACAA@AA@@A@@DA@EHA@@BCBABA@A@@@@ACA@@@@A@@@AB@@@BA@@@AA@@A@C@AB@@AB@@@BAAAAA@A@A@A@@@A@A@A@A@@A@@@A@@@@@@A@@A@@@@A@GECAYNGCU@EDADNP@BA@AB@@A@AB@@A@A@@@@@@@AB@@AAA@@@ABA@A@ABC@@@A@@@@@@BA@@@B@@@@B@@@@A@@@A@@@@BCBABA@@@@@@BBB@B@@@@ABCBA@@B@@@BB@@@@@@BADBB@@A@@B@B@@@@@@@@BB@B@BF@DAJABHCFCFCHEHAFBPBVJN@DABBB@B@@@@BB@@B@@D@BBB@@@BFDB@@BB@@@BB@BABA@ADABBD@@@@@D@@B@@D@DBBBC@AB@@BB@@@BABA@@BBBB@@@@ADABAD@@CDAB@@@@EJEF@@@BNB@@@@BB@@@@@@D@@@@@BBB@@@@@B@LB@B@@@F@@@@@J@@@B@@@B@H@BIAC@@@@@A@@@E@CPADCFLFLDHBFBNBNBD@HDLFLLHJDJ@JADEHCFABCBA@EDED@BABBF@DBDBDDDB@DBPBFBLDFBPFD@DDDBFBFALAFADAFCHAD@F@J@FCBAAC@CBEBCD@HADBJBFBFA@ADCBCD@D@DBDALA"],"encodeOffsets":[[120009,33521]]}}],"UTF8Encoding":true}