{"type":"FeatureCollection","features":[{"type":"Feature","id":"341181","properties":{"name":"天长市","cp":[119.011212,32.6815],"childNum":1},"geometry":{"type":"Polygon","coordinates":["@@B@@@@@@@@A@@@AB@@A@@@A@@@@@AB@@@@AB@@@@AB@@@@AB@@@@AB@@@@A@@@@@A@@@A@@@@@A@@@A@@@@@@AA@@@@@A@@@@@AB@@A@@@A@@A@@@@@AA@@@@@@A@@@@A@@A@@@@@@A@@@@@AB@@@@AB@@@@A@@B@@@@@BA@@@@@@@AB@@@B@@A@@B@@@@@@A@@@A@@A@@@@@@@A@@@@@A@@@@@A@@@@@A@@@@@@@A@@@@A@@A@@@@A@@A@AB@@@@A@@@@@@@A@@@@A@@@@@@@A@@A@@A@@@@@A@@@@@A@@@@@@@A@@B@@A@@@@@@@A@@@@@A@@@@@@@A@@@@@AA@@@A@@A@@A@@@@A@@A@@A@@@@@A@@@@@A@@@@@@@A@@@A@@@@B@@AB@@@BA@@B@@@@A@@BB@@B@@@B@@@B@@@@@B@@BB@@@@@B@@@B@@@B@@@@@B@@@@@B@@@B@@@BB@@@@B@@@B@@@B@@@@@B@@@@@B@@@@BB@@@@@B@@@B@@B@@B@@@B@@@@@BB@@B@@@@@BBB@@A@@@@@@@@@A@@@@@A@@@@@@@A@@@@@@@@@A@@@@@A@@@@@@@A@@@@@@@@@A@@@@@@@A@@@@@A@@@@@@@@@A@@@@@@@A@@@A@@BA@@@@AA@@@@@A@@@@@A@@@A@@@@@A@@@@@A@@B@@@@A@@@@B@@@@A@@@@@@BA@@@@@@BA@@@@@AB@@@@@@@BA@@@A@@@@@AB@@@@A@@@A@@B@@A@@@@@A@@@@B@@@@A@@@@@@@@BA@@@@@@@A@@@@@@@A@@@@@@@A@@@@@@@A@@@@B@@A@@B@@@@A@@@@B@@A@@B@@A@@B@@A@@@@B@@A@@@@B@@A@@JAJCPOZaPQHIRGNANBvD|BF@H]@EBI@GBK@IBEBEBEBC@CBG@CBE@CBCBE@EBC@EBADCDEBABCDE@C@E@C@E@GBE@GAIFM@qCmAe@CBABCFCLEBC@C@EACACAE@CBE@EDCFAFAD@FACG@@@@@@KCAEACAG@I@E@G@C@CCEE@EAEBKHC@ABG@A@A@ABEHCHAD@B@@FH@@EJ@BA@@@OICA@A@@@A@@@A@@AA@@@@@@B@ACBC@AA@@AB@@A@@BA@@@A@@@@@@@@@AAA@@@A@@@@@@@A@@BAA@@@@@A@AA@@@@@@@@A@@AA@@@@AB@@@@A@@@@@@BA@@@@@A@@]GIECC@EACDCDEFCDAFADCBEBC@EACCCECCAAAECECAGAEBCAICEACCCACGIDCFEBCC@K@GAC@EEGCGGEEIEEACACCKCIECCGMCCACCACCE@GBIDKNA@@B@@@@@@@BA@@@@B@@@@@B@@@B@@@@AB@@@B@@@@@B@@@@@B@@@@@B@@B@@@@B@@@@@B@@A@@B@@AB@@@@@@@B@@@@@B@@@@@@@@@B@@@@@B@@@@@@@BB@@@@@@B@@@@A@@B@@@@@@@BA@@@@@@BA@@@@@AB@@A@@B@@A@@@AB@@A@@B@@A@@@@BA@@@A@@BA@@@@@@BA@@@A@@B@@@@A@@B@@A@@B@@@@A@@B@@@@A@@B@@@@A@@B@@@@AB@@@@@BA@@@@B@@@@@BA@@B@@@@@@@B@@@BA@@@@B@@@B@@@@@@@@@B@@@@@@@B@@@@@B@@@@@@@B@@@B@@@@@@AB@@@B@@@@@B@@@B@@A@@@@@AB@@@@A@@@A@@@A@@@@@A@@@A@@@A@@@@@A@@AA@@@A@@@A@@@A@@@AB@@@@A@@@A@@BA@@@@@A@@@@@A@@@@BA@@@A@@@A@@@@@A@@@@@AA@@@@AA@@A@@A@@@@A@@AA@@@A@@@A@@@A@A@@@A@@@A@@@A@@@@A@@@@@AA@@A@@@@@A@@@A@@A@@A@@@@@@AA@@@@@@A@@A@@A@@@@AA@@@A@@@@@A@@AA@@@@@A@@AA@@@A@@@A@@@A@@@@@A@@@A@A@@@@@A@@@AB@@@@A@@@A@A@@@A@@@@@A@A@@@A@@@A@@@AA@@@BA@@@A@@@@@AB@@A@@@A@@@@BA@@@@@@BA@@@@B@@@@A@@B@@@@AB@@@@@BA@@@@B@@A@@@@B@@@@A@@B@@@@@B@@A@@B@@@B@@@@@B@@@@@B@@@B@@@@@B@@@@@B@@@B@@@@@@@BA@@@@@@B@@@@A@@B@@@@@@@BA@@@@@@BA@@@@@@@@@AB@@@@@@A@@B@@@@A@@@@B@@@@A@@@@B@@A@@@@@@B@@A@@@@@@BA@@@@@@@AB@@@@@@A@@B@@@@@@A@@B@@@@A@@@@B@@A@@@@@@BA@@@@@@@AB@@@@AB@@A@@B@@A@@@@BA@@@AB@@@@@BA@@@@@AB@@@BA@@@@@AB@@@@@@AB@@@B@@AB@@@@@B@@AB@@@@@B@@A@@B@@@@@@@B@@@@@@@B@@@@@@@B@@@@@@@@A@A@A@@@AA@@@@@@ABA@@@A@A@@A@BA@@@A@@@A@@@A@@@A@@@@AA@@@@@@@@@A@@@@@@B@@@@@@@@@@A@@@@@@@@@@@B@@@@@@@@@A@@@@@@@A@@@@@@@A@@@@@@@@@A@@@A@@@@AA@@@@@@@@A@@@@@@@@@A@@@@@@@A@@@@@A@@@@@@@@@A@@@@@@@A@@A@@@@A@@@@@@A@@@A@@@@@A@@@A@@BA@@@A@@@AB@@A@@@AB@@A@@@@@@B@@@@@@@B@@@@@B@@@@@@@B@@@@B@@B@@@@@B@@A@@@A@@@A@@@@AA@@@AA@@@@@A@@@AA@@@@AA@@@@@A@@@@@A@A@@@@@A@@@A@@@A@A@@@A@@@A@@@@@A@@@@BA@@@A@@B@@@@@@@B@@@B@@B@@B@@@@BB@@@@B@@B@@B@@@@@BB@@@@B@@@@BBA@@@@B@@AB@@@@@B@@@@@B@@B@@@B@@@@AB@@@B@@@@@B@@@@@B@@@@@B@@A@@B@@@@@B@@@@@B@@@@@B@@@@@@@B@@@@@@@@@B@@@@@@@B@@@@@@@B@@AFD@BBBFJFJD@FCFKEGACAA@A@A@A@C@@@A@@@A@@@@@A@@A@@A@@@A@@@@@AA@@A@@A@@@@@A@@@@@A@@@AB@@A@@A@@A@@A@@@AA@@@@A@@@A@@@A@@B@@A@@@@B@@A@@B@@@@A@@B@@A@@@A@@@@@@@@@@A@@@@@A@@@@@@@@@A@@@@@A@@@@B@@A@@@@@A@@A@@@@@A@@A@@A@@@A@@@@@A@@@@@A@@@A@@@@@A@@@@@A@A@@@@@@@A@@@A@@@@@A@@@@@A@@AA@@@@@@@A@@@@@A@@@A@@@A@@@@@AA@@A@@@@AA@@@@@AA@@@@@@@@@A@@@@A@@A@@@@A@@@@@@A@@A@@@@@@@@AA@@@A@@@@@A@@@A@@AA@A@@@@@@BA@@@@@@B@@@@@@@B@@@@@@BB@@@@@@@B@@A@@B@@@@@@@@@BA@@@A@@@@@A@@@A@@A@@A@@@@A@@@@AA@@@@A@@@A@@@A@@@A@@@@@AB@@@@@@A@A@@@@@A@@@AB@@@@A@@@@@@B@@@@@B@@@@@B@@@B@@@B@@B@@B@@@@@B@@@@@@@B@@@B@@A@@@@B@@A@@@@@A@A@@@@@A@@@A@@@@@A@@@A@@B@@@@@@AB@@@@@B@@@BB@@@@@@BB@@@B@@@B@@@BB@@@@@@@@BB@@@@@B@@@@@B@@@@@@@B@@@B@@BB@@@@@B@@@@@B@@@@@@@B@@@@@@@@@B@@@@@@@B@@@@@B@@@@@@@BA@@@@@@B@@@@@BA@@@@@@BA@@@@@A@@@A@@@A@@@A@@@@A@@A@@AA@@@@@@@A@@AA@@@A@@@AA@@@@AA@@@@@A@@A@@A@@@@@@AA@@@@AA@@@@@@@@AAA@@@@@A@@@@@AA@@@A@@@@@AB@@A@@@A@@@@@AA@@@@A@@@@@@@AA@@@@@AA@@@@@@AA@@@@A@A@@@A@@@A@@@A@@@A@@@A@A@@AA@@@@@A@@@@@A@@@AA@@A@@@A@@@@@A@@@@@A@@@@@A@@@@@A@@@@@A@@@@BA@@@@@A@@@@B@@A@@@@BA@@B@@@@A@@BA@@@@@A@@@A@A@@@A@BB@@@@@B@@@@@@@B@@@@@@@B@@B@@B@@@@@@@B@@@@@@@@@B@@B@AB@@@@@B@@@@@B@@@B@@A@@@AB@@@@A@@@@@AB@@@@@@@@A@@@@@AB@@@@A@@@@@@@A@@B@@A@@@@@A@@B@@A@@@@@A@@@A@@B@@A@@@A@@@A@@@A@@@A@@@A@@@A@@AA@@@@@AA@@A@@@@@AA@@@@A@@A@@A@@@@@AA@@@@A@A@@@@@A@@@A@@@A@@@A@@A@@@@@@@A@@@A@@@A@@@A@@@@@@@A@@@@@@@A@@A@@A@@@@@@AA@@@@AA@@A@@@AA@@A@@@@@A@@@A@@@AB@@A@@@@B@@A@@@@BA@@@AB@@@@A@@B@@A@@B@@A@@B@@A@@@AB@@@@@@@B@@@@@@@B@@@@@B@@@@@B@@@@@@@B@@@@@B@@@@@B@@@@@@AB@@@@@B@@@@@B@@@@@@@B@@@@@B@@@@@B@@@@@BA@@@@@@@@B@@A@@B@@@@@BA@@@@@A@@B@@A@@@@@A@@@@B@A@@@@@@A@@@@A@@@@@@@@@A@@@@@@@A@@@@@A@@@AA@@@@@@@A@@@@@A@@@A@@@@@A@@@@@A@@@@@A@@@A@@@A@@@@@A@@@A@@@@@A@@@A@@@@@A@@A@@A@@@A@@@A@@@A@@AA@@@@@A@A@@A@@@B@@A@@B@@@B@@A@AFCHAFCFADAD@DAFADEBI@E@E@EBEBE@CDAFFDFBD@D@FBD@FBHBF@DBDBFFDDBFBFBF@D@B@@@@@FBHBHAF@DAF@DBD@DAD@@@B@@@@@B@@@@@@@B@@@@@@@@@B@@@@@@@B@@@@@BB@@B@@@B@@@@BB@@@@B@@@BB@@@@B@@BB@@@@@B@@@@@@@B@@@@@B@@@@@B@@@@@@@B@@@B@@@@@B@@@@BB@@@B@@@@BB@@@@@B@@B@@@B@@@B@@BB@@@@@B@@@@@B@@A@@@@B@@A@@@@BA@@@@@A@@B@@@B@@@@@B@@@@@@@B@@A@A@@@@@A@@@A@@@A@@@A@@@A@@B@@@@@@@B@@@B@@@BB@@@@BA@@@@@AB@@@@AB@@A@@@A@@@A@@@AB@@@@A@@@AB@@@@A@@@A@@B@@A@@@@AA@@@@AA@@@AA@@@@@@@B@@@@@B@@B@@@@B@@@@@@@B@@A@@B@@@@H@TIHCNATFDB@@@@@BB@@B@@@@@BB@@@@B@@B@@B@@B@@@@@BB@@B@@@@@@@BB@@@@B@@B@@@@B@@@@@BB@@@@B@@BB@@@B@@@B@@@@@B@@@@@B@@@@@B@@@@@B@@@B@@@@@B@@@BB@@@@B@@@B@@BB@@@B@@@BB@@B@@@B@@@BB@@B@@@B@@@@B@@@@@B@@@B@@BB@B@B@BADA@@B@@BB@@@@@@@@A@@@@BB@A@@BB@AB@BA@@@@@@@@@@@@@@B@@A@@@@@@@@@@@@B@@@@@@@B@@@@@@@@@@@@@@@@@@@@@@AB@@@@@@@@@@@@@@@B@@@@A@@@@@@@@@@@@B@@@@@@@@A@@@@@@@@@@@@@@@@@@A@@@@@@@@A@@@@@@@@@@@AB@@@@@@@@@@@B@@@@@@A@@BA@@@@@@@@@@@@@AB@@@@@B@@@@AB@@@B@@@@@@AB@@@@@B@@@BA@@@@@@B@@@@@BA@@B@@@@@@@BA@@@@BA@@@@BA@@@@BA@@@@B@@@@@@@@@B@@@@@@@B@@@BB@@B@@@@@B@@@B@@@B@@@B@@@@AB@@@@@@@B@@@@@B@@@@@B@@@@@@@B@@@@@BB@@@@B@@@@@B@@@@@@@B@@AB@@@@@B@@A@@B@@@@@BB@@@@BB@@@@@@BB@@@@@@BB@@@@@@@@BB@@@@B@@@@B@@@@B@@B@B@@@@@B@@@B@@@@@@B@@@@@@@@@B@@@@@@@B@@@@@@@B@@@@@@@@@B@@@@@@@B@@@BA@@B@@@@@@@B@@@@@@@@@B@@@@@B@@@@@@@B@@@@@@@@@B@@@@@@@B@@@@@B@@A@@B@@BB@@@@@B@@@@@B@@@B@@@B@@@B@@@@@B@@AB@@@B@@@@@B@@@B@@@@@B@@@B@@@@@B@@@B@@A@@B@@@B@@@B@@AB@@@@@B@@@B@@@@@B@@@B@@@@@B@@@BA@@@@B@@@B@@@@@B@@@B@@@B@@A@@B@@@@@@@B@@@@@@@B@@@@@BB@A@BD@@@B@@B@@@@@@B@@@@@@A@@@BB@AB@@@@B@@@@@@B@@BB@@@@@@BBB@@@@B@@B@@@@@BB@@@@AB@@@B@@@@@B@@@@@@A@@B@@@@B@@@@B@@@B@@A@@@@@B@@B@@@@@@A@@B@@@@BBA@@AAB@@@@@B@@@@A@@B@@BB@BAB@DCB@BB@ABA@AB@BBBBB@DCB@DBBADABABAFBF@DAF@FFHDD@B@@@@@B@@@@@@@B@@@B@@@@@@@B@@@@@@@B@@@@@B@@@@@B@@@@@@@B@@@@@BB@@@@B@@BB@@@@B@@@B@@@B@@@@@B@@@@@B@@BB@@@@@B@@@@@@@B@@@@@@@B@@@@@B@@@@@@@@AB@@@@AB@@@@A@@B@@@@A@@@@B@@A@@@@@@@AB@@@@A@@@@B@@@@@@@B@@@@@B@@@@@@BB@@@@@BB@@@B@@@B@@BB@@@@@@@@B@@@@@B@@@@@B@@@@B@@B@@@@@B@@@@@@@B@@@@@@@B@@@@@B@@@@@B@@@@@@@B@@@@@B@@@B@@B@@BB@@B@@@@@BB@@@@B@@@@A@@B@@@@@@@B@@@@@B@@@B@@AB@@@B@@@@@@BB@@@B@@@@@@@B@@@@@B@@@B@@@@B@@B@@A@@B@@@BA@@@@BA@@@@BA@@@@@AB@@A@@B@@@@@B@@@B@@@@@B@@@@@B@@@@@@@B@@B@@B@@@@@@BB@@@@BB@@@@@BB@@@@@B@@B@@B@@@@@BB@@B@@@@@@BB@@@@@B@@@@@B@@@B@@@B@@@BA@@@@B@@AB@@@@@B@@@@AB@@@@@B@@@@A@@@@@@BA@@@@@@B@@@@AB@@@@@B@@AB@@@B@@AB@@@@@B@@AB@@@B@@@@@BB@@@@@@@B@@@@@B@@@@@@@@@B@@@@@B@@@@@@@B@@@@@B@@@@@@@B@@@B@@@B@@B@@B@@B@@@@BB@@@B@@@@@@@BA@@B@@@B@@@B@@A@B@@@@B@@B@@@@@B@@B@@B@@@@@BB@@B@@@@@@@B@@@@AB@@@@@@@@@B@@@@@B@@@@@@@@@B@@@@@B@@A@@B@@@@AB@@@BA@@@@B@@A@@B@@@@@@AB@@@B@@@B@@@@@B@@@B@@AB@@@@B@@B@@@@B@@@BB@@B@@@B@@@@@B@@@B@@@@@@B@@@@@@@@@B@@@@@B@@@@@@@B@@@@@@@@@B@@@@@B@@@@@@@B@@@@@B@@@@@@@@@BA@@@@B@@@@B@@B@@@@B@@@@@@BB@@@@@B@@@@@B@@@@BB@@@@@B@@@@@B@@@@@@@B@@@@@B@@@@@B@@@@@BA@@@@BA@@@@BA@@@@B@@@B@@@BAB@@B@@B@@@@BB@@@BB@@@@B@@@@@B@@B@@B@@@@@B@@@@@B@@@B@@@B@@@B@@@@@BA@@B@@@B@@@B@@@B@@AB@@@B@@B@@@@@B@@@@@B@@@@BB@@@@B@@@@@B@@@B@@@B@@@@@B@@@@@B@@@@@BA@@B@@@@@B@@@B@@AB@@@@@B@@A@@@@@@@A@@A@@A@@@@@@AA@@@@@@AA@@@@@@AA@@@@AA@@@@@@@A@@@@@A@@@@@@@A@@@@@@@A@@@@@@@A@@@@@A@@@@@@@A@@@@@AB@@@@A@@@@@AB@@@@A@@B@@@B@@@B@@@B@@@B@@@B@@@@@B@B@@@B@@@B@@@B@@@@B@@@B@@@B@@@B@@@@B@@@@@B@@@B@@@B@@@@A@@B@@@@@B@@@@@BA@@@@B@@@@@B@@@@AB@@@@@B@@@B@@AB@@@B@@@B@@AB@@@B@@@B@@@B@@@BA@@B@@@B@@@B@@@B@@@B@@@B@@@B@@@B@@@B@@ABB@@B@@@@@BB@@@@BB@@@@B@@B@@@@@@B@@B@@@@BB@@@@B@@B@@B@@B@@B@@@B@@@B@@BB@@@B@@@B@@@B@@AB@@@B@@@B@@@B@@@B@@@B@@@@@@@B@@@@@BA@@@@B@@@@@B@@BB@@@B@@@B@@@@@B@@@B@@@BB@@@@B@@@@@B@@BB@@@B@@@@@B@@BB@@@B@@@BB@@B@@@B@@@BB@@@@B@@@B@@BB@@@B@@@B@@BB@@@B@@@@@BB@@B@@@B@@BB@@@@@B@@@BB@@B@@@B@@@@BB@@@B@@@BB@@B@@@@@BB@@B@@@@@B@@@B@@@B@@@B@@@@@B@@@B@@@BB@@@@B@@@B@@@B@@@B@@@@@B@@@B@B@@@B@@A@@A@@A@@@A@@B@@@B@@AB@@@B@@@B@@A@@B@B@@@B@@@@@B@@@B@@@BB@@B@@@"],"encodeOffsets":[[121877,33747]]}}],"UTF8Encoding":true}