{"type":"FeatureCollection","features":[{"type":"Feature","id":"341222","properties":{"name":"太和县","cp":[115.627243,33.16229],"childNum":1},"geometry":{"type":"Polygon","coordinates":["@@@EDMFUBCBC@AA@@AA@@ABA@A@@BAB@B@@EBE@CBA@CBA@@DEDCBCFIFIJKHKJMDA@AB@BAB@FBF@F@FBB@FDB@B@B@D@B@DAB@@@D@HBDBB@JBB@B@BALCLCBA@@B@JCDADABAB@D@BA@@BA@CBA@@B@DAD@FABB@AD@DABAB@FA@@BE@ADABABAF@F@BALC@@@ABCBABADCBABA@ADA@@@A@AB@F@DAB@J@DCF@BA@@BABABA@@B@@AB@B@BADABAB@@AB@@AB@B@@ADCB@BA@@B@B@B@@@@@B@B@BB@@B@@@B@BAD@D@B@B@BAD@B@@@BADCBA@ABCBA@A@@BAB@BADCDCBABADCBA@AB@@ADCBABADABABADCBABABCB@@A@A@AB@@@@@D@@@BAB@DADABABA@A@C@A@ADAB@BABABC@ABA@AAA@ABA@EAA@AAAAAAC@A@ADA@A@A@AB@@A@C@A@A@A@AAA@A@CAABA@A@A@ABC@A@A@A@ABABA@ABCBABABABADABA@ABABA@@BA@CBG@ADA@ABA@@AA@CBAB@D@BABABA@ABAAA@A@CBC@AAAAC@@DAD@DABA@A@AAC@AAADA@ABGBACBAAGAMCA@AA@@@C@AB@BABA@ABA@I@EA@CCCA@AAA@AAA@C@AB@BA@ABA@AAAEEACAA@A@C@@BAD@@A@@@EAABG@AB@@ANCB@@A@ABABA@CBC@ABADCBCBA@AA@AAAAA@@A@AEAA@@AACAE@AGFABGHCDSPCDABEF@@ADCBABGFEBABABC@A@CBIBA@CBABCBCDCBABGDMDEBA@EBAA@AAC@@EACCAA@E@CCG@E@E@E@E@EBGBEBCBEDE@GBCBEDEBEDEDCBC@CAEAEACECEAEAGCCCCCCCACAC@G@EBE@EBC@CBEGAGCCACBCDCDADCDGBE@E@C@E@C@C@E@C@E@GECAGCECCAAA@ADADCBABA@AAC@A@ADABCBABAA@C@EAA@E@BCAC@CA@GACACACCECCAEAECEAICEEEAEAGGC@ECECCCEAEAEC@@ABIFEBCDCBCDQFEDEBA@CBA@CBA@ABADABA@@BA@AAA@EECCEGAAA@A@A@A@ADADCRADA@ABA@O@A@CD@B@@@B@BFFFDB@@B@DA@ADEFABEDC@@BCAEEAAAAA@G@EAEAE@EACAEAECAGCE@GACCG@CCCAECACCCACAEAEACCCAGACAEAEACAGACAEAAA@@EEA@CACA@@AAAA@@AACAAAAA@AE@@@@BDB@@@D@F@BBF@HA@A@EBGDEBCBCDCBCBEBEBCDEBCBEDCBGHADCBADCFADAFELAFADADAFCDADEBEDEBGBC@G@CAE@CAGBEBEFAD@DAF@F@D@FADCBCFEF@D@J@HDFBDDHDDBDDBDDBDDDDFBDBD@D@F@DAJCFADADCJADADADADAFDFDFBDFDDDDDFDDJBB@F@BAH@FDF@FADADCFCBADEFCFBJADBD@F@DBH@D@FBD@DBF@F@D@F@FBJ@H@FBD@DAF@BAH@D@F@FCF@DAD@J@FAF@DAHCFADADAHAFADADAFBHDBBFBF@F@FAD@D@D@F@DCDADCFCBEDCBCDIFCBCDGDABEDCDEDEFAFBFFFFBD@DBJ@FBFBFDAD@DEHCDQLIFFHDHBHA@@@AFAFABBBDBBBB@BD@@ADADBB@BBBD@B@BB@@BBBBBF@FBHBFDDHH@@NBJBLDLBN@D@DDFFD@D@D@DEFIDADAFBH@HBHBJFHBFBBABA@EBAJIBAD@DBBDDBDBFBD@DBBDFBF@H@JDDBL@F@D@DEDAD@FDBBBFBP@BB@H@J@F@H@JBL@D@D@F@DBF@HBJBDBFBbDF@FB"],"encodeOffsets":[[118416,34392]]}}],"UTF8Encoding":true}