{"type":"FeatureCollection","features":[{"type":"Feature","id":"340825","properties":{"name":"太湖县","cp":[116.305225,30.451869],"childNum":1},"geometry":{"type":"Polygon","coordinates":["@@DA@A@GAM@G@CCACEACDCNEHCDAAI@S@EDEDCFADCFEBAF@NAF@J@HBJD@K@G@GDCB@DBH@DBBCDAFBDBD@FADAF@HDLFBFDBDBD@DCDAF@`HFDF@BABCFFBDHDJFLBBADG@CBIBKFG@E@EBAB@F@DFBDFFDDFBJBHALAN@JAHAH@HAD@FAFAH@DAD@FCDADAFAF@F@FBFBDBPFLDJ@J@HCFCDCDKAK@ABAR@HAN@RAFBDBPLBBRAR@H@HBFDLDJDLBHBD@DADEBEDMBCBEBCD@FBJ@@@B@J@LDJO@EBADELCJ@FCDALIPGDCDGBKFMDEHARBJ@BGFIDCP@TCJCF@F@B@HCDAD@HFJDFFHFNDBC@E@G@CDCD@F@H@F@LEDAJ@FAbMACFCNIFE@CCCECEGAC@MDaBQBIDIDGDGDCJEBGACCACCGOAEBABEDMDCD@LAfELABEBADEDEBEBGAEACCC@I@GBGHSFKBADAFCDEDM@EAEAAGACEBKGCEEGGC@KBI@EAKKAE@EBIACCE@CBMAAOCKCCAAWAM@IHK@GBGB@HAHAFCBG@GHSDEFAJANCLGLIDEBC@AACAAKEGG@A@I@AEIAA@C@CHQJOFI@C@EAOGMCCAMEKCQMsC_MFUPip]bIFQDSDKFONAF@LA^@XAJEHIJGFIDA@ABGJCDCHADAJCFCFCDGDEDABCHCDEBKFOJABAACC@AEECA@C@A@EAAAAAAC@C@EBE@E@@BAF@BCFKPCDEBC@ABCFCDKJAB@DAD@BADGFABCDADABAB@@@BBB@DBDCJCP@J@D@DDDDH@@CFEFKDCDGFEDEBIDI@I@KBABAB@B@D@DADABABEDUHCBC@EAIAC@CBI@E@A@CCA@A@A@EBE@C@A@ACC@C@A@EBA@AD@B@J@FABABA@C@MEC@E@KAGKACAACAAAI@GBC@ABADKJA@AAEEAAAACC@CAACEAAEAA@C@C@A@GCA@A@ABCFELABEBEBGBGDABAB@DABBD@D@B@DA@EHEFIHIBEBGBMBGBCB@@@B@D@BA@CBM@KBC@E@EAEAICCAA@YBWBQDOBEBEAED@DAD@HAFADCBE@EBCBCDEDEBE@CDAF@HBDBDHDBD@FADAFAD@JBDDHBHDFHN@DDFDDJHFFDDABC@E@C@EBEFEF@DCJADCHGDOFCB@FAHCJ@HOVFLBFEHCBOJG@E@EBADCFCLGDIBG@GBEBCBE@CCAC@EAEC@EDEHINENBFLL@FAJ@HAB@DEFGFEBCBEF@F@FAFEDEDE@KHEDI@@JEJEFCBEDCD@FBBDDDB@DAHARBFBDBDDDDFHTNnDHFDJDVBH@FADAFGFCDCF@D@FDHDFDF@D@HAB@NB"],"encodeOffsets":[[118632,31495]]}}],"UTF8Encoding":true}