{"type":"FeatureCollection","features":[{"type":"Feature","id":"532325","properties":{"name":"姚安县","cp":[101.238399,25.505403],"childNum":1},"geometry":{"type":"Polygon","coordinates":["@@CAE@A@C@A@A@A@EACAC@IA@@A@@ABC@A@CCGA@CAA@C@@@A@@AB@BA@CAEEGIGGIAEA@C@A@EDC@G@EAIEOAC@AB@B@B@DBBA@A@ACCAC@CA@CRMRQHI@EBE@EBCDAB@D@D@BABC@A@CACAEFQ@CBA@GCCCCCCG@@C@C@C@AA@CBCBCAGGCAC@@CAADCBAAACEGICB[dGDGPARA@AAIECAABA@@D@HAD@DA@EAABCBABA@@ACCCACBABA@@D@DABCDCDCBA@EACAAACCEA@AACAABABBBBDDD@B@B@BCAAEC@A@A@CDEBCFEBEBI@C@@@ADEAK@CCAAAGACA@A@A@ABEBIBABABC@AAAGCECECCCA@@@@D@D@B@BABCBA@A@EE@@AEAACAAAAE@@CAC@C@E@AB@@DDB@@B@@AB@@MCC@CAA@@B@@@B@B@BC@C@ABA@ADCFABABA@AACCCAA@A@C@A@ABCBCBABAAA@ECAAC@C@CBABCB@DCDIHALA@A@CAA@A@CDADCDCBA@CAAACECAAAC@A@BBBBDF@DBD@J@DDBFDDB@B@@@@@BC@C@C@AAGCEC@C@ABE@EAIACAACE@ABCDEBC@EDW@C@@BA@ABA@@BBD@B@@A@C@@B@B@HDBB@@BA@@CE@@@A@@B@DDDB@@B@@AD@DBB@@BD@FDB@B@BAB@@A@@@C@ABABABEBABA@ABAB@B@DBD@B@@A@@GA@A@@@ABAD@BABGFEBA@A@CACCCA@A@AA@CKC[BAHCDCDA@A@A@ACCAE@EAECIEGCGCAAAAA@A@CBCDCDCFCDABC@GASSEIACCGCECA@@@@@D@LBF@DBDBBDHBBBB@DCDC@AAAABABA@@@AAECCCACGCGCEC@@B@BA@AA@CAAACBECOAKBG@C@AKCAA@A@G@@AA@@GFGHEFG@C@CBADBJ@B@BOHA@AA@A@EAAC@E@C@E@C@C@CAA@AC@CCC@CC@CAAAEEACA@GNEFABC@BBABAAC@ABEJCBCFAB@DAB@FB@@@BCBAD@AHADA@@BANABC@ACCACAIDC@AA@ABABABC@A@AAA@A@AB@D@DB@A@AEKAMCE@YAAEDG@GHGDC@EAEC@EACAAC@EBA@CDABEECGACA@A@@BABABABA@CAABEDCDCBEHCDALBFBHBDBJDDADADA@MACCACCAC@EAC@@BA@DFFDBD@B@BA@BB@B@@CDA@GCC@C@E@E@EB@@AB@@ABAB@@BBDBJB@D@@@B@@A@KEC@A@@@A@AHBB@@@B@@@BA@@BA@AAAB@@@@AD@@@BAB@@A@A@A@ABGHCBAB@B@@@BDDFDBBBBHBJHBB@B@@AB@@A@A@CAA@KFA@@BBBDJDL@D@B@DCBABC@@AEC@@A@A@AH@@C@@@A@A@CBABAB@B@D@B@@ABA@A@AAC@C@AAE@C@AB@@C@@@@@@@BA@@DADCBA@A@@@@@AA@A@A@ACAAA@A@@@A@@BB@@BB@BB@@@D@BABAB@@A@@@AAAA@AA@@BA@ABC@ABA@A@EAEBC@@BABADAD@D@D@BBBB@@B@@A@A@GBA@CDAFCB@@C@C@ABA@BBBB@BABGFC@ABC@CB@@A@AB@BBB@B@H@D@DDFBDB@B@B@@B@@@BEH@BGF@@ABAFABCBE@A@ABB@BBBB@B@@@DABABA@CB@@@B@@BBB@JCD@BB@@BD@@@@CDABAD@BBB@@@B@DAB@DBBBB@B@@BF@B@@AB@@@B@@BBB@@BBD@BB@DDBB@B@BADABAB@@ABCDAD@B@BBD@@@D@@@BBB@D@B@@BBBB@B@@@BBB@@BBB@@@BB@F@D@BBB@D@B@B@B@B@B@D@BBB@@LD@@DBB@H@F@D@B@BBD@D@B@B@B@B@BABABABADAB@B@D@@@BBDBD@B@B@BB@F@DABA@AB@B@H@B@@BBB@BB@R@BABCDGH@B@@@BBF@FAFA@@B@B@F@D@BABAB@B@@BB@@BB@BAD@BB@BBAB@D@BADABEFAD@BB@@BFD@@BD@BAJABAD@D@D@BA@ABAB@@@B@BA@@@A@C@AAC@ABGDEBEDC@E@A@CAAA@@CAA@CAA@CAC@C@A@A@@BB@@BBB@@BBBDDD@BBD@HBD@BBB@@@BADCBKDGDEB@DALADABGFAB@BDDFFBDBDBBB@BBDBDBB@DBDB@BBBBDDDHFFDD@B@@@BA@@B@BCB@B@DBDBFBFBHBD@JBDBB@@AB@BCB@F@BADA@@@ACAAAHAFCFC@CCGEG@CDGDAH@H@LCD@FDDBHA@AACBCFEFBDBD@B@DCBAFBDDBDDDBDBDAB@B@BBBB@@@DA@AF@BDBFBNDJJ@HBJBHHDBDDJBFADC@SBGFEFADCBS@CHADABCD@DBD@B@@C@ABA@BB@B@BBFDB@F@HBDAD@BBBB@@DBF@FDFBDBBAB@BGHAD@FDB@@@DABCAACCAA@A@ABAD@DBBAB@@CBCAAG@CABEDAD@JADC@CEG@CAGBCF@F@BC@GAKAGACBCB@BDB@@ABAFF@CCC@EACBCFAB@@IDAHADBHHFJHFHDB@D@BCB@D@BBBDDA@E@EBCBAB@DB@BB@F@B@HCNCJBLAJBL@@CAACAGC@A@C@@DAH@FAJGHGAQDAF@B@DDBBHA@EDADBDB@@BBABABC@@B@BDBHBBBBABA@CBAD@BBBB@DBF@FDHDDDDBBF@BAB@DAB@CE@AA@BABAAE@A@AFCH@LAFCTKNIHCH@JAJEH@D@@D@FCF@DBBD@B@FEDB@D@NBDF@J@J@BA@CDEAGDADEFADDJDJBLCHALBLFNJJHPDPD`BXAREJELKNE@@B@FCDCBCB@BAFD\\RFBFAHEFCBC@IAIBKF[DIB@@ABA@@B@DBB@@@BE@C@@"],"encodeOffsets":[[104006,26168]]}}],"UTF8Encoding":true}