{"type":"FeatureCollection","features":[{"type":"Feature","id":"341881","properties":{"name":"宁国市","cp":[118.983407,30.626529],"childNum":1},"geometry":{"type":"Polygon","coordinates":["@@ACCEBC@CJGDCNEBABAAAAA@C@ABADAH@BCDCDA@CAC@ABC@A@AAACAC@AAGGMEEE@@AA@A@E@CACCAA@ECAEBEBEBOBADCD@F@L@BADADAB@DAB@@C@GACVOF@H@JBHBVNRLBFDBHDHBD@FBH@B@@ABCACBCACBCDIFGFI@ACMAGCGAE@C@AFEBE@E@S@G@ABEBABICK@C@AB@NEFADA@@BABAAI@CDEBCBC@@AE@CCCCE@E@C@ABAB@B@HBHBB@B@DAHEBCBICQ@E@CBADAD@H@FBH@LALAFCFEFG@AAECEA@EACACBEACAAAAACCCEEAECGAEAQEGAG@E@GJAF@HABABCBGFCBCBCDCB@@C@EAYGGAEACAC@@AAACGGGGGGEGECCCAA@A@A@CBA@A@@@GECACAC@C@C@CBEDEBA@A@@AIKAECG@ABADAB@BABA@AAGCIACCKCGCGAEAACCAACACAA@A@@BAD@D@FADABABCBA@A@CACAE@GDA@@@CC@EAE@AAAA@A@E@G@C@A@C@A@ABEDCBC@C@EAC@CBCB@BA@ADA@A@A@A@A@AAA@A@CBADADC@@BC@@@C@A@G@G@M@EBC@C@A@CDCBCDKBE@CDGDEFCBC@CBABCDCBA@C@CAGACCMGCCCCEGECAACAA@E@E@CBAB@BAB@BADAB@BA@@@G@KAG@CBE@C@CBEDCB@DABABA@EBC@CDABADABABC@CBKBC@@@@@@@A@@B@@EBC@@@AB@B@H@D@FBD@BAD@BA@A@GAC@EAA@C@A@ABADABA@C@C@AAC@ACA@@AA@ABABAF@DAD@D@BABIAGCKGCACABCAGACCACAEAGECEEACAC@C@A@A@CAAAIGCCCCCAGEICMACAA@@A@CMEaEAAIAIGECEAACECEGGCIAIAG@GBG@GBI@MDMBQDOBSBMDOAKAMCKC@AE@I@IAECEAGCEAE@G@C@A@AF@BDHDFBTAD@H@F@FBFDL@DHFDDHJDFBF@D@H@PBBFDJBLBFDBFDHDFFHDD@DAHEDEFIDKBI@M@I@K@KDIFKFGDCFAHBFBFFHDFBJ@JCLEFCFCHCHEJAF@HCHCFCHEFEHEFEFGDOBU@BHBDBHBHDJBJ@HAFCFCHEHEHCDAH@F@HDFHFHBJFFDHFHHDF@FBHDHDHLHNHFALCHGDIBIBIDGHGHEJAJBFHJHDDFBHDHDN@JAJAH@H@DFHF@H@N@HHDJDHBHDHDJDFFLBRDJ@LHLHDDDHDHDD@FAFAL@DAFDFHFFFDDFFDHBF@H@JAJAHAF@HAJ@FALBHDFHHJBLDNBLFFDDDHDFHFFHFHDNBDAHBJBJ@LDLBFBFDDDTHJDRBPALCHCJEHCDAHCJCDADADCBAFDBDBBBFDDDBBBL@JCDADABB@BDJHHFDFBFB@BBDDDDDDDFDFDBBB@B@D@D@B@HHBFDHFDRGPEJCHIDMBIFEHEHCFAFEDGBG@ECGAKAGBGBEBGBGDOHMHODEHKFGBKAGCIDMDIDGDGDGFMLEHEDG@I@IBGDEHEDAL@NBHDHBFFDDBFBFDDFFJBL@P@X@N@NCLABBBA"],"encodeOffsets":[[122104,31349]]}}],"UTF8Encoding":true}