{"type":"FeatureCollection","features":[{"type":"Feature","id":"341125","properties":{"name":"定远县","cp":[117.683713,32.527105],"childNum":1},"geometry":{"type":"Polygon","coordinates":["@@B@HADHDDHCFEAACACAAEAAACACDGBE@CAEAAAAACBCBCDADEDCFGFCDAFBDFDBB@F@DAD@BCBAFCFCDCDCBAHAHAHAFCFADAHCFAFCHADAF@FADAH@D@H@J@J@F@FAF@F@FCHADEDCBEBCBC@CCE@EDCDCDADE@CBCBCAEACCECEEACCACACDEHCBAHCBEDEBEBEBEDE@E@CBEBGBEAGBGBEBCDEFCDAH@FAFE@E@C@CBC@C@O@@@AECCCEAIAE@I@G@E@E@G@C@GBGBG@GBEBE@CBIACA@CAIAC@E@CAEBE@G@G@E@E@E@E@E@ECCEECCCCECGCECCAEAECEACCCCCAECCCCCACCCCEGAACACCCCE@ECCCCCCGCCCG@C@I@E@IDC@ICEEEAEEEECECEACAEAEDE@EAEAE@E@GAGCEAGCACECCECGEGEEEAACEACEAEAEBEAE@CCACACAE@CAEAEAEAE@GAE@IAGBC@EBCBE@CACCAEBG@GACACAC@E@C@E@E@G@GCCCAAECCC@CCCCBCDEDCDCDE@EEECECCACCCACAGAE@C@EDABADCDABEHCDEDCDCDGBGBGBG@C@GDEBCBEBGDI@C@EAEACAACGACEEAEAC@CDCFADGDEDGBCBC@EBE@E@G@E@C@C@AH@NSASBOE[SBRSMQ@CE@@@@MQOBA@CAECE@EAGCCCGAECCCCAEAEECAEEC@CCGCGAE@EAE@CAEAE@EAEAE@CAE@GAGCCAEAE@CBEBEDCBEDEBEDEFCBCBCDCBADCBEDCBEDGDCBEDEBGBE@EBGBEDCBEFAD@FA@BBA@@B@F@F@D@DAFGDCBGDEBE@GBAFCFCDADCFAD@DBFBDBDDFDHDFBDBHBDDJFJHHFHDHDFFFHDNBJBFD@H@H@JCNAHIDG@EBGBE@GBE@EBEBIDCBEFADEDCFEDEAEAEAGAEAE@GAE@GBGDBDDDDDFDHBDDFBDBBDDFBFBH@DBFAF@H@D@F@D@FBDBDDHBHFHDFDFFFDBFFFFFFBD@BEBCDCDADGDEBCAGEEICECCEAECCACCEAGCEAGAEAGCGCGAECGAGCE@CAE@IBCDCDEDEDCBC@CAIEECECEAI@C@A@A@@BCBEBCBOJC@CBIFC@ABCBEBEBEBA@EBA@EBC@C@C@E@G@C@A@CBA@A@@@ABABCFEFAB@DDDANAVB\\BB@F@F@DCDCDEHADADADAH@@DLBFDBFDFBBDDFBD@B@HADKLCD@BABABKRAHAD@F@P@VADADCH@BADF@DDHBF@H@PBTJXB^AV@F@F@HBFBF@H@HBFBHBF@D@JFFBHDDB@@FBPJ^LLDRDZHBBGNABBDLDF@BKD@@@F@D@FAHGFCBCFCDADCDAFAH@F@DBDBHDHRFHLDH@RMNWFEB@D@F@D@D@D@DDFDFDHDD@HBF@F@F@FAHAH@D@HAH@D@H@HBH@FBH@DAF@HBH@FAF@DAFCDCFCBEDAFCF@DBFDDDHFBDFBHFHBHBDADAFCDAFEFADAFADAFADCFAF@FAF@DAFAHCFCFEBCBCDCDAHCFAD@F@J@HB@D@FCFAD@HBDBDDDDDBDFDDBDDFFDBDBBDDDBDDDDDDHDDFJBDBFBD@DBF@F@D@DBDDDJDDBFBHDF@HADBFCBCDAHGBC@CDEAC@CBA@GBEBE@CBE@C@CFEDEBE@C@C@CBI@E@GBCBGDEFAFBFFBDDHDDDFDBFBFAHEDCDCHCHCD@F@FDDFDFBFFFDBFBFBFAJBFBF@FBH@DBHBDBH@HDFBD@F@D@F@H@F@DBFDHDDBD@F@F@D@H@F@JBD@D@FBFBDBNDD@HFDDFF"],"encodeOffsets":[[120770,33462]]}}],"UTF8Encoding":true}