{"type":"FeatureCollection","features":[{"type":"Feature","id":"340811","properties":{"name":"宜秀区","cp":[117.070003,30.541323],"childNum":1},"geometry":{"type":"Polygon","coordinates":["@@HGHGJCHADEDCBCBKBEDCTOHEHCBCDEDCJCDAD@DAD@BC@C@C@A@@B@BAFABABA@AFACECEBENCFBJHJAJABCIMCGGSGMCIEGCC@CBUBSBG@GAKAKEGGEGIEMMKIIGMGOMMIKIIGEAEAG@C@A@CBC@CBC@C@A@@AAA@AA@@CBE@A@A@A@C@A@A@A@A@C@A@C@C@C@A@CEA@CACAACA@@@A@C@A@A@EAA@@@ABI@EBGDKLMDANGAIECPKJGFIFAHAF@B@@@FAPCNGLEDKIKEE@ECCGIEI@MGI@G@GDDBDDFDBBBB@D@L@FBBABADAB@DAB@@AF@B@H@B@BCTABEBA@AB@D@RAFFDHHBFBDDBJFB@ABCDCDCFELGFEAGACHAFBFBFJBDB@F@BDBB@@HBDD@DB@LBDJ@HBBD@FDFJJDBH@D@BFBDBB@F@BE@I@CBEBAD@FDH@@@B@@DHBBBDBBFD@@B@D@B@@BB@B@B@BBBDB@BD@BB@BD@BBB@F@B@BCF@D@B@@B@B@FCDCBABABAB@@AB@JBF@F@D@DBB@FAB@JDB@DDBB@B@@BB@DBB@BFLDFDBH@dErE"],"encodeOffsets":[[119912,31506]]}}],"UTF8Encoding":true}