{"type":"FeatureCollection","features":[{"type":"Feature","id":"341802","properties":{"name":"宣州区","cp":[118.758412,30.946003],"childNum":1},"geometry":{"type":"Polygon","coordinates":["@@@@@A@@@@@@@A@@@@@@@@@A@@@@@@@A@@@@@@@A@@@@@@@@@A@@@@@@@A@@@@@@@A@@@@@@@@@A@@@@@@@A@@@@@A@@@@A@@A@@@@@@@A@@@@@@@A@@@@@@@A@@@@@@@A@@@@@@@A@@@@@@@@@A@@@@@A@@@@@@@A@@@@@@@@@A@@@@@A@@@@@@@A@@@@@@@A@@@@@A@@@@@@@@@A@@@@@@AA@@@@@A@@@@@A@BA@@@@@A@@BA@@@A@@@@BA@@@A@@@@BA@@@A@@@@B@@A@@@AB@@@@A@@@@@AB@@@@@@A@@@@BA@@@@@@@A@@BA@@@@@A@@@A@@A@@A@@@@@@AA@@@@@@ADAB@DAB@DCFADCDAFCNMFADABABBB@D@F@HAL@HAJ@B@FADAFCDEFEDCDADABCFEBCBC@EAG@EAA@ABCBEBAHGDCDAD@DA@ABAB@@A@@B@B@B@B@D@@@B@@@@@@A@@B@@@B@BBBBB@@@@@@BB@@B@@BB@@@B@@@@B@@@B@B@B@BBB@B@@@B@@@BB@@B@@@B@@@@@@AB@@A@@BA@@@@@@@@@AB@BA@@@AB@@@B@BA@@B@@@BBDAB@BB@@B@BB@@@@BB@@B@@@@B@@@@@@@B@@@@BBB@BBB@@BB@@A@@B@@@B@@@BBB@@@BBD@BB@@B@@BB@@@B@B@B@F@DBF@LBB@BBBA@@BA@@BAB@B@B@B@B@@@B@@@BA@@B@@@B@@@B@@@B@@@@@B@@@B@@@B@@@@@B@@@BA@@@@B@@@B@@@B@@@@@B@B@@@B@@@B@@@B@@@B@@@B@@BB@@@@@B@@@B@@@B@@@B@@@@@B@@@BB@@@@@@B@@BB@@@B@@@BB@@@@B@@@@@BB@@B@@@BB@@@@B@@@@@B@@@BB@@B@@@B@@@B@@@B@@@BA@@@@B@@@@A@@@@@A@@B@@A@@B@@@BA@@@@B@@@@@@@B@@@B@@@@@@@B@@@@@B@@@@@B@@@B@@@@@B@@@B@@@@@BB@@B@@@BA@@@@B@@@B@@@@@@@B@@@@AB@@@B@@@@AB@@@@@B@@@@AB@@@B@@@@A@@B@@@B@@@@@B@@@@@B@@@@@B@@@@@BB@@@@B@@@@@BB@@@@@@B@@@@@B@@@B@@@B@@@@@B@B@@@@@B@@@B@@@B@@@B@@@B@@@B@@@@@B@B@@@@@B@@@B@@@B@@@B@@@BA@@B@@@B@@@@@B@@@@@B@@@@@@@B@@@B@@@@@@@B@@@BB@@B@@@@@BB@@B@@@@@BA@@@@B@@@@@BA@@@A@@@@@A@@@@BA@@@A@@@@@A@@BA@@@@@@B@@@B@@@B@@@B@@A@@B@@@@@BB@@B@@@@@B@@@@@B@@@@@B@@@@B@@B@@@@@@@B@@@@@B@@B@@@@B@@@@@B@@@@@@@B@@B@@@@B@@@B@@BB@@@@@BB@@@@B@@B@@B@@@@BB@@@@@B@@B@@B@@@@B@@B@@@B@@B@@@@B@@@@B@@@@@@@@@@B@@@B@@@B@@@B@@@B@@@@@B@@A@@@@BA@@@@B@@A@@@@B@@A@@B@@@@@BB@@@@B@@@@@B@@@B@@@B@@@B@@AB@@@B@@@B@@A@@B@@@B@@@@@@A@@@@@A@@@@@A@@@@@@@A@@@@@AA@@@AE@CAAACBIAEEE@CJABAD[@@FE@@BEFABC@@DGBEBA@@BM@@AB@@I@I@EDC@ICMAAAAA@@@@@CDGB@AAB@@@@A@CAAAC@AAA@GAIAC@A@C@AAC@AAAGAaO@@DUN@ABCB@BA@A@@DGD_BCFADGDEDI@GBK@ODIFGFKHGJMDGBEAIAEGICECE@IBGFIDI@MBIBIDGBEBKAICKEGCEGIIIIIMIGIECGECEAG@CDEFCDCDGBGDODIJEHGFCJCHCHCHEHEJAP@HCFADAF@@GAMCGGEECCE@E@EBCECCGAEGGA@C@C@A@A@AAECECCCCCCCAC@AEAEAECGGCI@AAACBCBIDK@AACACCAEAAACECABCDCBCBIDGDCBGDIFGDKDOBQAICSGCCECEAKAKCI@IAGACBMAGCGEEEEGGCCCECKEMAKCIAGGCEAGBK@EBI@GBEBGBI@I@GAECGEECCEEGECEBE@CBKBE@ECCCGCGCCKGKGI@QCKAEEICGCGCGAICGC@G@M@GGECEG@G@IBIBM@GCGCEACCIGEGIAIBGFGHCHAJAJCJGHKDEBMGBHBD@DBJ@FDJBHDHBL@BBBBBJDBB@@@BAJAbARADCJA@E@EAGAC@A@ADCFEF@@@BFRBFBH@JCDCBIBI@EBCDELCJCJ@J@JAHAJEJCHIFAFCBGDIBKDIFGHGHGDI@GACAMGICKEE@ILCJ@@@BCHWTOHEBCBE@CAC@@BADCBC@@@@@A@@@@@@B@@@@A@@B@@@@@B@@@@@@B@@@@B@@@@BD@@@@@BBB@@BBBA@@@@BBB@@@BB@@BB@@@@@@@A@ABA@A@@@@@@@B@BB@@@@A@A@C@@BBB@B@@DBB@BBBBDDB@@@@@@@AAAA@@AAEAC@@@@B@B@B@BFBB@@@@@@BAB@@B@@@@@BAB@@@BB@@@@@@ABA@@@@@@@B@@B@@A@@@@@@B@@@AA@@B@AA@@@BA@@@AAAC@ABAB@@@DB@@@BBB@B@DAB@@AB@@AB@@ABA@@BA@@B@B@@B@@B@@@@@@CB@BC@@B@@B@B@D@D@BBADAB@BAB@@BB@D@D@BCBABA@A@A@ABBBA@@BCDE@ABB@BBB@@B@B@@@D@@AAC@@AB@@@@A@@A@ABCB@@@AAAA@@CAA@A@@BBB@@A@@@@@AB@AAB@D@B@@AAA@AB@@AA@@@@@@AB@B@@@AA@@BAB@B@@@B@@A@@@A@@A@@BA@@@A@@@AA@@@C@@@AA@@@@B@B@@@FA@@@@@@A@@A@AA@A@@@@@@@B@BBB@@@@@BA@@@A@AA@@@AB@@@@@C@@@@C@@@@@DAB@@@@AA@BA@A@A@@@@@B@DBB@@@@BA@@B@B@@@@@B@@B@A@@B@@@B@@A@@@AA@@@AA@@A@@AAAACA@@@A@@@@@@@@ABEDCBA@A@A@@@A@A@@@C@A@A@@FCDCF@B@B@B@BBB@BFFHD@@D@B@B@@@BB@B@@@B@@CBBH@@FB@@BA@B@@B@A@@BA@@B@@@@@B@@@BD@@@BBB@BBBB@@@B@B@@@B@@A@AA@@C@ABA@@@AB@B@@@BAB@@ABA@A@A@A@@ACECCAAC@AAAB@@@@DF@BBBB@BBBB@BBF@D@@ABGB@BC@A@AAA@@BABAB@BAD@B@@@BB@@@BBB@D@B@B@D@BA@A@ADAB@D@@@BBDBBBB@BDBBBB@D@B@@@F@BADEH@B@B@BBBBBBBDDDBBBDBFBHBFDDFBBBD@B@D@BAFCFABGDCDCDCBABADA@CD@@AB@B@@B@BA@@D@NABAJ@JAB@@B@B@BADEDEF@D@@BBDB@BFBHDJFJFNFJFJDLBLBJ@J@HBJHHDFH@JAPGNEJCL@H@FFFHDJDNVBFDJDHB@D@D@BABABC@C@@EM@E@G@AFGFGHCDA@@HBHDNBHDFFJHDDDBNHHHFHFJHJFHFDFFFDBB@@HNDDB@ADCDGF@@AD@D@BDFHJHD@@DF@DEDAH@D@FBFDJFFJLFFJJJDNHHDHBFDHBB@D@B@B@BB@BA@@@@BAB@B@@AB@@ABA@AB@@@B@BAB@B@BABABADABCHABAD@BABA@A@A@ABA@A@ABA@A@AB@@ABABA@ABED@@ABCB@DABABA@AB@DAB@@@BABABABAD@@AB@DAB@B@B@BAB@@A@@BEJ@B@@@B@BA@ABABEFABCBA@CDCBABABABAB@BAB@BAH@B@BABA@@BA@CB@@A@ABEBCDEBCB@B@BB@@@BB@@@B@@@B@BBBB@@BAB@B@BBD@BBDBDFDBBDDBB@BBB@D@HAD@BBD@B@HBF@B@BAB@B@BAD@D@B@BAB@BAB@BA@DBFAD@H@FBDBFADAD@F@FBFBFD@@BBB@D@DAF@BAD@B@BB@@HLBBB@@DDFBBB@@BD@FBD@"],"encodeOffsets":[[121571,32075]]}}],"UTF8Encoding":true}