{"type":"FeatureCollection","features":[{"type":"Feature","id":"340826","properties":{"name":"宿松县","cp":[116.120204,30.158327],"childNum":1},"geometry":{"type":"Polygon","coordinates":["@@XAZAB@DBJDFBFBF@D@LAN@DAB@@A@C@A@@DAHANAHAFAJAJGFEFGB@@C@A@CACBA@CBABAHCHAFAFABAFKDEBAB@B@HDB@D@D@B@FBBBDFBB@DDDBBBBFFBBB@LIBCBAD@HAJ@BBDBBBBDHLLBF@D@NFD@B@BABA@E@I@ABCB@FAB@D@D@BDB@D@F@FAB@B@B@DDB@F@J@DAD@JBFBD@DAVGFCBABABC@C@C@ABABALAJ@J@JCFAFCHEDCLCFEDE@@CGCC@C@C@IDODIAC@CAA@A@@BABABCDCBAHEBC@ABC@CBALIDCDEBAD@FADCLODE@ABE@AF@F@FAD@D@BBBBBB@F@B@DDBFF@BDDBBBAPILEFADCDGBAFCHCDCDEDEBIBCDGDCHIBAB@JCHEJIFGBI@WB]@KBEPMLETCRCJE^ajoVONERGfKVCBABCFKH@BAVULIBCDABAV@V@@OBCBCHCDCFCHM@EBCDCVKO_K_C_BSKKsM]IGKGMEQAWAuBO@MAKA[QWOICeSuWYSIMEi_MMGGIGIEOKKEOISGSEGBG@EFMREHMVMPSNIDGDUBU@[@KAOC`AF@LANB^@FBFBF@F@FAD@FAH@BGPABCDGLcjGJINKNGJCDEFEBCHCF@H@FDFDDDDDJ@D@FAJ@TADAH@F@HFHFJFDDDBFBD@JAHCJGJEHCFAJBHDJFJ@F@HCH@HBF@DDFBDBFBH@FALAJALGFEDGDCFCFCDCFGPAHAFGVAD@L@HDHFHFJDP@FCDCFCFCFEBEHGDCDI@EBGDE@ADCD@FCLCDGDOJABGBI@C@GDEFEJCFAH@JADALAJ@HAFADEDEDEBKDEBIFEBIBIBIAIBMCKCGCGFIDGDIDCHBDFFHFHFDF@N@DCDADGHEFKHGLERKPEL@FFHFDLJDFDDH@JBDBJLDJFLFDHDF@DAHABAHDDDDH"],"encodeOffsets":[[118729,31156]]}}],"UTF8Encoding":true}