{"type":"FeatureCollection","features":[{"type":"Feature","id":"340422","properties":{"name":"寿县","cp":[116.785349,32.577304],"childNum":1},"geometry":{"type":"Polygon","coordinates":["@@ECCCCACAYECAGEIAI@IAI@KBI@I@IAO@IAIAK@GEGCGCCAGCQCOCOAKAWAMCMEGEAECEECIEGEEEECCEEECCEGGCCEIEIGCCGAI@GBG@G@G@ICICGCIIIFC@GBIBMFK@I@GAGAMAGCGCECECGCGCGAGCG@IFEJCLBN@`@RAVDVAFCHABGBE@GBEBGDKFGDKDOFMFOF@@@@CBOFEFCDEDGFCBEDEDEDGDEBGBGAI@CBIBGBGBGDGBCBBBB@BHDLBH@DABA@@BCFCNABABC@@B@BBF@D@DBB@BDD@BDBB@@@BBE@DB@D@DEHCHCD@DSPOfJdAVCNSNOvPTAPYTCFJJRFPZJJALIT@JJVATGVCnUTOhSRKHGTCVLVNPAFEDEBEFEDADADDFBD@DBFBD@F@FBF@D@DBHLTHb`INbLTBP@^ @^PNDdJ`HRHHFHFHPJLLNVPZJRHLFJHFJDJBD@FI\\CH@BB@DDHBJFDD@BBB@BB@B@BAB@@ABABABAD@BADADAF@@E@EBC@@BABAD@JAD@DADABABCBC@C@CAE@ADCDEBABC@A@AJADCB@DCJKBABEBC@CCACCAE@AE@GB@EBGBGFAZCDADC@EAKBEDEDG@CBAF@DBHFDDNKHEDEDCLEN@DABEAMBGNGDEJMHGPIFE@I@KEKIIMGAEDETERCHCBA]QIKAI@yBOPWPOLERAlBfAlA@@jAFBBBRCJALAVBPDB@B@BA@E@IBEAGAE@IAG@I@IAEEACCDEBCDCBEH@FDDBFAFABCCEEGEEGC@CAE@AAGCCCCCCACCE@CAE@CBE@EBCBGBEDCF@D@FDDDDBFDDBFBHCDEDCBCBGBG@C@CACCGCCAG@CAIAE@CCEAAACECACGECAECGAEAG@C@E@E@C@E@C@CAEBG@CAECCEEE@C@CBONI\\MACBC@E@C@C@EEECGACCACCCACAGCC@GAE@E@E@GBE@E@EAAEAE@EBA@EDGBC@EBGBCBEBCDCBCBEDAHCDAHAF@D@HCDEFEBEBCBGBCBEBE@C@CBC@C@EBCBE@CBCBEBADCDCFCFADCFADCDCDE@E@GAC@C@CAGAECEAEAECCAECGEGACCC"],"encodeOffsets":[[119839,32776]]}}],"UTF8Encoding":true}