{"type":"FeatureCollection","features":[{"type":"Feature","id":"341002","properties":{"name":"屯溪区","cp":[118.317354,29.709186],"childNum":1},"geometry":{"type":"Polygon","coordinates":["@@B@BA@CB@DA@BBABABC@@D@@@D@@@@@@ABAB@AC@A@E@ABEDCBAFAD@BA@@BA@@@CAAA@AEEMEQ@C@A@AA@AAC@A@A@A@ABCDKPK@GEAQCMAIKACBC@E@GCCACI@A@AHC@A@@CAEAAABABADABADCDAB@B@FAB@DECBA@C@C@@A@@AA@AAAAA@CB@DAB@BA@CACCECECCECIEG@CAG@G@CDEDABEBAB@B@B@@FHFJDB@B@BABEDCB@B@DA@ABC@A@ABC@A@A@AACAA@CCA@A@EBAB@@@@CDEHAB@B@@@@@@AD@B@BAB@@AA@@@AACIECEAACEACJIBADCDAFEBA@A@@KGAAGG@@@@@ABA@A@@BA@@AA@@A@C@C@EAC@CBCB@@ADABGDMFCDABABC@A@@BA@@B@B@BBDBBBD@BBF@H@H@F@B@FKJABABC@A@A@EECAC@OAKCMEC@EDG@ABADABEHIJ@B@DDB@B@FCDAB@DCB@B@@@@JHHBB@BA@@@@DBDD@BAD@BDFDBLDH@N@B@ZDPAF@B@@@@BDFBDBDBLDF@DAD@BAD@B@B@BJBHDBB@@@@B@DDDDDB@@BABBBF@A@EBABCDCBADAB@DBDB@B@DBDBBDBB@D@DBDBDDDBB@B@@ABCDADAD@D@DC@A@ABAD@D@DABABABAD@B@D@FE@A@CBCD@D@F@JHFDDB@F@F@B@BBBBB@BBBDFFDB@@@BA@AB@@E@A@AB@@@B@B@DBD@BBDF@B@@B@DA@@BABC@AB@BAB@@@F@@AB@BA"],"encodeOffsets":[[121225,30490]]}}],"UTF8Encoding":true}