{"type":"FeatureCollection","features":[{"type":"Feature","id":"340828","properties":{"name":"岳西县","cp":[116.360482,30.848502],"childNum":1},"geometry":{"type":"Polygon","coordinates":["@@GECGGAGCCAACAC@CBEI]BEBE@CCEKO@C@A@AAECCcUCEe]EAGCAAAABCDCDABA@C@CEOIMBEFABCCO@CHGBCAMCEAAACAA@E@MAA@ACCEAICGAAAACGACC@CDCD@F@@CC@EA@CDI@ABCDADA@CDAH@HA@EJEJ@DACICGAC@AGCQIMECAKKCCCAA@C@A@EBE@KCIAG@AAA@@A@CAAAACAAAAGAE@CCEIEMKGGICA@CAEACCGEECAEEIBC@ABABA@O@EBGIEA@AEAIA@@ACAA@M@E@IBEBCBGDEGAAEAICCAC@ABEBEDCAG@ICKEMIECCCAEAA@AECEE@AECCAAA@ABEBA@@A@A@A@@@GCAAA@CBA@BBBDA@ABCBC@@@AI@E@G@@I@EAC@ADAFADCNAFCFCBC@GAKAICKCECGAG@Q@QBAAOKCAEAQBM@GBQ@AB@BBLCLCDEDGDI@I@KCOECAEAEAE@E@EBCBCBEDC@CBG@EBEBC@GBG@GBIBM@KBGBIAEACCEEACCEE@A@AB@F@FEHALAJ@DCHABKAIEGCACEEADABE@EC_GE@CBCDC@CACAAEKEGCE@CBEBC@CAEACBADCAG@CAA@CD@H@H@LICGAI@E@MBE@ABEFCDEBCDCF@F@TBJCBGDMFCDBDDFDB@D@HBN@H@BCBBHAFBDDDLDHDJFDFBD@DCDIAIDABAD@FDDLNBHEHADBF@JEDIHGFCDADCH@FBFBFFFJHJJDFBHBHFDHBHDLLFFLDPFNBDDFBDBF@D@BAD@J@HDFBFT@DBDDBFAHDNJBBDDPHPHDD@JDDDDHDHBH@FBFDHJFDFBFDHFFBJBHBFBFAF@HCDDDFBDDBH@H@HAH@N@PA@DAHAH@FCFAHCDAJANAFCD@D@JAFAHBD@FA@K@KB@JBNBJ@HFH@HAJBDNTFHJNHDPFNFHDHFBBBB@D@BAF@@BBD@DBBBDBBBB@DADCDADAFAFADCDBB@FBFDLDPDPDRFF@LCHCFCFEFEDGBGAEAC@CBCFKJGJCNAF@J@JBJBHDJDHFFFTLRFRHBBBDDDBD@D@@@F@@BBBD@@BB@BABB@@@J@@D@@@B@BD@B@BBDBAB@B@BD@BABBBBFBBB@B@B@@@@B@D@D@BBABABBBD@@@B@B@BBAB@@HB@@@BFDDHBB@BBBAF@@@B@BBD@BBBDBHFHDJBB@D@D@DABBFBB@DBBBBBDBBBBBBBBBBB@D@D@B@D@BBD@@HBBBB@DBBBDDFF@@B@DAHAJENGB@J@H@@@JED@BABBB@D@BBF@J@D@D@B@DADEHGHEFGDCDEBEBE@KBCFCDADAF@D@DAFAD@F@DBB@B@BFDFDBDDFBDBH@F@FBJDHHDFBDBBB@@@B@DE@CDABCB@B@F@B@@BB@BDDHDHDDDFFH@@DBB@DB@BDDBBBD@@BBFDHDB@BB@BBD@B@@@BBBDBBBB@B@B@DAFAD@BABABC@ABA@AAA@AAAACAA@A@AAGBC@C@CBCBAB@BEBC@A@A@@AC@A@@@C@C@G@ADE@A@@@C@ACCAC@A@A@ADABABADEBA@C@AACACCEAAEGKKAA@CACACAEGGCIAEAC@CBA@A@A@CAACCACAC@@@CBC@A@C@C@A@C@@@AACACAEAA@ABC@ABA@AAAAG@C@C"],"encodeOffsets":[[119328,31766]]}}],"UTF8Encoding":true}