{"type":"FeatureCollection","features":[{"type":"Feature","id":"340181","properties":{"name":"巢湖市","cp":[117.874155,31.600518],"childNum":1},"geometry":{"type":"Polygon","coordinates":["@@A@AACC@A@@BABC@ECIAG@@@@@ACIAIAGAGACCEAECE@ECCECCAACEAECCAGCEAEGACCE@EAEACAEAEACACAEDKDGBCBEDCFEBEBCCCCECECC@EAABEDCDCFADA@@D@DAFADABABAAAAACCEACCAA@C@E@C@ADCBADO@KCIGMCABWDINKB@BEDEDCHEDAHADAD@@A@A@EAACC@AEGACA@@EEG@AAA@I@CAE@CBAFE@ADCBAD@BA@E@E@EEMA@@CAADE@@@ABA@A@@AAAACAA@@A@A@CDEBA@C@@@E@EBA@A@@@AAC@AC@A@CB@@A@@C@A@CBAB@BA@@B@B@@BBA@@@A@A@AAAAAAAAAA@AA@C@A@AAAC@A@A@A@AAA@A@A@A@A@CAA@AA@A@C@AIEAA@@BG@AAA@A@A@CBAPHD@BAFELODAD@FBHBFBF@F@FABABA@AA@AAACAAAAAACCGEAA@ADCHAJAD@DCDCBKBEFAFABCBAAG@@CACAEAECKGCACAE@C@C@E@CBEDAB@BCBCDGFCDEDIBI@EBI@EAEAGAGEE@QIIAICGCCAECEAEAEAEBGBCBE@I@E@EAECCCGAI@GBGBGBGBG@E@E@IACCCEAECGAEACG@ABCFEBIBICCACCCCEAE@EBG@SFEBGAGACCECCCAEACCMAIAE@EAECCAE@EAE@GAEAIAECGEGGGGGEGCECEEIEICICICCAIEICIAI@GCKCIAGCICGEKCGCGCEEEIAEDIAEACCCGAECEEE@A@@AAIGOAI@GAIAEAMA@@@BCFGJ@BA@EBaFkFA@E@GC@B@BBD@D@D@`B`BJ@D@R@R@BDFJJDFDHFJDDDHDFBBDBBBBFBDBDNNBDDD@F@LAL@JBFBF@BAFAD@BAH@NEDCDCHCFEHEHGHGHIJGLEJIJEHIJCFGHGDGDGFGDGFCFEJCJGJGJKNCNIHKDABI@GDABAD@DBF@FF@FDDDFDH@FAJBJFJL@DHLFJLLLLHHJNRXRZLLVZHDDDHHBFDJ@DDFFDBDFHBFAHEHCJBHFBHADCDCFEFCF@FBBHAFCJ@HFFFFADCHAH@FDHJJJFLJJFNFNFLFLPBFFJJBNFDHDHAHEXBLFJDHHHFHJJFLHHHHJHJFHJDFDFDFDHBJDNDJHJHHLFLFBDDHDLHLDJFLDHHLHHFFDDDH@HBLFFFDJFBDJBFCFAJ@HBHBHDDDFFJHNJRJNJHEDCB@LALC@@BABEBA@AB@@@@AB@@AB@@A@A@A@@@AA@@@@A@@BCBA@@BAD@@ABA@@B@B@@B@@@@@ABAB@@@@A@@@A@@@AA@@@@A@@A@AB@@AA@A@@B@BAB@@@BADI@@@A@@B@D@@AB@B@BBBA@@@@@A@A@ABABAB@@@B@@A@@@@BAB@BBB@@@B@@@B@FA@A@@@A@@@@A@A@@A@@@A@@BA@AA@@@@AB@@@B@B@@@B@@ABC@@AAA@@@@A@@@@@@@AA@@@AA@@BA@@B@DB@@B@AABA@@@@B@@DB@@A@@@A@@A@@@CA@@BC@A@A@A@@A@@@AB@@AA@@@@DAB@@@@@@A@@A@@@A@@C@@B@B@@@B@@@B@@@@AB@@AB@@BDBB@BA@@@B@@@@BB@@BA@@BA@@B@@@@@@B@@B@@@BADA@@B@@@B@B@@BBAD@B@BBJBB@B@DARGFCB@B@V@BAB@BAhS@ABADE"],"encodeOffsets":[[120783,32672]]}}],"UTF8Encoding":true}