{"type":"FeatureCollection","features":[{"type":"Feature","id":"341822","properties":{"name":"广德县","cp":[119.417521,30.893116],"childNum":1},"geometry":{"type":"Polygon","coordinates":["@@@@@A@@@@@A@@@@@A@@@A@@@@BA@@@AB@@@@AB@@@@@B@@AB@@@B@@@B@@@B@@@@BB@@@@@@@BB@@@@@@B@@B@@@@B@@@@@BB@@B@@@BB@@B@@@@@BB@@B@@A@@@A@@@@@A@@@@B@@B@@B@@B@@@@B@@B@@@@@B@@@@BB@@@B@@@@@B@@B@@@@@@@@BB@@@B@@@BA@@@@B@B@@@@@B@@A@@B@@@@@BA@@B@@@@AB@@@@@B@@@@A@@B@@@@@@A@@@A@@@@A@@@A@A@@@A@@@A@@@A@@@A@@@A@@@A@@@A@@@A@@@@@A@@@@A@@A@@A@@A@@@@AA@@@@@@AA@@@@@AA@@@@@@@A@@@@@@@A@@@@@@@A@@@@@@@@@A@@@@@@@A@@@@@@@A@@@@@@@@@A@@@A@@@@@A@@@@BA@@@A@@@@@@@A@@B@@A@@@@@A@@@@B@@@@@@@BA@@@@B@@@@@@@B@@@@@B@@@@@B@@@@BB@@@@@@BB@@@@@@B@@B@@B@@@@@B@@@@BB@@@AB@@@@@@@B@@@@@@@B@@@@@@@B@@@@@B@@@@@B@@@@@@@B@@@@@@@BA@@@@BA@@@@B@@@@AB@@@@@BA@@@@@@B@@A@@B@@@B@@@@@B@@@B@@@BB@@@@B@@B@@BB@@@@B@@B@@@B@@@BA@@@BB@@@@BB@@@@@@BB@@@@@@B@@@@@@@B@@@B@@@@@@@B@@@@@@@B@@@@@B@@A@@B@@@B@@A@@@@@A@@@AA@@@@A@@B@@@@@B@@@@@@@B@@@@@@@B@@@@@B@@@@@@@B@@@@@@@B@@@B@@@@@@@B@@@@@@@BA@@@@@@B@@A@@@@B@@@@@@A@@B@@@@@@@BA@@@@B@@@@@@A@@B@@@@@@@BA@@@@@@B@@A@@B@@@@AB@@@@@BA@@@@BA@@@@BA@@@@B@@AB@@@@A@@@@@@@A@@@@@@@A@@@@@@@A@@@@BA@@@@@AB@@@@A@@B@@A@@@@B@@@BA@@B@@@@@@@B@@@B@@@B@@@B@@@B@@@B@@@@@B@BB@@@@B@@@@@B@@@B@@@BB@@B@@@@@B@@@@@@@B@@@@@B@@@@@@@BA@@@@@@B@@A@@@@@@BA@@@@@@B@@A@@@@@@BA@@@@@@B@@A@@@@B@@@@@B@@@@@@BB@@@@@@@@B@@@@@@@B@@@@@@@@BB@@@@@@@B@@@@@@@B@@@@@@@@@B@@@@@@@B@@@@@@@B@@@@@@@@BB@@@@@@BB@@@@@@BB@@@@B@@@@@B@@@B@@@B@@@@@B@@@@AB@@@B@@@B@@AB@@@@@BA@@B@@@@@BA@@B@@@BA@@B@@@@@BA@@B@@@BA@@@@B@@@BA@@B@@@@@B@@@B@@@B@@@@@BA@@@@B@@@BB@@@@B@@@B@@B@@B@@@@@B@@@B@@B@@B@@@@@B@@BB@@@@@B@@@@@@@B@@@@@@@B@@@@@@@B@@@@@B@@@@@@@B@@@@@B@@@@@B@@@@@@@B@@@@AB@@@B@@@@@BA@@DAJIHGFALELEHIPM@IDUFGJAVBPAFFNXHLDB@@B@@@@@B@@@@@@@B@@@@@@@B@@@@@B@@@@@@@B@@@@@@@B@@@@@B@@@AEAIFMVKTEHC@CEEGAGCGECECEAE@EBEBIBGDGBE@CAICOAE@UBKBKBIEICECEGEMEGGGGAEEAAAEAEAAEKGECEECECE@AAC@A@CAA@A@C@CDG@GBC@AEMAABC@EDE@CAAGCIGEACCA@CACE@C@C@ICGEGAA@CFI@E@C@ACM@C@CBABEDEJKHKHE@AAK@EDKDEBCACACA@CAI@C@EBC@A@AAAAGCCEEECEAECEEOCEGIISCE@CCCACAAGCCAC@C@C@EAACC@E@G@EDCBADEDC@GAC@CAAAAA@A@ABG@IACAE@E@A@ABAHG@ABCAACGCC@AAA@A@CFEBsIIKOGICEKGCCEGEECKAIAIGIMGGEI@A@GAE@GAE@CBGDGHAFCDCJAPCJ@FAHEJABABAB@@C@AACAGGCAE@CBA@A@A@CAGIC@CACCEEAAAAC@EBA@GCCACEAAGGEIAC@CCCCGAEAAACAGCCCCECGECCAAE@E@E@EAEAECCAE@C@C@KDE@IAGAG@CAE@E@CDADCDA@A@ECAAEGABAAKBMDM@W@O@K@IAEECCAEAECCEEGAGCMAK@CBGFCFAH@J@JCHGFKFENCHCHCHCJCNDJBHALEHGLCFGPGNCPAHAHAFAHBHBLDH@FAHCHEFEBGDGFEFAJCNGJIDOFQHAD@F@FDFFDHFDHBN@HFJDFDFDFFJBJDL@FBLDLFFJFHBLDHDJDHDJFHFHLLNDH@J@JCHAH@LBHBDDDJBJ@J@HBJDD@AJ@N@L@NJRHDLBNDV@VETBNDRNDFFH@FCHEN@LDHLLJHJFJBJAFCFCL@HBFDHBJ@J@H@LBH@HEJCJCHBFHBF@D@HBFDFDFBHBL@HAJCH@JDJDL@HEFIBIDEH@JAPGHIFG@KHOJE@@F@JC@@BADHJ@@DHBDDB@@J@HADFBHBDBF@@DDF@JAFCF@FAHBFBJDDDBD@FDHDDDDD@RCALADA@CB@B@B@BDDDDHPBF@D@@@@@B@@@@@BB@@B@@@@@BB@@@@@BB@@@@@BB@@@@BB@@@@@@BB@@@@@BB@A@@@@B@@@@@B@@@@@@A"],"encodeOffsets":[[122237,31946]]}}],"UTF8Encoding":true}