{"type":"FeatureCollection","features":[{"type":"Feature","id":"340124","properties":{"name":"庐江县","cp":[117.289844,31.251488],"childNum":1},"geometry":{"type":"Polygon","coordinates":["@@AE@CBCBAHCJ@BALCJGDMLMHIHIDIFIDEHEHCHEHCHCHGDEJIFGJIFIHKJIHGHGFGFGDEDGDCFC@MBG@ABCBE@AAEAE@IBK@K@ECCACMMACACAEAACAAACECGCCEICGCEIICE@A@Q@Q@CAIA_@_@C@CAC@A@AHDF@B@lEbEFAB@@AHIDE@A@@FYBGAG]gCCASAGIGUK_ITUDALEZQHQ@SIGBKEGIEI@KCKECEAE@G@G@EAECEG@G@ECCG@CBCFGLGDCDEBE@GBGBCAGCGCIGICKEIAECAU@MAKCGECCBGJEJEDGHMP_GCEAKIEAIAEAA@aCMCMGEACAAEAEAGAECCIBEDGBIDEBEBGBE@EAECGCMGICE@ECAC@G@G@AACIAC@I@CBCBAFADADB@DBBDBBAJCFEJGJEH@FCBEDEBEBEAEAEEE@EBM@GFEFGJCBG@C@GMCGCGEAG@GCCAQFEFGHIHMLKLEDEDIFKDGHEDAHAJ@FCFEJGFCJCJCFKFEBCDEDIFEDCBCDAHCDKJCBCBC@C@ECKMEECAEBC@E@CAC@GAE@CBOJIDKJ@BBNBH@BBBDF@BANAF@DCDAB@DAF@FDBBDDB@B@BABAD@B@F@BBBBBBDBB@FAFEDCF@DEJIP@B@FCHEFADAH@F@BEDGJMTCF@B@@OXAH@B@DENCBCBE@OAK@C@IHCHGRCDCBCBG@FJHFFFFDBB@H@FAF@FFFHDLBLBDDHLBH@VAJ@JBHBHDLDFFHFH@HCHEFEHAH@FBHBFDHFFDHFFDHDJFLFLFHDHFHFHDHFLFHHJDHFFFFHHHHHHFHFHFFDJBDBBDBDBDBBBVHdDd@RCd@Z@JBJJFF@BADABGDA@FDHDLFPFLFFDFDFPLDpJhBnFNFNDVNFDJDJBH@J@JAL@J@L@JBDBBBBBHLHF"],"encodeOffsets":[[120256,32327]]}}],"UTF8Encoding":true}