{"type":"FeatureCollection","features":[{"type":"Feature","id":"340103","properties":{"name":"庐阳区","cp":[117.283776,31.869011],"childNum":1},"geometry":{"type":"Polygon","coordinates":["@@@@@AAA@@B@@A@@@@@AA@@@AB@@@A@@AA@@A@@@@AB@BA@@@A@@BB@A@@@A@@@@BA@@@@AA@@@@@ABA@@A@@@@A@@@@A@@@@@@@@@@AB@B@A@BA@@@@@@BA@@BA@A@@@A@@@@@A@@@@@@AAA@@A@@@@@AA@@@A@AA@@@ABAAA@A@A@@@@BA@A@@@A@@@A@@B@BA@@@@B@@A@@@@AA@@B@@A@@@@B@@@@AA@@@@A@@CAGCGG@@@A@A@ABCBE@A@A@A@A@@@A@@@@@A@@@@DA@ABA@@@@@@B@@C@@@A@@@@@@@A@@DCFA@AB@@E@C@@@@@A@@@@A@AC@@@@@AME[EA@E@AB@@@@CBAD@D@@@@@B@@@@@J@FCDC@C@A@A@@@A@A@A@AB@@A@@BAA@@A@@BA@@BA@@@@@A@ABA@@@@@@@@@@@A@@@A@A@@@AB@@@BA@@@@A@AA@AA@@@@@B@@@@@B@AA@A@@@@@@D@@@@A@@BA@ABA@@@A@@AA@@A@@@@AB@B@BA@@@@@A@AAA@@@@@@@BAB@@@@A@@A@@ACBA@A@@@@BABBB@@BD@@BB@@@@@@AB@@AB@@@@A@A@AB@@A@@A@A@@@@@@@AA@CAEAA@@@@@CAE@A@@A@@@@A@@A@@@A@@B@@A@@ABA@AA@@@@@AB@@@A@A@@@@A@@AA@@CA@@@BB@@B@@AB@@B@@BBB@@@BAB@@@@A@A@@@@@@@@B@@A@@BA@A@@@@C@A@@@@@@ABA@@A@A@@@A@@AA@A@@@AA@@A@@BA@@BA@@@C@@@@@@@A@AA@B@@A@@@A@@AA@@@@AABA@@@@A@@A@@@@@A@@A@@@A@@@@@@B@@@B@BABA@@AACA@@@A@@@@BAB@@ABA@@@@@@@B@@BD@@A@BB@@@BB@@@BB@A@@@A@@A@@@BA@@@BB@BDB@@@B@@@@A@@B@@@@@B@@@@BB@@@@A@@B@B@@A@@@A@AA@@A@A@@B@@B@BB@@@@AB@@AB@@@@B@@@@@B@@A@@BB@@@@B@@AB@@@B@@BA@@B@@@B@@@DA@@BA@@BB@AB@@@@E@@B@@@@C@@@@A@AB@@A@@AA@DA@@@@@@@@B@@AB@@A@@B@@@@A@@AA@@@AA@@@A@@A@BA@AA@@AB@AA@@@@A@@A@@ABA@BB@@@DAD@BB@@B@@@@@@A@A@@@A@CB@@A@@@@@AA@@A@AB@@@@AB@@@A@@@@@AA@@A@A@@@A@@A@@@@@@A@A@@@@@AAB@@AA@@@@A@@A@A@@@A@@@@A@AA@B@B@@@@@B@D@BB@@BABB@@B@BB@BB@@@BBB@@@@CB@@A@@B@@A@@B@@AA@@AB@BA@@B@@@B@@B@@@@@@B@@AB@@@@@A@@A@@A@@A@A@@B@B@B@@@@@@A@EB@@A@@@AA@AA@@@A@A@AAAA@A@@@AA@@@@A@A@@@@@@A@@FCDEFCDAFCDCDABCBA@ABA@A@C@A@A@CBA@ABA@CBC@CBABA@@@ABA@@@@@A@@A@BA@BB@@B@@B@@AB@@A@A@@BA@ABA@@B@@@@A@@@A@@B@@B@@@@BA@@BBB@@A@@@AB@@@B@BB@@BA@@@A@A@@@A@ABGHCDCD@BCDA@C@@@C@CDCBABADCN@DAF@D@D@AB@@@B@@@BAB@BA@@B@BAB@@@BABA@@B@@@D@@@B@B@@@B@B@DA@@DAB@@@B@D@B@@@BBBD@B@B@B@@B@@B@@BBBB@@B@B@BAB@BAB@@@@AB@@@BADAB@@@B@@@BAB@@AB@@@B@B@@@B@@@DADAFAB@@@BABA@@BA@@@@BAD@FAB@BAD@BAB@BADA@@B@D@F@B@D@B@@@BB@@FBDBHFDDB@@B@BB@@B@@BBBADABADA@ABCFADCFEDABE@ABCAC@CAEBC@ABADAD@BBBBBDDDBDBBD@NBDBLDFBHBDBHBBAD@DABA@E@ABABAD@BAB@DABABADBFRFTDDBBD@@@HAD@BBD@BBLBBBDBDBF@BADAB@FEDCBA@ABE@I@GB@B@B@FBFBD@"],"encodeOffsets":[[120113,32706]]}}],"UTF8Encoding":true}