{"type":"FeatureCollection","features":[{"type":"Feature","id":"340203","properties":{"name":"弋江区","cp":[118.377476,31.313394],"childNum":1},"geometry":{"type":"Polygon","coordinates":["@@@A@@@@@A@@@A@@A@@AA@@C@A@ABA@A@@@AAC@A@C@A@@BA@@@@@A@@@ABA@AFCBCDABEDCBAFCBCDAJODG@GAEEMGKCIAE@IDEBE@G@QAWAC@EEEACEACCA@CCECGCGAC@E@A@EBA@A@@@A@@@AA@C@C@E@AAA@A@@BA@A@C@@@@@ABB@EBGA@@@AA@AAAAAEC@AA@@@A@A@@BA@CAAAA@AA@@@@@@A@AAEGAAAA@CCEAAECAAC@ABA@CB@BADADDD@NALCHALCBEBC@CCEAEBGDEBC@CAICOEKGGGEGCEAG@@ACA@C@A@CBGHOHOJEFADDDFBJDVHLFJFTNFH@DBLCNGJCBADCBA@EBA@AACAAAACC@C@ABCB@BAF@N@B@BBDBBBBBBDBDBHDB@HBDBB@HBD@B@B@D@JAH@FBBBBBBBDDBDADABCBKJCBCBABBHBF@F@F@HADABCLHBFDHDDDFFHH@H@B@F@DBFCH@DDAH@H@D@D@BAJEXIJCB@B@FBJFJDFBD@B@F@D@BBBBBFDDDBD@@@H@D@DA"],"encodeOffsets":[[121275,32080]]}}],"UTF8Encoding":true}