{"type":"FeatureCollection","features":[{"type":"Feature","id":"340521","properties":{"name":"当涂县","cp":[118.489873,31.556167],"childNum":1},"geometry":{"type":"Polygon","coordinates":["@@BCBABCAI@WFKJeNQL]DSBQCY@ODCB@DBDHLPFDL@HAFBDBB@D@D@DB@BB@BA@A@C@CAAEACC@ABCDABADAD@@@B@@@@@@AB@@@@B@@@B@@@BB@@BBBDBB@B@D@B@B@HG@@@A@@@C@AB@ACAAA@AAAC@@@A@@@AAAA@A@@C@@FAB@B@DAB@BBRHBBHD@@BB@@@@B@BADCHEDA@A@AD@BBB@BDBBFH@@DC@@@AB@@@B@@BD@@BBBFBB@B@D@@B@BBB@@B@DBBA@A@@B@BBDBD@BBB@@BBBBBB@@@@B@@@BAB@@@@BBBAB@@@DFB@@B@@@@FBFDH@JAVMLAHGJENKHG@CBAKGAC@CJOBC@CEKAGAOBAHAJCNAJ@H@JBJAFBHDHDFBHCZObWTMDCDEBEDAFBJ@PEPIF@FDDFFANENCHBHBPCNCTExB\\ADAFWFUDS@A@@@A@@@@@A@@@A@@AA@@@@@AB@@A@@@@@A@@@A@@@A@@@@@A@@@A@@@A@@@@@A@@@A@@@@@AB@@A@@@@@A@@@A@@@A@@@@@A@@@A@@@A@@@@@A@@@A@@@A@@@A@@B@@A@@@@B@@A@@A@@A@@A@@A@@@@AA@@@A@@A@@A@@@@AA@@@@@AA@@@@A@@AA@@@@@A@@A@@A@@@AA@@A@@@@AA@@@@@A@@AA@@@@@AA@@@@A@@AA@@@@@A@@A@@A@@@@AA@@@AA@@@@A@@@AA@@@@A@@@AA@@@@A@@@@AA@@@@@@@AA@@@@B@@A@@B@@@@A@@@A@@@AA@@@@@AA@@@AA@@@@A@@A@@A@@@@AA@@@@AA@@@@AA@@@@@AA@@@@AA@@A@@@@AA@AAA@A@GCIAAAEGEAECEACAE@CAA@C@AAA@C@GBC@A@A@CAC@A@A@CAAAA@GACAA@@@AAAAA@ABA@AB@BBDDFBH@DAFADCB@DABAF@@A@@@A@@AA@@@@@A@@@A@@@@@AA@@@@A@@@E@AAOUACK_IWGKIOCK@@@@AA@@@@@@@A@@@@A@@A@@@@A@C@EAC@@AA@AACE@CA@AAGK@@AAA@C@ABE@CBC@A@AA@@ECEAEAE@C@CBEBCAEAG@C@EBCACBEAC@CAECECEAE@EAC@E@E@C@A@AACAAAA@A@E@A@AB@@A@CBA@AAA@CAC@A@A@A@ABA@AAA@AAA@A@CAC@CAEAC@E@C@CB@B@BAB@BAD@B@B@BABA@CBA@A@ABAD@D@DADCBCBADCDCD@D@BDF@BADEDCDAD@BBD@BDDFHBDBBABABADADAFADEBC@EBAB@B@DBDABA@ABCBABCDKFABEDCBADAB@DBH@J@BBD@B@H@D@BA@CBM@ADEDI@K@KAGCEGEG@GI@I@IDCDGFEBG@GCKEEC@B@B@BAD@B@B@@@D@D@DA@@B@BADADAFAF@DAFAFA@ADADADABAD@BA@@B@BAD@DAD@DAD@DADAF@B@@AB@@@B@B@@@B@@B@DADAFJBNAJGFMFAFAD@BETAFGDQDQJMRUd@@FJDJBNDNDPDNBXHZFTHb@JBFFpJfHVBB@DBFDDBHBFD@F@D@RBB@FAB@B@BABA"],"encodeOffsets":[[121285,32456]]}}],"UTF8Encoding":true}