{"type":"FeatureCollection","features":[{"type":"Feature","id":"341004","properties":{"name":"徽州区","cp":[118.339743,29.825201],"childNum":1},"geometry":{"type":"Polygon","coordinates":["@@@CBA@AB@@ABC@@@A@AAC@@AAAAAA@@@@BA@@B@@@@A@A@@@A@AAA@A@E@AB@B@@@BAB@@ABA@A@@@CAE@C@@@A@A@@@CB@DABADCBABA@@AAAC@AA@@@AAACACAA@A@AA@ABEAAAAA@A@@@@AB@@@@@D@@@BEA@@@@@ABC@AB@D@DA@@BBB@@B@@B@B@@ABE@@@BB@B@BABFB@@@BCBA@@@A@A@ABAB@@A@@A@@BA@@@AAA@A@A@@BA@EA@@@D@@@@A@@E@C@A@@@@A@ABED@@A@AAED@@@AA@@@C@ABE@CA@@AAA@@BAB@BADAB@B@BEBEB@@@@@BAAAAAA@A@@@AAA@A@@@ABA@ABACC@A@@BAD@@@B@B@@@B@@AB@B@B@BBB@D@@@@@@@@G@C@@@AB@@C@C@A@A@ABABCBA@AB@BAB@D@BA@@@AAA@AA@BCAE@A@ABABAJCHCHEBA@CEM@A@A@AFEHEDCJEPENCDADCFEFIFGJIDEBG@AACA@AAGC@A@@AA@@B@@AAA@ABA@@@@@A@@@A@A@A@@@@BA@@BA@@@A@@@@@@B@@AB@@AB@@@B@@@@@@A@@B@@@BAB@@BB@B@@@@@@A@A@AA@BA@A@A@@@AA@@A@@@A@@B@@@@A@@@A@@B@@@DA@@@@@A@@AA@AABGCC@GEGE@@C@MFE@A@ABAA@@@A@ABE@C@A@A@A@@BABA@ADABAFE@AB@@AAAAAAC@A@CBA@A@@B@BD@@D@B@@A@@@A@ADCB@@AB@D@H@F@BBDDFDBB@@NLD@DB@@D@B@@@BADC@@@@FADC@A@@AAA@A@@A@C@A@A@CBA@ABA@@@A@@AAA@GAA@CCAAA@@@CB@@CA@@A@@@CAC@@@@A@CBA@CDADAD@@@BAD@D@@ABABAB@FDDDHBBDDB@BAD@B@BAB@B@@BDNP@BJ@J@HALEJCDC@@ACACAIEEEEA@@CAAAA@@@C@C@ABA@A@A@AAEACCCAGAEAABA@A@@@AC@@@@BA@A@@@@@@A@A@@CAA@A@ABA@C@CACACAAAABA@@BE@@@A@ABA@@BADAB@@CBA@@@@ACEAAC@CAA@A@@@A@@B@B@FA@@BAB@@A@ECCEAA@AAAAA@A@A@E@ECAECIGE@C@C@AD@D@BEFC@A@C@ABABABCBC@C@AB@B@BCDC@C@CBCBAD@BA@A@CACCCACAC@A@CAAAAC@C@ACACAA@CBABCDADAB@F@B@BBBBBDBBBBLAFKBKDGHEP@@ANKHOF_FMHCZ@JAL@J@NALGNALEJCJGFIBMBKEKAIAEBIHEHEJCLAHALCLAHEHEFIHGFEFOLELANCJG@GAIBCDGLCLAL@NBNBLB@@A@ABA@ABA@AD@@@D@BABBBA@BB@B@@AB@@@D@@@FBJD@A@@BABA@ADA@ABABADADAB@F@B@D@@BBBAF@FABCD@B@B@D@@@@D@B@BBBBBBBDDDBB@DDD@B@B@B@B@BD@LEDA@@BBD@BBDABAB@AA@AB@@C@@AA@@A@@C@@AAA@@A@@@A@A@CAC@CB@@@B@D@B@D@B@B@B@@@@B@@BABAD@B@D@B@BADCBBBB@@B@B@@ADA@AB@@B@@@D@B@DBDFFBFCB@B@BBDD@BBBBBB@@AB@B@@@@@@B@DBB@B@B@B@FBD@BB@DBB@BAFABCF@B@@@D@@@B@BA@ADADCF@BBBA@AF@BBDB@F@@@@@AB@F@B@D@B@B@@D@@BB@@AB@@ADABA@@B@BB@@BBBBB@B@D@BB@@D@DB@@B@BADAB@B@BB@@D@B@@@@DBBDDB@@BBBBB@B@BDB@BB@@BB@B@J@@@BBB@FCB@H@@@BABAB@BAF@@A@A@@BBB@B@F@B@B@BADA@@B@B@D@@BB@B@DABAFAB@B@@@BA"],"encodeOffsets":[[121138,30793]]}}],"UTF8Encoding":true}