{"type":"FeatureCollection","features":[{"type":"Feature","id":"340822","properties":{"name":"怀宁县","cp":[116.828664,30.734994],"childNum":1},"geometry":{"type":"Polygon","coordinates":["@@ECAAACAACG@@@A@@CG@EBCFADAJ@F@@A@EAAACAEC@G@CAIICE@EACGAI@AC@KCAC@AC@GA@CA@A@ECAIAAEAEBEDGEACACBMHEBE@E@IEMICC@C@C@CLIDCDEBCHCJCLAPAH@F@BE@Q@CBAB@FABADS@A@A@G@ABE@@BA@CBABCBAAA@E@K@CAAAAECCCCA@AGFCFEHACECE@CBKHGHE@G@EA@DEA@IAE@CACECG@GBAECGEKCCIBC@@C@CAGEECC@CBC@CAGGGEGGEACFEFEBEAEWCIEAGJIBC@CSC{WGCAA@IBIFEFAF@HAD@AEDAF@BD@HJ@FFDDDHBBD@BC@ABAFBBD@FADVD@KFAJEDC@CKKEKGQCG@EAC@A@OBOHQLQHCJ_PgBIB@OCEACBEBABA@E@K@@B@B@F@FAFADOVGNENEPCDABCB@D@BEH@DF@BB@@@L@D@J@B@@@@@@CB@@A@GEEACACACACCAEAAE@IFCDEDABC@EBG@KBCAEAGECC@EAA@@EAE@C@KEA@ACCEAACAC@A@E@CBGBGBCAGEDEDO@CDCDC@CAEEAC@C@@BCDIAACCCCAECEAE@EDIHECEAAFCACGAAACEEAAGAKAG@C@MHEBIEEDA@EACEBEFBB@DA@@@CCEGICGACCAA@CAC@A@C@@B@B@FABKJCBGBCBABCFCDA@CBA@AAKEC@A@CBCBAFCBCBA@E@C@E@CBEBA@GAEAIAIAGCIEC@G@EBEACAEEECECGAG@GBCBABGJEHCDEBI@GBC@EDIFSFIBALDFHBBBBF@FCNCFEDCBABELGTAH@H@JDDBDBFAHAFCFCFABAFLBHFDBFHBBBBbFF@D@DAFAB@JBTDTJHBHBP@D@HCFCDGFIDCDCH@D@RFHDFAD@FEBEDGDAJGDADAD@D@THD@HB@DKDADAB@D@B@BBBBDBD@DAFDNBJBF@BB@NH@DBFHVDLDJ@RCDCDKH@D@B@B@BBDDBFHAJBF@DBBH@DBCJC@EAAACBCD@F@DAFG@EFCDEHGTGNCFARCJEDGFCDEFAH@DB@@@@DD@LDHDPLPHNLTNHBDJDFPJNHNNDBFAD@DBDHDFHFBFBLFHFJLVFJBF@DAJHFFDHHFDJFDHFLDFHHFFDFFFBBBH@FLL@DABA@GDADBDBHDFFBDBF@DBHBFBL@B@D@DCJEB@F@J@J@B@@@BABABA@ADAF@DANCLAJ@B@HDBBD@D@FAFAHEBAD@H@FBRDLBNDBBD@BAB@FCBAHAB@B@DBB@B@DADABAFCB@F@DABABADCDEFCHCDCDAJAB@DGBAD@H@L@D@DCBCBEDCBE@CCC@ABA@@FBJFB@H@B@D@DAFGFGDGLM@@@AFEDA@C@@"],"encodeOffsets":[[119803,31476]]}}],"UTF8Encoding":true}