{"type":"FeatureCollection","features":[{"type":"Feature","id":"340321","properties":{"name":"怀远县","cp":[117.200171,32.956934],"childNum":1},"geometry":{"type":"Polygon","coordinates":["@@FADAHAFCFADCDCFEBCFCDCFCDAHCJCFCHAH@H@HDHBHAFAFAD@HAH@H@DBDFDDDFDD@@BDHJBBHCHAFAPANAZADAB@H@F@JAF@LAPC@@@@HCHCD@BALBB@LE@AH@F@VCL@JANCL@H@FA@@BAB@JCPCLALCNCJCBABEB@@G@@@CDEGMBCEEC@CAG@IAECEABE@CBEDCDEBGAE@EACBEDCDAFCDCF@DAFBFDHBD@F@H@FADAHCHCFCFAHCDCDCBADAJCDADCD@JAF@DAD@FAD@DCGEGECCCCCCCCAAACDCD@H@DAFAFAHAHAFAHAJAFCJAF@HCDCBCCGACAC@ACE@CBC@EBCDCDC@AD@AIAM@@HA@A@M@AJA@@@@@@AIA@MBAK@AA@K@@AGOESABCMCB@EKB@BEBC@C@ABA@AB@@ABABCBEBABA@E@E@E@A@CAAAACBA@@@@B@B@@@AC@AAEA@@AAA@@CCAA@CCACCAAA@AA@ABAEAAA@ACC@ACA@A@EC@C@@C@CD@D@@E@EB@B@B@B@@CD@@@NAH@@O@KAC@I@AB@L@H@@CL@@AB@@C@@A@A@@CD@AA@@GSAC@@A@BBC@@CCBA@ACFAAC@@A@@A@@ACB@AC@@@AAC@GAA@@ACAAAC@E@E@CAACE@EAE@@BIJCBE@ODEDGICIAU@MBCBODYASMYGGEMICKPQ`E^ETMVuFIGEAIFEHEJMFCHGA@CAEECCCCAE@ECEACCGCACECEACACEECCCEEEACCCCEECGCCCCCGACEGG@EAAKBCBCAC@C@ADCD@BEBEAIACAGBC@ADAF@DBDABEDI@E@C@GBEDCBEBKBEBEACACCC@OEEAKCEAOACAA@CCACAC@CAEBA@AFCFCB@DAUMKGC@IJADC@GAGAIEGEC@GF@BBBXL@BADE@QDCBAD@FCHGLE@C@BF@B@J@DGACAC@EBCBAD@@@D@BABEJABEDABABABABADABABC@A@C@A@@@BB@@@@@BCBEBSDgLC@EFIF_TCDMAKBA@@D@DDD@D]RKJEDEDDBBD@FCFEFEBE@EAGCKHMHGHGFSLYRIHDBBHFH@DADEBIBQ@IDMHIHABCAEAE@ABCDC@CBAD@HABEBAJSFMB@ACEACC@CBCDAD@FCBYDOD@DBB@BBF@@BB@BDH@BBB@B@BBF@D@B@BABAH@B@B@BBH@B@BDH@@BF@BBDDHDFBDBBFF@B@D@@AFBDBBAB@B@@@D@BBBF@FBB@BBBBBBD@B@BA@CAA@ABAB@B@DBBFD@B@BA@A@AAA@A@AA@BA@AB@@@D@B@D@BBB@D@DCD@B@BAB@B@D@B@D@BBAB@DABB@BBB@B@DC@@BCB@FAB@B@DFBFDXARILOJiP{Z@DAFCBAD@HAF@FBDBFBBDFFDFFFFDDBBBFBD@HAD@FBDAD@D@FADAHCFCFCBADCH@DADBDBDDDBDDDFDBBDFFDDDDDDDFFDDBDFFF@FABCDEDCDCBCDADCF@FBFHBDBD@D@@@@@BBF@FBF@FAHBD@D@DBHBFDHDDDFBDDFBBBD@JBFBHAFAHADADCDADEFADAFCFCFCJAFAFAD@F@FADAFADBH@D@DAHAD@HAJAD@F@FF@DBFAF@DAFAFCDEDAFCFCFGFCDAFEFADAHAF@F@F@D@FBHBDDDH@DDDBHDBDBHBD@F@F@F@H@D@FAF@DBFBFBFBD@FFFB"],"encodeOffsets":[[119730,34107]]}}],"UTF8Encoding":true}