{"type":"FeatureCollection","features":[{"type":"Feature","id":"341825","properties":{"name":"旌德县","cp":[118.543081,30.288057],"childNum":2},"geometry":{"type":"MultiPolygon","coordinates":[["@@V@PAHCFEFEFGFEDGDEDG@GBEFIDGDGDEFEDK@IAICEEGAEAEBGDEHCLEJELCL@J@N@J@LAJCFEFCBG@CCCEGCECGAEECKAIAECAA@O@G@CAECEGICCGEQHIFIDIBEDI@@@C@KAIEKCOECCCCCEAECGAGAG@E@ECCACEEEGEGCCAECCEEEEGICIBI@ECCGEIGKAI@ICEECEAECEEGGGECGEEAICKCMCI@K@GASCI@MAM@Q@IBWJKDKAG@EEIEEECG@I@K@E@E@CAGCCEEGCGEACCGEGEIIIIIEGGICICOECIAM@QBMHUAGPCP@LAJCJCJAFEHEDIFCBEHEFCFGHGHKDIBI@IHAJ@JBJAJ@F@FAHCHEBGDIDE@EFAFAJAF@HBJ@DDHDHJFHFHFHFJDLBN@JBHDFFFDBB@@I@C@A@AAAB@BABC@ABCBCBABCAC@CB@@@@@DA@ABB@BBB@BBBBBD@BBBBBD@B@BAD@DB@DBDAB@B@@@J@@ABC@A@ABADAFAB@B@B@@@D@D@DEHBB@@@DB@@@DHBFBB@@@BCDA@ABABA@A@AA@@ABAB@B@@BDDF@@AD@@BBB@@B@BAB@BDB@@BB@B@B@@@D@D@HCJAHJHRFN@N@HAFCFCFAHDFFLJFHHFFHHHDFJ@H@HBH@HBFB@@@@BDBDDB@@BBD@B@@BB@@BBBB@B@BBF@@@B@@AB@DC@A@@@A@@BA@@B@FABBB@BBDDBB@@B@@@DEBC@A@A@AAI@@@ADA@@LAHA@@D@B@B@BABABA@C@@DCFA@@D@BA@@D@B@@@DCFCBCB@BCFG@ABA@@D@F@BBB@@@B@@BB@@@B@B@B@BB@BB@@B@@D@@@@@@B@@@@B@HAF@@BB@B@FA@@@@D@B@B@@@D@B@B@@BD@B@BBBB@DBDDJJLHDDBB@B@FDDBD@DAD@B@HBFDFDV@RBLFHDHHLHDHFHHJDDFLFHBF@HBFBHDHDHJDFBZF"],["@@@@A@AAA@@AAA@C@AAC@A@CAC@A@A@AB@BA@@D@@ABA@@BA@A@@AAA@@@@A@A@A@CAAAC@@AAA@G@@AC@CAAAE@AAAB@B@@@F@@ABCFCFCD@F@D@BBBBB@BAB@BC@@@ABAB@BA@@@CB@BDBDBBB@@BB@@@B@B@FAB@B@BBB@BAD@B@@CB@B@BAB@DABBB@@DB@B@BB@DBF@D@@@@@BB@BBDBB@@DB@BB@DHBB@BB@B@FADADA@@B@@@D@@@BAB@@@@E@E@GBCASCECG@ABEB@"]],"encodeOffsets":[[[121473,31220]],[[121540,31010]]]}}],"UTF8Encoding":true}