{"type":"FeatureCollection","features":[{"type":"Feature","id":"340225","properties":{"name":"无为县","cp":[117.911432,31.303075],"childNum":2},"geometry":{"type":"MultiPolygon","coordinates":[["@@J@NACHADFB@@D@FILDF@JBBGUEKCBCAAS@AE[BDRBL@@@AAGP@"],["@@KGCICI@IBGAKBIBIBMBIAK@KAGEGEIEGCCICECGCICKGEEEAECGCICGAMCG@G@G@G@[JWLOPIX@VIZUXSJQDgAqS[SWOMKOS]]EOEgBSB_B@A@MCI@KAA@E@@@@B@@@BeH@@E@ABG@C@@ABABCAEBACE@@DC@A@@@ABA@@@AEIAA@@@@A@C@@@A@BD@@@@AAA@ABCB@ACMBA@A@AA@AA@@ACCA@AAA@@A@@AC@A@A@AAAAAAA@@@@B@DBB@@SVBB@B@B@BA@@BA@@B@@BBAB@BC@A@CA@BA@AB@B@@@@@BABA@AB@@@BA@@@ABABA@CB@@AB@@MFE@EBGAOFEDIBK@E@EAEEEEAAEAE@G@GAABCBABCDCBI@C@CCAECCC@G@EBEBEBADADDRHN@BCBKDOBQLGDEBO`GNCHIFIFAHDDHFLDNBV@DBBFFJDLHJDJDHBHADAH@HAFCFCDKHEHAD@DDHFDH@H@DFBF@F@H@HBFDFLFLDJ@JFFHALJH@TGRYRKFCBSV`JVLJHBHBTDD^hBHAHEZNBFBJBHBJ@PBJHBB@@@BFFDFBFDHDDFBJBFCJBFFDFDHDHFLDHDJBHDJDL@HBJDJFJBJDDDJDJFJFJDFDFFHHHHHFHDHBFBJBF@HBF@FBFDDBF@FBFBJDNBDBFDDFDDDHBHBFATEH@FAF@FBDDDDDBJDJAFADEBAH@BDBFDHBFDFDDJBF@F@H@HAHAHAHAJ@HBDDFDFBF@J@F@DAHAFAFBFBFBFDDBHDJDJBRJF@HFHBFBFBJ@FAJ@JAFCDCHEDCDA@ABAFCDAF@D@D@F@DBDBLHFDFBDBDBAGAABAAE@EDEH@JCHCHCDAFEDCCCGCEAIAC@UCBAFKJGFO@IhGLCvURCHEV@`GP@DCJBB@@@@@B@H@|OCG@E@G@EHCCGAE@AA@@EBA@IH@DBH@BA@A@A@IAA@GB@AQA@@AA@@AD@@AAA@ALCBBFADA@ADC@A@A@AC@@EAAEEIA@DAA@CACAEBEAA@ACABAA@BC@CE@@B@BAB@@C@C@C@A@A@C@C@A@ABC@A@A@A@A@CAA@@@@AA@A@AAA@@@@A@@A@@AC@C@C@A@C@C@C@AAA@AAC@AA@AA@AAAAAAAAAAA@C@CAA@EBA@@A@AAA@CAACAACGAIACAKA@@GCC@EEA@ACCCECACCACBCCBAACBACCCECECE@GCCAACC@CCCAEAECGAEB@BDFA@CDABAJAFA@@B@PECGAEAECEAEAGAKAEAK@IAG@E@Q@CDC"]],"encodeOffsets":[[[121154,32121]],[[120841,31921]]]}}],"UTF8Encoding":true}