{"type":"FeatureCollection","features":[{"type":"Feature","id":"341182","properties":{"name":"明光市","cp":[117.998048,32.781206],"childNum":1},"geometry":{"type":"Polygon","coordinates":["@@BK@C@E@A@E@A@A@A@A@@A@@A@@@A@@BCDEAKCSAWAW@EA@SAIAACPDAIOA@@PB@EVDB@@ADK@K@EAA@A@@AA@@@@A@A@@@A@AB@@A@A@@@A@AB@@A@@@A@@@AB@@A@A@@@ABA@@@A@@@@@A@@@@AA@@A@@AA@@@@B@BA@@B@@@B@@@B@B@@AB@@@B@B@@@B@@AB@B@@@B@@@B@BA@@B@@@B@B@@@B@@AB@B@@@B@BIDIDGA@A@A@@@@@A@@@A@A@@@A@@@A@@@AB@@A@A@@@A@@@A@@@A@@@A@@A@@@A@@@AA@@@@A@@@A@@@A@@A@@A@@@A@@@A@@@@B@B@@@@@B@@@B@@@BAB@@@B@@@B@@@B@@@B@@@B@B@@@B@@@B@@@B@@@BA@@B@B@@@B@@@B@B@@@FIBEFKDWDM@O@O@GBSFKB@BGFMNMTKNATBX@H@FAB@FCB@@@@ABA@@@ABA@@@@@A@@@@@A@@AA@@EEA@CACACCECACA@AAAAA@A@AAA@AAA@A@AAA@A@A@A@AAA@A@A@A@A@A@A@AAA@A@A@AAA@A@A@AAA@A@AAA@A@A@AAA@A@AAA@@@A@AAA@A@AAA@A@AAA@@AA@A@AAAAA@@@AA@@AAAAA@AA@AAA@@AA@AAA@@@A@A@A@@@A@A@A@A@ABA@A@A@A@ABA@@@A@A@ABA@A@A@A@A@ABA@@@A@A@ABA@A@A@A@ABA@A@@@A@A@ABA@A@A@ABA@@@A@ABA@@BA@AB@@ABA@A@A@@BA@A@A@A@A@AFI@EDUBBFDJFHDHBD@F@L@H@F@DAAE@E@ABCFCD@FBFBD@FAACACCG@E@C@ADCBADAAC@@ACBEBABCBCBC@G@GCCCACAC@EAAC@CBC@CFK@EDCDEFADAF@H@H@FAD@DCBABE@CAEBGBAHAF@BBBDDDBBBDBBDDHBD@F@LAFAF@BADC@EBEDCDE@A@E@G@C@EBA@CCCCCCEAC@CBE@CDABCDADCDADAF@D@F@FBDBFBD@H@F@DCDAFCD@F@D@FBJBACAC@C@C@CCC@CAC@EDEBGDCFCDEBG@EBE@EAC@E@CAEAC@ECAECEEGACCACBEFGFAFEBADEBEACCCECGEECEEACGE@E@C@C@E@CACE@EAGBGBI@CAC@CA@@G@K@M@M@CBCBCBCBEBC@CDCHADCCGECCAEACCGAC@@CACEEGEIEIEICEEGEICGCECGCGCKAE@IAE@E@CAGAICGCGACAACBAA@@AA@CA@BA@AB@B@@@BBB@@AB@@A@@@@@AA@AACA@@@A@@G@G@C@E@CAAC@A@@@@@A@A@@B@DA@@@AAC@A@A@C@A@CAAAC@C@CBA@@DCBAAAAA@CAC@@ABCFCBABCDCAIAEEACAECCCCGCCCKCCAEAEAE@EBEBADADADCFEFCDEDEBG@IDCDEDGFC@CAEACCCG@@A@ABA@@B@@@B@@@BA@C@AAAA@@A@@@A@@@@@AB@BBB@@@@@B@@A@A@A@A@@@C@A@A@@@A@@@AB@B@@A@@@AA@A@@@AA@@BA@@BAB@@@@@BB@BB@B@B@@@@ADA@@@@@A@@CB@AA@@@@AA@@AB@@@DA@@@A@CC@@A@A@A@@AA@@@@BAB@@C@@@AA@@AAA@C@EBA@A@A@@A@@A@AB@@ABA@A@A@ABA@AAAA@@@P@DAD@D@D@FEFEBG@CBEDCFADAFAHBHAFAHAF@D@FCFAFAFAFCFAFGDABGDCFBDBDDDFBDFDFBDBFADAD@DCFCBCDCD@FDF@DADADAFCDCFGBEDE@E@EBE@I@I@G@C@G@CBEBE@CBGBEDEBGDCBEBEDGBGBGBABCDCDEDEDABADC@CBE@A@CACEEACBEDEHCDCFCBADADBDBBBBBF@DAFCHBDBDBBBFDBDBBBEFGDCCCGGBA@EBABKP@FBFDTAV@B@DAFCFAH@DDDBDDFDD@DAFAF@FAD@FDFHDDBDBDDDDBHBFADCDEDEBC@IDEBC@EBGDCBAFCDAFAFADAD@F@DCFADAFCHADAF@FBF@FBFDHBDFFHDBDFFAD@F@DEL@FADAFADADCHCDCBCBKDC@GBEAGAC@GAE@EBEBGBCBCBEBEDEBADCDCD@DADAD@DAFBDAD@DAD@D@FAB@LAJ@H@F@F@H@F@DAFADAHADAFAD@HAHAJAF@FDHDDF@FDDDFBFDFBHDDDFDDFFCDAFAB@HBBB@@B@B@DAFAFCBABABA@@B@DCDADABAHADADADAJBDDFDDDDDFFDBHFBBFFFDFFFBDBDBF@HCDCDCFAHEDABAD@H@DBDDBDDDDFFAJADADAFCDCDADAHAH@FDDDFDDBFDDBDBHFDBBDDBDF@FCDCDCBEDE@CBE@GDE@EAGAEAEBCBABAF@FBFBFDHBDBFDBFBFBFDFBBDFFBDJDDDFDFBFBH@JAHAJBL@FBFBFDDDAF@FCFCFADCF@FBDDFFFDH@DBDBD@D@F@FAD@H@F@B@@A@@AA@@@A@A@@AA@A@@@AAA@@@A@AA@@@@A@A@@AA@@@AA@@A@AA@@A@AA@@A@@AA@A@@AA@@@AAA@@@A@@@A@@@A@@@@@AB@@A@@B@@A@@B@@BB@@@B@@@BB@@B@@@BB@@@B@@BB@@@@@B@BB@@@@B@@@B@@BB@@@B@@@B@@@B@B@@@BB@@B@B@@@B@@@B@@@BA@@B@@@B@B@@@B@@@@@BB@@@B@@@@BB@@@B@@BB@@@@BB@@B@@BF@DBVNVHhNVF\\HBBB@HBDBDBBB@@BBD@@BB@@BDF@FCJAF@H@FBHDHHJJJFDDBJDLELCJCNIHELILMHS@A"],"encodeOffsets":[[121059,33978]]}}],"UTF8Encoding":true}