{"type":"FeatureCollection","features":[{"type":"Feature","id":"340827","properties":{"name":"望江县","cp":[116.690927,30.12491],"childNum":1},"geometry":{"type":"Polygon","coordinates":["@@NqP_DEBCL]DMAMAUEMGOUMaUUS]cO@Gc}sicqoqaYEQAKBKDKFQH[PWHODIBSAQ@mGSCMGOMS[AAULCDAD@FGNEDCDGDADAD@PU@U@ABCBADKJUVABG@ELADABUDeLQHD`NtDRFLBNDDHNBP@F@DEJIPGR@D@DBBFJ@B@J@BHHLFBBBD@BADCFKJKHMDIBEBCFGT@HAHEDGBGBA@AH@HGL@JBNBXDBLDPDBBAN@DDFBDAJ@FBFLLFBJ@LAD@HHFFHDJATEJEFCD@HAJ@FADCFGHIBADAHAH@HBFDFDFFDBFBFAH@D@JFHDJBJBFBHBB@FADAF@D@F@B@DADABEDADAB@D@LFBBB@DAB@DCDEBADAHADALIBA@E@A@AD@B@D@DBB@DBBDDHHJDF@D@@CBA@EAAFDFFBB@FCJFFANGD@H@LBHBBBFFBDBBDHDBBEFBFDJGFCF@FBFDDBDDBDJBDC@AD@D@FBBF@DCDCD@DCPCFHFDBHAHADAF@B@D@DBBBDFBDB@LFD@F@FB@@BB@FDDHFFBDBLAH@FAD@BAFCDCJEF@BBBFDDDBDBDBFBHFB@@@DA@@@@@@@A@I@C@K@@AAE@@CFG@A@CDABADCFOFMHMPUBCBE@E@E@A@AL@F@B@BAFADAFBPD"],"encodeOffsets":[[119710,31086]]}}],"UTF8Encoding":true}