{"type":"FeatureCollection","features":[{"type":"Feature","id":"340602","properties":{"name":"杜集区","cp":[116.833925,33.991218],"childNum":2},"geometry":{"type":"MultiPolygon","coordinates":[["@@@@AC@GDE@A@AA@MLC@IIGGAEAA@@CBA@CD@@A@@AABAAAAAA@@AMK@[I@@ABINITDJBJBJNCBCAG@ECEDAB@HPHDFHGDODGJHBAVAN`VA@KADHH\\NFHHBDB@BB@@B@@@@ABAAC@AAC@@BE@C@A@ADADAB@j^AFCH@D@BABLHLD@@FA@@@@DCDE@G@AGCAE@@@C@KD@DABADA@AGKAC@ABK@AAAAACAEACGCIEGEEAEAIAIAECE@@B@D@HA"],["@@A@AA@ABC@ABE@C@E@CDE@A@CAAAAIAECE@A@CBIDEBABCDAFAB@FCBA@A@A@CAA@ECECCCCACCEAAAIEAAA@EAEAA@A@A@A@C@GDDH@BA@AB@@BB@DAB@BB@AB@@AB@B@D@@RFBB@@GDA@IA@@@@CB@AA@AAABAA@@@@A@@@CBCB@@IDBDA@GFE@E@@DC@@@@A@@@A@AA@@A@A@AAA@AA@C@@BBBKFCB@FG@A@A@GDA@I@@C@@E@@AC@@FC@@BABA@@BA@@BA@A@@B@BA@A@@@@DAD@DAB@@ABCAA@ABA@@BA@CBEB@B@@@D@@B@@FDDAHDDBHBHC\\GN@JFN@PFXHHEHEJFFTNB@@AGM@EBEFEBEPO@@FDB@BJZHDNCDABHDDBFAB@DAB@D@BAB@DABAB@D@B@DA@@BADABABBBBBBD@BBBBB@DBBBBBB@DB@BBBBBBBBBBBBBBBB@BBBBBBBBBB@BBBBB@BBBB@BAD@HCD@FADAFADAHC@@HIEKN@F@XEJ@JFTAFAAAACA@@AA@@AAA@AAAAACC@@AAAAAA@AAAECCAAAAA@@AA@AAAA@AAAA@@AA@@@@@AAA@A@@@A@A@A@A@@@A@@@@@ABA@A@@BA@AB@@@@A@@@A@A@@@A@@AA@A@AAA@AD@T@PCB@FEAOAGF@POACIK@A@@B@@AB@BC@A@@@@@A@@@AAAAA@@AA@@AA@@@@BAAA@@AA@ACA@@@AA@@@AAC@@AA@@@@AAAB@AAAACEAAA@AA@AAC@A"]],"encodeOffsets":[[[119841,34987]],[[119765,34783]]]}}],"UTF8Encoding":true}