{"type":"FeatureCollection","features":[{"type":"Feature","id":"341122","properties":{"name":"来安县","cp":[118.433293,32.450231],"childNum":1},"geometry":{"type":"Polygon","coordinates":["@@@@@@@AB@@@@A@@@@@@@A@@A@@@@A@@@@@A@@@@@@BB@@B@@B@@B@@B@@B@@@@AB@@@B@@@@@BA@@B@@@@@BA@@B@@@B@@@B@@@BA@@@@BA@@@@B@@A@@A@@A@@@A@@@A@@@@@@@AB@@@B@@@B@@@B@@@B@@@@@B@B@@@@A@@@@@@@A@@@@@A@@@AB@@@@@B@@A@@B@@@@A@@B@@@@A@@@@@A@@@@AA@@@A@@@A@@@AA@@@@@A@@A@@A@@@A@@A@@A@@@@@A@@@A@@@@@@@A@@@@@A@@@@@A@@@@@@@A@@@@@A@@AA@@@@@AA@@A@@@@@AA@@@@@A@@@AA@@A@@@@@A@@@@@@@A@@@@@@@@@A@@@@@@@A@@@@@A@@BC@CAC@CBE@CBEAGAG@E@@@@@A@CAEAEAECCEECACAE@GAEAC@EAC@C@EAECBEDCF@FAFAF@F@J@FABCBE@CBCBCDEBEDGBEB@@@@A@@@AB@@@@A@@@@AA@@@@@@@A@@@@@A@@@@@@@AB@@@@@@@@AB@@@@@@A@@B@@@@A@@@A@@@@B@@A@@@@@A@@@@@A@@@@@A@@@A@@@@@AB@@A@@@@AA@@@A@@@A@@@@A@@@A@@@A@@@A@@@A@@B@@@@@B@@A@@B@@@B@@@B@@@@@B@@@B@@@B@@@B@@@@AB@@@@@B@@A@@B@@@@A@@BA@@@@@@B@@@B@@A@@B@@A@@B@@A@A@@@@@@A@@@@@AB@@@@A@@@@B@@A@@@@B@@A@@@@BA@@@@@A@@@A@@@A@@@@@AB@@A@@@@@A@@@A@@@@@A@@@@@AA@@AA@@@@@@AA@@@A@@@@@A@@@A@@B@@A@@@A@@@@BA@@@A@@@AB@@A@@@AB@@A@@@A@@BA@@@@@A@@@A@@BA@@@A@@@@@A@@@A@@@ABA@@AA@@AA@ABA@@@A@A@C@A@A@@BAB@B@BA@A@@@A@A@A@AC@@@AA@@A@@BA@@@A@@A@@@A@B@AA@@A@@@A@@@A@A@@AB@A@@A@@AAA@@@@@A@@@@@AA@@A@@ABA@@@@@A@@@@@@@@@A@@A@AA@@A@@@@@A@B@@AB@AA@@@@@@AB@@@AA@@@@@@@AA@@A@@@@@A@@@@@@@A@@A@@@@@@@@@@@@@@@@@BA@@B@@@@AB@@@B@@@@@BA@@B@@@@AB@@@B@@A@@B@@@@@BA@@@@B@@@@@BA@@@@@@@AB@@@@@@A@@B@@@@A@@@A@@B@@A@A@@@A@@@@@A@@@AB@@A@@@A@@@@@A@@@A@@@@BA@@@A@A@@@A@@@A@@@AB@@A@@@A@@@A@@@@@A@@B@@A@@@@@A@@@@@@BA@@@@B@@@@@B@@A@@@@@AB@@A@@@@@A@@@@@@AA@@@@@@@AA@@@@@@A@@@@A@@A@@@@@@@AA@@@@@@AA@@@@A@@@@AA@@@A@@@@@A@@@AB@@A@@@@@A@@@@@@@AA@@A@@@A@@AA@@@@@AA@@@@AA@@@@A@@@@AA@@@@@AA@@@@@@AA@@@@A@@A@@A@@@@@@AA@@@@@A@@@@A@@A@@@@@A@@A@@@@@A@@A@@A@@@@@A@@@@@@AA@@@@@A@@@@@A@@@AA@@@@A@@@A@@@A@@@@@A@@@A@@AA@@@A@@@@@A@@@A@@@A@@@@@AA@@@@A@@@@@A@@@@@@@A@@@@@@@A@@@@@AB@@A@@@@@@BA@@@@@AB@@@@@BA@@@@@@@@BA@@B@@@@AB@@@@@BA@@@@B@@@BA@@@@B@@AB@@@@@B@@A@@B@@@BA@@@@B@@AB@@@B@@A@@B@@@BA@@B@@@B@@@BA@@@@B@@@B@@@B@@@B@@AB@@@@@B@@@B@@AB@@@B@@@B@@A@@B@@@B@@AB@@@@@B@@A@@B@@@B@@A@@B@@@@AB@@@@@B@@A@@B@@@@@@A@@B@@@@A@@@@B@@@@A@@@@B@@A@@@@@A@@@@@@@@@A@@@@@A@@@@AA@@@A@@@@@AA@@A@@@A@@A@@A@@@A@@A@@A@@@@@A@@@@@A@@@@@A@@A@B@@@@AB@@@@@BA@@@@B@B@@@B@@@B@@@B@@@B@@@B@@@BA@@@@BA@A@@@@@A@@B@@A@@@@@A@@@A@@B@@A@@@A@@AA@@@@@A@@AA@@@@@A@@A@@@@@@AA@@@@@AA@@@@@@AA@@@@A@@@@A@@@@A@@@@A@@@@@@A@@A@@@@@@A@@A@@A@@@A@@@AB@@A@@@A@@@A@@@A@@@A@@@A@@@@@A@@@A@@@A@@@A@@@@@A@@A@@A@@@@AA@@@@A@@@@@A@@@@@@@@@A@@@@@A@@@@@A@@@@@@@@@A@@@@@A@@@@@A@@@@@@@@@A@@@@BA@@@@@@AA@@@@@@@A@@@@@@@@@A@@@@@@@A@@@@@@@A@@@@@@@@@A@@@@@A@@@@@@@A@@@@@@@@@A@@@@@@@A@@@@BA@@@@@A@@@@B@@A@@B@@AB@@@B@@@@AB@@@B@@@B@@@B@@@@@B@@@B@@@@@B@@@B@@@B@@@B@@@@@B@@@@@@A@@@A@@@A@@@AB@@@@A@@@A@@B@@@B@@@B@@@B@@@B@@@B@@@@@@@B@@@B@@@@@B@@@@@@@B@@@@@B@@@@@B@@@@@B@@@@@B@@@@AB@@@B@@A@@B@@@B@@@@@B@@AB@@BB@@@@@B@@BB@@@B@@@@B@@B@@BB@@@B@@@B@@@B@@@BA@@B@@@B@@@B@B@@@@@B@@@@@@@BB@@@B@@@@@B@@B@@B@@@@@@BB@@@@@@BB@@@@@@B@@@B@@@B@@BB@@@B@B@@@@AB@@@LCHABAJA@AD@D@@@@@D@DBHB@@@@B@FB@@H@B@B@@@@ABIBC@AAAAC@C@A@ABC@C@AA@@CA@@EAKAKAI@A@A@ADK@C@A@AAGCK@GAAAAIOAA@ABEBAB@JGDADKBA@@B@@@BB@BBB@B@B@@BBBBB@BAB@@@DCBC@A@@@AAAA@AAA@A@@A@@@@BA@@B@B@B@B@B@BA@@@A@E@@@AA@@@A@@@A@CBA@@@A@AAHKBADA@AAACAA@A@C@A@@AAAAA@A@ABABAB@D@B@B@ACCA@A@A@ABCBAB@JADABABCACACACAAAAC@E@EBA@CBE@CAC@CC@AACBAB@DAD@D@F@BAB@BA@C@A@@A@AAA@GBC@C@I@EACACCAAAA@ACACACAGACCCAAA@C@A@A@ABABAD@BAD@BBB@@@B@BA@@BCBC@A@C@A@A@A@AAAACEGCGEIAC@A@A@CDABCDABADAF@BAD@B@BA@@BA@AA@@AA@@AB@@AO]@ACAAAACKKMMGIAAACA@AAA@A@GCECECAAC@A@A@A@EDA@CBA@A@C@CACAAAA@AAMACAC@AAAAAAAA@@@AA@@@AB@BA@BD@BA@@BA@AAC@AAC@C@C@A@CBAB@BAB@@A@C@EAECCACAA@@AA@A@A@CBCBCBC@@@AAA@@A@@@A@AA@@AOCA@A@@@A@EDCB@@A@A@@AAAAAACA@AAAAA@AAA@A@ABC@ABEDGD@@EBABE@C@@@CBA@A@E@ABE@A@@@A@A@A@A@C@ABGBC@A@@AC@@@ABA@@B@B@B@B@BA@ABA@A@AAA@@AAAA@AA@@A@AB@@AB@BBB@@DF@@@BAB@@ABA@A@@AA@@A@C@AA@A@CBGB@@A@AA@AACA@@@A@A@A@EJ@BA@MBABA@ABAD@B@DABEHABAB@FA@AB@@GBCBA@@BAB@@BBBB@B@B@B@F@BB@B@D@D@B@BB@D@B@B@BABA@C@CAA@@@A@EHAB@@G@A@ABA@@B@B@BBD@BABABABAAA@AA@AA@@AA@AB@@AB@F@DDJJBH@FAFADAF@DDDDDDBFBFBF@F@H@FAFBFBFDFDDBD@DAFADCFCFCFAFCDCDCD@D@D@FFDDBDBF@FAHAHADD@DCDEHCDCDADEDEFGDGDGBGFEBCAE@EBC@AB@@GF@B@DCJCDCDEBE@EDEDCDABDFDBFDBD@DAFCDEDCBC@C@CCGACAE@CBA@AB@BC@AD@H@HBD@F@D@DCFCDEDEFEDEBEBIDI@G@K@DH@@BA@@@BB@B@@BB@@B@B@@@B@B@@@BABBB@@@B@@@BB@@@@B@@B@B@@B@@B@@B@@@BBBBB@BB@@BBA@@BBA@BB@@B@@B@@@BBB@B@@@@@BA@ABABBB@@A@@B@@BB@@@@@@@B@B@@@@@BB@B@@B@@@B@BB@@@B@B@@@B@@@@@B@DCFEFCFAFDBDDH@D@DAF@DEFAFEFCBEFCFAFBDBDBDBFDHDFBBDDBF@DAFADCH@FADBFDHDDDDDDDDBBBDDBBBHHBBFFBDBF@DBF@DFF@DBF@DADL@H@@@DBD@DBJ@HAHAFBF@BD@D@F@D@D@FHFBDFFFDHFFDDDBDAFCFABEFEBEHAFBDDDHBFFFDDB@FBDBF@D@FBD@FAF@FAHCFEDCDAHCF@FBD@DDD@D@D@DBDBDB@DDDBDBDDBDDDDBBDBBDDBBBFDDDBDBDDD@ACBABGBA@CDEFIDCD@DAD@DAF@D@D@DBFAFADBBBFBF@B@DAH@F@F@B@@@BB@@@@B@@@@@B@@B@@B@@@@@B@@@@@BB@@B@@@@@B@@@@@B@@@B@@AB@@@@@B@@A@@B@@@B@@A@@B@@@@BB@@@@@B@@@@BB@@@@@B@@B@@B@@@B@@@B@@@@@B@@@B@@@B@@@B@@@@@B@B@@@@@BB@@B@@@B@@@B@@@BB@@@@B@@@B@@@@@B@@B@@B@@@B@@@@@B@@@@@B@@@@BB@@@B@B@@@B@@@@@B@B@@@B@@@B@@@B@@@B@@@B@@@B@@@@@B@B@@@B@@@@@BA@@@@@@B@@A@@@@B@@@@@@AB@@@@@B@@A@@@@B@@@@@@AB@@@@@BA@@@@@@BA@@B@@A@@@@BA@@B@@A@@B@@@BA@@@@B@@@@@B@@@@@B@@@B@@BB@@@B@@@B@@BB@@@@@B@@BB@@@@@B@B@@@B@@@B@@@B@@@@BB@@@@BB@@B@@B@@@B@B@@@B@@@@@B@@@B@B@@@B@@@@@BB@@@@B@@@@@B@@@@@B@@@B@@@@@B@@@@@B@@@@@B@@@B@@B@@B@@@@@B@@B@@@@@@@@BB@@@@@BB@@@@@@B@@B@@@@@@BB@@B@@@@BB@@@@@BB@@@@B@@@@BB@@@@@BB@@@@B@@@@B@@BB@@@@@BB@@B@@@B@@@B@@@B@@@BB@@B@@@B@@@B@@@B@@@B@B@@@@AB@@@B@@A@@B@@BB@@@@@@@BB@@@@@@@BB@@@@@@@@BB@@@@@@@BB@@@@B@@@@@B@@@@@B@@@B@@@B@@@BA@@@@B@@@B@@@@@BA@@B@@@@@B@B@@@BA@@B@@@B@@@@AB@@@B@@A@@@@B@@A@@@@BA@@@@@@BCHAJCL@FEPANC"],"encodeOffsets":[[121539,33513]]}}],"UTF8Encoding":true}