{"type":"FeatureCollection","features":[{"type":"Feature","id":"340722","properties":{"name":"枞阳县","cp":[117.222027,30.700615],"childNum":1},"geometry":{"type":"Polygon","coordinates":["@@FAHCRKPALCDA@AGMCQBCBCFAFAFAH@D@DDBFDDD@J@DADCBADABAHBH@F@FBBBFFFFFBF@L@JAFCPEHBFAF@NE@@BA@@DAB@BABA@@B@@A@@BAB@BA@A@@@@@ABAB@@ADBB@D@@ABAAA@@@AB@@AB@@A@A@AAATU@@AA@C@A@@B@BBBBBBB@B@D@@BB@@@BB@BDBBD@@BBB@@B@BABDN@BDABAB@BB@@@@ACB@@@D@B@@@@@BBFJ@B@@AB@B@@@BCD@@DFABBFADAB@BD@H@BAF@@@fG@A@@@A@@F@B@LBJ@NDB@@AH[@KAQBMBGBK@K@EBOEG@K@K@KAIAKAKAK@IAAAGAI@CAGAGCGAAEMKOWWIGYSIG[UqIÍiYaOiQAEEA@@CSAC@AAAAAAC@AACAA@CACACCC@ACCEGAA@AEACAGEGACAA@E@M@I@I@E@GBK@KBSDUFA@OFCBCBABCDCBMBiCUCYESGOEOEQCOGOGiYUKkSoUKJEPCLAL@H@HBJBDBHHHBB@BBBTLNFLBJ@AD@BC@ABA@ABA@A@A@ECA@C@G@E@@B@BA@@@@@CAAA@@KAE@E@AB@@@@@B@B@@FF@B@@ABCDA@@BA@AAC@OEC@ED@BBBFD@B@@AB@@C@CAKEA@AAEBC@EB@BABABEBABA@@@@B@D@DADC@CBC@CBIDCDCFADGDGFSPCDAFALADCDCFGBIDGHGHBJFf@dBhC^EdItGjKnGjCZ@LDPJJHHFDBFA\\ALBDJFRBHAJEPGF@F@@@B@BBF@HHDF@FADAJCJBJBDDDFD@B@J@RBBBBDBDBJVDHDBFFLNFDD@D@DADALIDCBGDCDAFCJEFCDCFALEDEDIDIHEFIDE@EBIBGFCHGLCJEFCFCLKNKJGHGFEREDBHDH@FBDHDHHND@H@DAHIFEHEN@FAF@FFFBFBFAFAFCDA@EFGHIFIDEBIAAACCAA@BCBCBEDADAJ@D@JBBD@B@H@HBDFDF@JDNHHDFDFBF@HAFAFAJCHAFCJADDBFBHBFBFDBFBNHNDbDB@FBJBFBLJFBHD"],"encodeOffsets":[[120328,31748]]}}],"UTF8Encoding":true}