{"type":"FeatureCollection","features":[{"type":"Feature","id":"340881","properties":{"name":"桐城市","cp":[116.959656,31.050576],"childNum":2},"geometry":{"type":"MultiPolygon","coordinates":[["@@CGIUCACAAAAA@Q@I@AECCCACAIDIBIBC@ECEGGE@AAA@@@E@E@OHIFGBQAIEACBKB[AEECGGIICO@KDYHiLmHiJsFcD]Ag@cEeAIqFcFG@CACEEK@AAA@CAA@@@AAACCA@ICA@EBA@CAC@E@E@IAA@@BA@ABABABCDEDA@A@@@@A@CDE@A@A@EAA@AACA@@AACA@ACAAA@A@A@@AA@C@A@@@@@@DCBEF@B@@KNCHEHEHCBC@A@G@A@IEEA@@AB@BDD@DAFCDAFADCDC@K@G@C@ABCHA@IBCBCDGDEDCFCDABABCBE@A@EDABCBCBA@A@CAA@A@GBABEDA@ABC@AAMCKAQCEAG@C@ABGFEBEBC@C@AAGCA@I@KBMDCBE@CB@BABABAB@@A@I@I@E@A@IFCDC@A@K@@LADADKJ@BCBKFA@E@EAC@C@CBCBC@QAC@CBCB@FCPAHEDGFMHCBAF@F@F@DELCDCBEB@BAF@FABA@ADGDCDAD@BHNFHBDBH@BAHDDD@D@B@B@DDFJJNBFDPFLDJBF@D@BADABBF@B@DDBHJDFDDBB@BAB@BADCDAHAF@@B@B@BB@@@B@D@D@BCBCBABA@I@EAABABCL@H@F@FBJBJ@F@FCFFDHNHLFDJBH@JFDADADCF@J@DBLJDDB@B@F@DBDBHBB@DAD@D@DADADCBA@@B@B@DBHDFHBFBBHDB@BBBH@@BBB@BBJBD@FHFHDFFFFDDBFAHBFBBBB@@FAJ@D@BBDBFBFDDHBJBDBHFH@JCJAPBPFRLLHJHFDFDFDBHBF@DB@FBLAP@D@DBBBBLAFBLBHBFHFFFDHDHBJDJDJBFDHFLFJFJFHDFDHNJJFLHJRFFF@D@D@FAPIRKH@DADADCHQDGJGD@L@PBF@DADAFM@C@ABGPW@@@ADENSHIFC@A@EBGBCFEDG@E@AJOFI@CDEFCBE@EAAACAAAA@A@E@ABCBA@A@ACAACCA@EBE@CBADC@CBEBM@ACEAA@AAGAM@ALIJCPIDAF@HBD@DBF@D@FA"],["@@CBABA@@BAB@DCF@@ABABABA@@BBAF@F@LB@@BBDB@@@@B@@A@AF@H@D@B@FDB@B@B@BAB@BAD@@ABCI@KAMESK"]],"encodeOffsets":[[[119969,31819]],[[120028,31417]]]}}],"UTF8Encoding":true}