{"type":"FeatureCollection","features":[{"type":"Feature","id":"341021","properties":{"name":"歙县","cp":[118.428025,29.867748],"childNum":1},"geometry":{"type":"Polygon","coordinates":["@@JEJILGJCJAH@FDFHBFH@LEHELCNALDPDJ@FBFBL@D@FCDEBEDCJIFEHEHCJGbIHEDIFMFEFKBGHKBECIIMOCCG@I@MBGHGBG@ABCB@B@BFBF@BDBF@H@DADADGBA@CCEAGAI@GFKBCBABCBBHINMLGHIF@FAJBD@HFDDFJFLDFHFJDRBJALDFBDFJJBBBF@H@DBDBFDHGD@D@BFLFFHDHFFDFBFBNFNDPAJ@L@LBJDJBHBHHDH@J@J@DBHDJFDF@JDLDJHJBLDJJDLFLFLHAJGFMNENAR@PDJ@PFJLHJJDLJHHHBLDJDJBJBJBLCHAHCB@HIFIBA@A@C@IBG@CBABCACBC@EBABC@CBCFAD@D@BADABADCBEDADCBA@@@A@CAACCACA@AA@AAADEDEDEFAD@B@@A@ABAAACIAA@C@A@AAAECCAAACA@A@AB@BCDC@ABC@C@A@A@AA@@AACAA@CBCHGDGBAACAECACIACAKAGDC@G@@AC@C@A@ABCBE@CBC@AA@IBC@E@A@EHCDCBCBA@@@A@@@A@AA@@CC@CACCCAAA@E@EBGBEB@BA@C@C@C@EACCAC@CDG@@DCBI@EBEBC@E@E@G@E@C@CAA@EAACEECGECCCCEAECAAIGCACACCIECA@CCCCCCACACCCAEECAAA@CAEAAECCAC@A@A@ABCBABGDCB@@ABA@A@A@AAAAE@CACAA@@C@@@E@A@CAA@ACC@AAABA@@BAB@D@@@B@HAB@@AB@@@BADABA@A@@@AA@AAAAAA@A@@ECC@C@GBG@C@A@CCCAACAIAG@E@EAS@CDCFEFCBEBC@ABCACAA@CBADEBC@E@CAKACAC@CAGACCAEACCGIEACCCACC@CAC@C@CACEGCA[EG@CCCCCCCC@AAGCACAEAACAAAC@C@C@AAAGECCAA@E@CCCCCGCMMECACCGECCCCCCAC@C@CBCDCDCDEBEBEBGDA@A@CCEAWMA@E@E@CACAE@GCIAG@CAEACCAC@C@E@AAAECCECAIMCAA@CBCEEGCCAACIACACCCAEGAGCGAC@CAEACACCECCAEACAC@AAAC@GAC@G@EAAACACAC@C@CBCBCBC@C@CAGAC@AACBC@G@E@A@A@A@CC@EAA@CAECEACAAAGCEACAEAE@EAC@ABCDEDCBADC@AAABA@C@A@AB@BABAFCB@D@B@DDD@@@FBJBNAFEDEHAHBJBHBF@H@H@HGFE@EBIBE@GDEDCFAF@HAFCHCFEJEFGFALBLDJDHDJDJ@F@D@@CFEHABA@E@GCKCABABCHELABCJ@B@D@D@BEBA@ABEBEFCFA@EBA@A@CBCDABCBABABBBFBDB@@@BGD@B@BDJDBHDF@D@DALBBJDNBRHFL@LODCBAB@B@B@D@BBB@@B@B@DFRFNBFB@BB@D@@AB@@ABC@EBABCDAF@B@F@BBDA@AB@B@@@@C@@@C@@@ADABAB@ACBA@@DABA@BBDBDBDBD@B@BAB@B@DB@@@B@B@@@@B@B@@A@@D@@B@@@BABBBBFBHDDBDBF@B@B@BAB@B@D@D@@BBBB@DB@FFFFBJBDBD@@CDIDKFGBI@I@@AMOAC@@@ABA@A@ABC@ACAACGACCECA@ABAB@BC@C@AB@@C@CBCB@DAB@D@B@@D@DB@@B@@@DB@@DA@@B@BBDDB@HBB@BB@@@B@@AB@BAB@D@B@B@D@BB@B@BB@@@BCDEB@@@@CDAB@@A@C@@@CAC@MK@@AAECCCAAE@G@C@A@@BA@CD@B@B@@@BA@C@@@ACA@@@@BAB@D@BBDBBBB@BA@@BEFABCB@BABAB@@@B@B@B@DAF@B@B@@BBBAB@F@NED@@@HFHFD@HDBA@BBB@@@B@@@@CB@@A@@@@B@@@B@@A@@@@B@@@BB@@B@@@B@BABB@@B@B@B@@@@A@A@@AA@AB@@A@@@@B@@@@A@@@A@@BA@@BA@@@@@@@@B@@AB@@AB@@@@@B@B@B@@@B@@@@AB@BBB@BA@@@BB@@@BHDBBB@BD@BAHCFIJEHEJEFCDCBMDOFIFCDGFEF@B@B@BFN@DABGFGDIDABAB@B@BBFADB@@BBB@B@@ABC@A@ABA@@BABADAB@B@B@B@D@DA@@B@@@D@H@@@@@@C@A@AAA@A@A@@BA@@@A@A@@@C@AB@@@BDDAB@BAB@B@@@BBB@B@@@BBBBBBB@A@@@@FAFA@A@ABABC@ABA@AB@BB@@DBF@BAD@@@B@@B@@FCBBB@@@FCBAB@@@@@@B@D@FB@@@@@@C@@FBB@@AB@B@B@BB@@B@@AB@@@@BA@AB@B@B@B@@ABAD@@A@AEABA@A@@A@@AF@BA@A@@@@AA@AA@@CBC@A@@BAD@B@@@@FB@A@@@C@@@@BA@@@@@BBBBBFBBAB@@B@BBBBDBDBB@@B@@BBDBB@@ABABCDABCBA@@D@@@B@B@@@DBF@D@@@BAB@BA@AB@@A@A@@B@F@BBB@B@B@@@B@B@@A@@@AB@@@@BBBBBB@@BD@B@B@@AD@BA@@BAB@DBBDBDF@BB@@@@DBB@@BBBB@BBBB@BBFHDDHHPHLFNHNDJDHF"],"encodeOffsets":[[121196,30835]]}}],"UTF8Encoding":true}