{"type":"FeatureCollection","features":[{"type":"Feature","id":"532329","properties":{"name":"武定县","cp":[102.406785,25.5301],"childNum":1},"geometry":{"type":"Polygon","coordinates":["@@@@@A@A@ABAB@@ADABCBABABABC@A@CBABABC@A@C@C@C@A@ABABABABADABADADABCBCDA@A@C@@@@@EAC@C@CB@@@@AA@AAAA@@AABA@@B@B@@@BA@@B@@ADABAD@BADA@@BAB@B@BAD@B@DABABABCBADADAD@DAD@DCD@BABABCBA@@DABADADCDA@CBCBA@CBCBAB@DAB@FABADCD@B@BBD@B@B@B@FABADABAFA@AD@@AB@DC@C@GBEHGBCAAA@C@AAC@AABABABA@E@ECCAACA@A@ABC@A@@@EACAA@AAA@GBABAAECEACECAA@A@CBA@A@@AA@AEC@AAC@ABABCBA@C@A@CBCAA@C@CACAECEACACAAAAACCAACACAC@A@ABCBABCBCECAGBKDCJCNCFCDE@EAECCKCGCAC@I@IDC@CDEDCLEAAI@E@GIGI@KHG@MFQAM@EJIB@N@L@JAFCBAHELELGLKDQCG@A@AAEACCEAA@AAEHBAGBIDGDC@@ACEAE@MAEACC@A@@CI@E@E@A@KBO@E@C@CAACAECCAAA@C@E@C@@@I@C@A@@BABABABA@CBCBCLIFGB@NILKJI@A@AAECGCG@G@C@E@C@EBC@C@AACCCCEACEEACCA@CACAEAC@C@A@AB@BABBD@D@D@DABCDE@CBE@E@EBE@C@ABADADAFBF@FAB@DA@ABC@C@CBC@CDADEDCDADADADBD@DBD@BABABABC@CBC@ABCDCBCBABAB@DBDDDDBBDBF@FBFBF@DABA@A@E@CBEACAMIECABCBC@EACAA@A@CDCACAC@A@A@CBADCDCDADAF@D@DABC@A@CAAACAE@CBE@CAC@CAA@CBCBADEHCJCDADABAFKDQEQAIBIBGA@@A@@A@IDG@A@@AA@@@@A@CBEBCBC@@ACGCCECECGCA@WBCCAEACAACAAAACECAE@C@@CAAACAB@DABCAA@CC@CBEFCDC@EEC@ADEACCAAAEACACAAA@@CCECC@C@C@C@GCECI@KB@@GF@JAFEDABFFBF@DABCBEDA@A@AAEGC@C@C@A@A@C@A@ABA@EAE@A@A@@@A@@@GXEBADCHABC@KBE@EBEH@@@@EJKPCHENAPENIRMHKJIJWVCNENCBG@IBMAC@EGCAEACAAAAAACEECCBABCBCDC@@AACGAAB@CCAE@K@A@C@CFCBC@CGAOEE@EBGBEAECECAICG@M@AEEIKAOAMISKOIIBEBAFEDCBEAIAABIDE@@@DBFDDFBDBF@@@B@BABA@CAKIKECEEGEGCI@I@GA@@CCCCCCACE@EBCDGDEACCCGEAG@@LBDBFABEFCFEFCDEBCBENADGBABCAC@A@C@A@CCSDC@GBGDGLCJCLALEFIBG@OBGFGJAPA\\@J@N@JAPENGHEHEHEFADHJNDGHMLEBS@GD@DE\\@DHBFBBB@DGA@FDRBJDJHLHLEDAB]REE@IKEACAE@ECEG@YPED@@@@@@@@@@@@G@KAC@@@@@GBEB@@@@@@CDCH@LFLLDHFBD@DAD@DH@L@NEBCDGAAAA@CBAFEDABEFAHAD@DFFFDDBBDABD@F@H@HAH@DEBQAI@K@E@C@@J@BEDIHADBD@FBBDDBDBB@BABKFEDCBC@C@A@AAAB@B@D@DCDIHCBABBB@BHBBBJFJDHFDFFBBB@B@BC@ABA@EBEBCBC@C@CAEAC@CB@F@DFDH@FBF@D@DBDDDBDB@BABAD@J@BDFHFDFFFNDJBJDNRDH@DCFABAB@B@D@@BBD@BBBBFDFFHDFFBB@DADAFEBIFGB@@CB@D@D@DAD@BAB@D@BAF@BBF@@@BC@A@A@ACCAEAC@AD@FBFFJBBBB@BEBI@G@CBEDIHGHGBGFIHAD@R@PELELAFAPANE@MFGBMAICIBG@ADEFCFE@C@CB@@BDDBBB@BC@CB@@@BF@BBBBABC@G@AB@BB@JBJ@JBFBR@DCBDFDDBAD@DEAC@A@@DBBBDFDJLFFDBDAD@BB@DBDDBF@LCD@DBHFLDF@FBFFF@FBHLDL@F@FMHCDCDEFBDBFDBHDF@FABAFEDBB@@D@L@F@D@@D@B@@B@B@BA@@B@BBBB@D@B@D@DCBAD@D@B@B@D@B@B@DBFFFBHBB@B@BGBGBEBCBAFCJCFAHCBFBLDHFHDHBHBL@HCRBFBFBBFBFBJFHDFBDBBDFJB@D@D@HCFBB@@D@DEbC^BJ@BEF@D@VBFDBHDDFFV@@@D@BBDDDBB@DBB@FBFDBBBD@D@F@D@F@D@BB@B@B@FADBD@@BBBBBB@FBDBFBBDDD@DBDAD@FAB@BBBBBDBB@DBD@BBBDDDFJNDFBDBFDFDDDFDDFDFBDDBFFBDBFAF@FBFDRNPJDBHBDDLHBBBDDD"],"encodeOffsets":[[104691,26814]]}}],"UTF8Encoding":true}