{"type":"FeatureCollection","features":[{"type":"Feature","id":"532327","properties":{"name":"永仁县","cp":[101.671175,26.056316],"childNum":1},"geometry":{"type":"Polygon","coordinates":["@@JDBB@@DBD@HAH@BB@FK@GBCDCHCFEHKDIBCDAH@N@D@DAHGBEHEFCD@D@DBD@DADEFIJGFEDELQDCFCLAFCJG`Q@ABECGAE@A@@^@DADABEAEGYEQ@G@EBAHCbEHEFCDA@CAEEOKQCAI@EAAAACBE@AHC^IDA@C@CCAKAE@E@uPI@EAECKCMIAGEIAAAAA@@ABABA@A@AGCEC@C@CB@LAFCDCBCAGCGAC@CDCF@F@F@HCJEDCBE@OBCFGTUDAFBHDLHJFHBFANCH@H@PHLFJFF@B@DADCHWDCBAL@P@F@HCDCF@FBHADCLOZ_NSFM@C@AB@DBFHDBD@BA@AAECGCC@A@ADAN@hQB@FBD@B@@AACGIGICIAS@W@KFKNOJIRQJEPCL@D@@A@EACACBC@ABEBEACACCCCECAAEBC@CBCBCBC@A@C@CAAAGACC@ABCBKNCBCBEDGBGDA@A@C@EAAA@A@C@A@AA@IFE@C@AA@A@ABEJGBABA@ACAAADEFGJQFOGOKCICGCI@MFSAKGGCCEK@K@IBKGKGIACEAGCI@IAGBGAMGUMGCEKKEKCIBIAIMOAAIAAABAFIHIBABABA@AAAC@ACEIEACCAAACAA@AAAA@CBABCBABABC@A@A@E@AACA@AAAAA@CCACAE@A@CBC@CCEAA@C@CBCBA@MGA@G@E@CAAAACACCCC@A@EFA@G@KAaFEBI@AA@DCD@@ABA@A@A@CCMEA@A@CDABA@A@AAA@A@ABAD@DC@EFAD@DAB@BA@@@A@E@EBCBIFAB@DABABABABAB@@CB@@CD@BBBABEDCBG@A@@B@B@F@@ABC@A@A@AACCC@CBA@GDMHA@AAAA@CBGACAGEQGSKBEDMHKRGJGHCHAFALAJ@JBL@HDLFT@JCJAL@JHP@LKNKFQDCHC@A@AAECEAC@ABCBI@A@@D@FBDBDAB@@C@AAEACAE@ABABCLADABENC@ABG@SDGAACMOEIEAKAKCA@EHAFABEBBDBDBBABI@C@@BHDFFBFBD@HDDB@H@HD@BABABC@E@BDDDENBBBDCBMBAB@BBDBBJAF@JDLDJJNV@FAHBVDJFJBL@LDDFFBFAFCFRVDHBB@FBBFBBN@@BBGPADADCD@H@DDBBBEFKJGTCR@NBJFBRFZBHFHLCPOJQFE@E@KDK@U@IFKBEDABC@EAC@ALBBBDDHFBJDFFDF@FFHBTFPFVBR@FHPALCP@FBBB@FDDDD@FBHBDBXNNLRVDJHFJLFDDBD@B@D@FBBAD@D@B@BBD@BBBBD@BBBB@BBB@B@BBB@B@D@B@BBD@D@B@D@BBBBBB@@BBBD@DBD@B@B@BBB@DDB@BBB@D@DBD@B@DBBBB@BBB@@BDDBDDBBBBBBBBB@B@B@D@@AB@D@@@B@@@B@F@D@D@B@BAB@@AB@BCBC@A@C@A@C@A@A@ABA@ABADCBCDABAB@DAB@D@B@B@B@B@DBBBDBBBBBBBBB@BBBB@BBBBB@B@D@B@BAB@DADABCD"],"encodeOffsets":[[103894,27132]]}}],"UTF8Encoding":true}