{"type":"FeatureCollection","features":[{"type":"Feature","id":"341324","properties":{"name":"泗县","cp":[117.885443,33.47758],"childNum":1},"geometry":{"type":"Polygon","coordinates":["@@@BBFBDBFDDDFDFDDFDHFDFDDFH@JBFDDB@B@B@@BBBAHIBBX@@@@BJJTI`EF@B@B@BAF@BDFDJCP@@EBBPBNDH@@DDB@BB@BBBB@@B@BGLEFCDA@AAKCGCA@@D@HA@K@@P@DBF@@ABCDGFE@GB@@@F@@DF@@@LBRB@HHDFDFFH@DB@R@H@@D@D@BHDFDBJ@LBRAFAHAFA@I@G@@BABAFCPADDDFBFDHBH@HBF@H@F@H@FAJ@FBBBAXCfCpAn@rDH@@@BJXDjJFD@FBD@T@@B@@BA@A@AAA@A@A@@@A@ADA@@BAB@DABAD@@@BABABCBECGB@AAB@@CBA@DNCAAFAA@DAAKFAD@BBD@BB@@@AB@@FF@BF@@B@B@F@BBFHB@B@F@F@D@B@HDDDB@BBBBB@DB@BBB@B@BB@@@DBD@B@BBB@D@FBD@B@H@B@BA@@B@@A@BB@B@D@D@DDB@D@DBDAB@DA@AB@@@B@B@B@BA@@B@B@@@BBF@B@BBB@D@D@D@HAD@D@BAB@BA@@B@B@DAD@DAD@BAD@B@@@B@HCB@B@H@B@B@BKD@JENB@FCHCD@HFB@DJ@@AJBADLBBEB@BC@@DAF@DAHAHAHAFBFBHBFDDFBB@D@FDH@D@FBDDDBFFBFFBB@@@@DABA@@BABA@ABA@@@A@@BI@A@AB@@@@@DAB@BAB@@@D@B@B@B@B@F@DBFBFB@@@ED@@AHAB@FA@DFA@BDA@FB@@@B@B@B@@ED@D@D@ACB@@EB@@CD@BBB@@AF@@BHB@@CL@BD@ABF@LBB@FB@AA@BCDB@EF@@DA@AFD@B@ABFDNH@AJD@@BB@@B@@BBB@DBFD@D@H@B@F@D@H@DAB@@@B@D@B@B@@@B@B@B@B@J@F@B@B@B@@ABBBBFBFBDADAFC@AB@FE@@BCB@@@@@@A@@@@@@B@DEBAB@@@DC@@B@FCFABA@@B@B@DAD@B@B@@@B@DBFBFBF@BBB@B@@@B@FAB@@@@@HAD@HCF@HCB@@@@@@@@A@@CACCA@@@@A@AA@@@@AAAA@@AA@@@AA@@A@AAA@A@A@@@IBC@A@CBA@@@@AACKY@@@APCLCBA@@@AAAAC@AAA@CAE@C@C@A@CAG@CBA@A@A@CBA@C@A@C@A@C@A@C@A@ABCBC@A@A@A@A@@B@@A@@A@CC@@@@AAGEAAOOIGGE@ACAAAA@AAACA@@@CCAACAACA@ACA@CCCCA@@@@AA@AA@A@@IEA@A@@AA@@@@@AA@@@@BCBEBCBA@GBIBG@C@@@A@CAECY@GCW@KAIAMAI@E@EA@@CMAEB@EB@@GJA@CF@@A@@@AD@@CAA@GAIACBO@A@G@Q@I@E@@aLGBGDE@IDGDEBIBCBEBA@E@I@@A@AA@@@@A@@@A@@AA@@@A@@@AA@@A@@@@@AA@@A@@@A@@AA@@@A@@@@@AA@@A@@@@@A@@@AAA@@@@@AA@@@A@@@A@@@A@@A@@@@@AA@@A@@@@AA@@@A@@AA@@@@@AA@@A@@A@@A@@AA@@A@@AA@AA@@@@@AA@@@@AA@@@@A@AA@@A@A@@@A@@AA@@@A@@@A@@@A@@@@@A@@@A@@@A@@@A@@@A@@@@@A@@AA@A@@@@@AA@@@AA@@A@@A@@@A@@@A@@@A@@@A@A@@@A@@@A@@@A@@@A@@@@@A@@@@@A@@A@@A@@@@@A@@@@@@@A@@@@@A@@@@@A@@@@@A@@@@@@@A@@@A@@@AA@@A@@@@@A@@@A@@AA@@@A@@AA@A@@@A@@@AA@@@@A@@@A@@@AA@@A@@@A@@@@@A@AA@B@@A@@@A@@BA@@BA@@BA@@BA@@B@@AB@@@@AB@@AB@@A@@BA@@@@BA@A@@BA@@@A@@@@@A@@@A@@@A@@AA@@@A@@@A@@@AA@@A@@@A@@@A@@@A@@@@@AB@@A@@B@@A@@BA@@@@BA@@@@@A@@@AA@@@@AA@@@AA@@@@A@@@@AA@@@@@AA@@@@AA@@@AA@@@@AA@@@@A@@A@@@@AA@@@@AA@@@@AA@@@AA@@@@AA@@A@@A@@A@@AA@@@@AA@@@@@AA@@@@AA@@@@AA@@A@@A@@A@@A@@A@AA@@A@@AA@@@A@@AA@@@A@@AA@@@A@@@@AA@@@A@@@A@A@@@A@@@A@@@A@@@A@@@ABA@@@A@@@A@@@A@A@@BA@A@@@A@@@A@@@A@@@A@A@@@A@@@A@@@@@A@@@A@A@@@A@@@A@@A@@@@@A@@AA@@@@@A@@@A@@BA@@@A@@@@BA@@BA@@BA@@@AB@@@@A@@BA@@@AB@@@@@BA@@B@@@B@AA@@A@@@AAA@@AA@@@@A@@A@@@@@G@EAE@E@E@EAE@EBC@E@E@E@GBE@C@I@G@@@GA@B@F@@EHADADEFUG@@@A@ABI@@IEC@C@EAG@E@E@E@G@CAGAEAECCCACAC@EAE@CAEBGACCEACGCC@EAC@EBCBGBEBEBC@EBEAC@GACC@EBE@CAEAEECCCEAEAGBEBEBEBGBIBaGkGSTcCMLUFE\\YJKNGVSF]F"],"encodeOffsets":[[120467,34134]]}}],"UTF8Encoding":true}