{"type":"FeatureCollection","features":[{"type":"Feature","id":"341823","properties":{"name":"泾县","cp":[118.412397,30.685975],"childNum":1},"geometry":{"type":"Polygon","coordinates":["@@@@@@@B@@DBBBBB@@@BB@@B@@BB@@B@@@@A@@@AB@A@@@@A@@@@@A@AB@@A@@A@CAA@@@@@B@B@B@@ABB@@@@BA@C@@@@@D@@D@@@@@A@@B@@BBB@@@B@@A@@@@AA@A@A@@@@@@@BBBB@@@@B@@@@B@@E@@@A@A@@B@@B@@@D@@BB@@B@@@B@@AB@@@@B@@@BA@@@A@A@AB@@BB@@A@A@@B@@@@B@@BA@@BBB@BA@C@A@BBA@@B@@@@@BA@AA@@@BBB@DB@BB@B@@DABAB@@@@B@@A@@BD@BB@@@C@@@A@AA@AAA@BAF@DC@AB@AABAB@B@B@BADA@A@C@CAA@@BA@ABABCAAC@C@A@A@@@@AD@@ADA@@@@@@@AA@@@@A@AB@@AB@BA@@BA@@BA@@BA@C@AAA@A@@CA@@A@AB@BBDBB@@B@@A@@BBA@@@BB@@A@@@@@@@@BA@@@@A@@@@@@AB@B@@@@A@@A@@BA@A@@@@@AA@AB@@@@@@AAAEA@A@A@@@@@BDBF@BB@BB@B@@@@@@CAACAA@AAA@CA@A@AA@@@D@B@B@@A@@A@A@@@@@@@BAB@B@B@@@@@@AA@@AA@@A@AA@@@@ABAA@@AA@A@@@@AC@@@@@A@@A@@@@@@@@A@@@@@AB@@@@@@A@@@@B@@@@@D@DABC@AD@DBF@DAFAPGXSDG@A@@DIJKF@LFJDNHDBHBJ@HCHGHGJELCJAHCDABEJEDGFIBIBG@I@IDIDIFKDCFAJ@JADADC@IAGAEEQ@A@@FEDEBCB@D@HBFBF@B@DIBCBQBaBI@A@@AAICAAAA@AAKCGAGCI@EAI@CACAGKGCGCGAG@ECEGGGEECIEGAGECE@G@EBGDCFGFGDGDEBE@GAICIAGAGACAGYEEAICCGCGAGAE@GAEEGEKCCGIEGCGKGGGGCKEQAU@ECECGAA@C@CBC@CAECA@A@CAGCIKCIAC@CAAAAA@C@@AA@A@C@@@A@A@C@@@@@EBA@A@@AE@GBA@@@@@@A@@@@C@@@@AA@@AAAA@A@A@@@A@@AA@@@A@AAE@C@@@AB@BEHADA@ADEDCD@@A@C@@@ABC@@@EBCD@@@DABABABA@A@C@@@GBKB@@CB@B@@BJ@B@B@BADCF@@A@@@AACCAAA@AAEBA@@@AB@@@B@@@BCDA@@BA@@@E@AAA@A@AA@AA@@AA@C@AA@@CAACAC@@@@EAGAG@GAG@I@CEGGEGGEEGKIEEGCEBEDEDGBM@M@QEIGBGDI@G@C@C@@@A@AAA@@A@A@CBC@@@@@AAA@ACA@C@A@CDCBA@ABA@@B@D@@@BAB@BABABICGAA@CA@@A@A@AD@@AB@@A@AAA@C@A@ABA@@BBB@B@BABC@AB@@FD@@DD@@@B@@@@@BA@A@GAC@@B@BBBBB@BCBEFABA@A@C@C@ABCDEDEDEDABEDADABBD@DA@@BBDBB@B@BA@A@ABABAB@BBB@BABADCB@B@F@@@@B@DBH@B@B@B@D@BBB@@BDB@@@D@@BB@BAB@BEB@B@BADA@@BAB@@ABC@@BA@KFAB@BAD@B@D@B@@ADA@@@CB@@AB@AAA@@AAIBA@AAC@A@CCCC@@GD@@CCA@@@@@@BBB@B@FBH@@A@A@A@@@@@AE@ECECCCAAAIAA@AAAC@AACB@@@@@AA@ADBB@B@B@@@@@@@BA@@@@@@B@@@@@B@@A@@BB@@BA@@B@@@B@BA@@@BB@@@@@@A@@@C@@AAA@C@A@I@ABC@A@ICAA@@@A@AAEACAAACACA@EAGBG@C@A@CCCCAAA@A@G@ABAAEECEC@C@CBIDCBA@CBABA@@B@B@BB@AF@HBJBJ@HILAHAFFJHLJHHFBJDJRLELSJQFOFKBKBOAKAMCIEICECEEICMCMAKBWBQAQAO@K@IFCHIHADEBFHDDDHHHDDDHBDBHBH@JAJCJ@JHJHFHDJBH@H@FBLDJBFDFDFDBDFFFHFFJHJDJBJAJBFDDHDHDJDJBHHFJFPJNNJ@FBHDFDHBLBFBJDHBFHFBDDFFHDDFFJDHDFFHHLHHHB@@@@B@HBHDHBFBFDHBH@HDJDHDHFHBF@HADCDAFCFAH@JBFDHBDDDBDDHBHBH@HAFAFADEDC@CFEJCF@DAH@FAFBDBBBHJCBCDEFIBEBEFAFCFEFGFCDEDIDGH@FFFLDHFHFDFDFBF@J@FDHB@B@B@B@@BB@BB@@@@@BB@B@BBB@@BCBCB@@@@@B@D@@BB@D@B@@@B@@@B@@@B@@BAB@D@@A@@DABA@@@@@AB@@@B@@@@@B@@@@AB@@@@@@B@@@B@BA@@@@B@B@BA@@@A@@@@BC@@@ABA@A@@B@BA@@@CB@@@@@@A@A@@D@@AD@B@@@@@B@@BBB@B@BB@@@@@AB@B@@@DC@@B@@A@@BA@@B@@A@@B@@@@B@B@D@@ABAB@@A@@BCB@B@B@@@@AB@B@@@@@DB@@@B@@@@@BB@@B@B@@@@B@B@@BB@@B@@B@B@@BB@B@@B@@@BB@@BBA@BBB@ABB@FBLDJBJDLDFHJLHFNHPBNAFBF@L@HBJ@LDN@TGFCDCFGFEDEFGDEBKAAGCECU@DIHMNKPDNFHGFEBCBCGWHCLEJ@NEHEFC@NBPBFBFBDBDHDJF@BBD@@BA@@@BDD@@BBBB@@B@B@B@@@@A@@BB@@@@@BBBB@B@@@@@A@@@@B@BDB@BA@@@AA@@@@@@A@@A@@@A@@A@ACA@@BDD@D@@@@@B@B@@A@@@ABAB@@B@AB@@@BA@ADABAB@B"],"encodeOffsets":[[121341,31559]]}}],"UTF8Encoding":true}