{"type":"FeatureCollection","features":[{"type":"Feature","id":"341621","properties":{"name":"涡阳县","cp":[116.211551,33.502831],"childNum":1},"geometry":{"type":"Polygon","coordinates":["@@BA@A@CB@JAB@B@BABEB@BA@@BA@C@EAA@G@@D@H@JAL@B@J@FBD@D@@G@G@CAC@GAC@CAERADAB@D@BAJAB@DAB@B@FABEB@@ABG@MB@FCD@DABADC@ABEHA@E@OJ@BA@E@EJA@A@C@CBEB@BA@@AE@EEM@EAI@G@EBC@CBGDCDEFGFGFEDEDEFAHCJ@HAL@JAHAFADADABG@CAEBCAE@A@A@A@AHAHA@OI@E@C@A@@A@IBED@@GFAB@@ABA@EA@CAA@KACAIA@AACC@@A@C@AAA@CAA@CAC@A@A@A@ABABABA@EAAAA@E@ECA@CBAB@DCBADABAD@@C@C@A@AFEBCBAAI@EAAGMAMFSRUO@EAGCGCGCCAGAGCGCEACCCCACCAEACAE@GAE@EBG@E@G@GBGBIBGBEBGDCDCBCDEDCDE@EBGCCCCCCCAEDE@C@E@CAEECGCCEEECCCGEIEGCMGECGAECGEECG@@@@@@CEACCCCAEAEACBE@GDEDA@CBK@CAC@G@GBE@CA@AAE@AC@A@CAC@C@E@A@A@AB@B@B@F@BC@A@CBE@A@E@C@A@CACAIGAAMEC@@@EEICIEGEE@GDCBCDCBCBCBE@E@G@C@EAG@GCA@@AACCEACAA@@E@K@IAG@E@A@A@A@CBA@AA@AACAAEAAAA@ECA@AAC@AB@B@@EBCB@FAD@B@BA@CBMCEB@@A@ABABA@ABABABADABABEDABA@G@I@AA@@AA@AAC@@CAG@I@CAC@EAGAA@AAAAA@A@@BAB@DA@CBA@@B@FBD@BA@CBCACCAAECA@C@A@M@I@A@AABK@EAAAAECC@CAC@CBC@ABA@ABIBC@E@@EAA@C@CAAAA@AA@@A@AACAAA@@@A@CBC@EBCBE@G@CBA@IBA@E@@B@D@DBH@DBH@B@BA@C@GBC@A@ABAD@@ABABEBE@A@AA@CAECE@@AAC@EBA@A@IA@A@A@CAA@@G@U@@C@ADIBE@AAAA@CAC@A@A@GDIFEDQHCBCB@AAAAAAA@@@AE@A@@AAA@ACAECEAAAGAC@E@A@@@ABAB@BABCBABABABABAD@BABAB@B@B@B@BAD@B@B@BABBB@D@BBB@B@B@B@B@D@BA@@B@B@BCB@B@BBDBBBB@BBB@FAB@BBB@BAB@BADABABA@CB@B@B@D@BBD@B@B@BABAD@J@J@B@BBB@B@DDNBNBH@F@D@B@BBB@@HBJBB@BBDBFDDDDDFFBD@DDFAH@HBFBD@D@F@F@H@DADADAFCFADCDCDCDADADCDCFADCFAFEHCHCDAH@DAF@FBD@FBBBFBH@DBD@D@DAF@F@F@FDFBFDFBFDFBFDFFCHCdSTKBABABAD@BAF@D@DABB@ADADAHCDAHCBAB@DBHBBBB@D@D@@@BAB@DAB@BADABAB@B@BA@AF@BABB@@B@DBB@@@B@D@BAB@B@B@@@B@B@@AB@@@@BBB@@B@BBB@@A@@BB@BB@B@@@B@@@B@B@DB@@@BABAB@D@@ABAFAB@DABAB@B@BAB@@AD@@@@AF@D@@@B@B@B@D@D@B@B@BBB@B@BBBBBBB@BBBBDBB@@@DBB@B@B@B@BBB@@@BBB@@AFBB@D@@B@BBB@B@@@ADAF@BABA@A@A@EAEAAAC@ABA@AD@D@FA@ABCBE@C@ABCDGJCFADBFBB@BDFDHDDBDDDDBBBBBBDBDBDFJDH@BBDBD@D@B@BBBBBFDDBBBBBD@AFHAB@B@@B@B@@FBDBB@BADAB@DA@@BBH@BBBB@@BBD@HAH@D@@@@BCDBBDBDAF@B@BBJDDB@BBB@DADEJ@D@BABAFAFAB@B@J@BCF@@CFAFAF@BCDA@ADAB@BNFDBFD@ADADAB@D@DBFB@@H@B@R@B@D@BC@A@CCAAA@A@ABCBABEBC@CBADCDCBAB@BAD@@@DAD@DAB@D@DAHAFAB@DA@ABABABA@ABC@ABABABABADAAE@ABABE@EDGDEDE@CDCDEDCD@HAF@D@H@HBFBFDDDFDHHHFFBDBFBHBHAHBF@HBLDJBJ@H@F@HCH@N@HBF@FDDBDDBFBDJHDFDDHDHBHBHBHBHBDBDBBBDFDFBD@BBD@BBBB@DADABABA@@B@D@@@B@B@@AB@@@@BBD@DBD@BFBLDJBJB@AFAF@J@BABBB@DDJAFDH@BAD@B@DB@BBDB@B@BAB@BBL@"],"encodeOffsets":[[119188,34594]]}}],"UTF8Encoding":true}