{"type":"FeatureCollection","features":[{"type":"Feature","id":"340311","properties":{"name":"淮上区","cp":[117.34709,32.963147],"childNum":1},"geometry":{"type":"Polygon","coordinates":["@@QIGCICEAG@CAE@G@QBYBM@K@WEC@EACACAQM@@AAEAAAA@C@CA@@I@KBYBUB_FI@M@UBK@E@SB@@BB@HBD@B@@BDA@BD@@@BB@@@BDEBBDB@DA@DD@AAB@@@BDHT@@BBC@@DB@B@@@@DA@@BK@@DG@K@A@@B@JBD@L@PG@MB@@C@@DA@A@A@A@@F@FC@C@@D@DD@D@@F@BDB@BDD@BBBFBAB@BBBB@BBDDDB@DBBDD@@BB@BB@BF@BBD@@A@A@@@@@ABBDBBDBB@F@F@F@B@BAFADABABA@@BAB@BAD@D@FA@ALA@FDADNBAFTHP@BL@B@@BBLNAB@BJ@@@@BAFCB@D@HBPDFBF@D@D@HADAFAFABAF@B@DBBBBBDFBBB@FBB@DAFADAD@D@FBD@F@D@HAD@FADAFEFCB@BBB@B@@@B@BCDEHKPDD@@@BK@QBM@M@ABCDCBABA@AAEGAECCCACBE@C@I@A@BBBBBFHDFFDFH@@DDDDFABA@@BAFAFAFAFDFFDH@FBD@B@BBD@FDDDDFDHDFBFDFDHDFBHDHBDBDBHDDDBDBDBIHEN@\\BF@LFL@PAD@D@DANCJAN@NCH@LDH@FG@KBIDGHIDIHE@ECCACBCJEPIFIG@AAGEECGECGHAACBCAGL@@KC@BE@C@@@A@AAAAAA@G@AACCAAABAD@BCFABACECGIIICACFGFAB@@C@EAEAOCCAGBEBEB@@@@A@@@ACBA@A@CAG@@CE@@A@A@CCGIADCBADCBCDCDCBCDABEFEDABIDEBEBKBA@A@C@AACCGCECGAIAGAC@E@CBABCDEFCBE@C@EAEACAICIE"],"encodeOffsets":[[120278,33765]]}}],"UTF8Encoding":true}