{"type":"FeatureCollection","features":[{"type":"Feature","id":"340602","properties":{"name":"杜集区","cp":[116.833925,33.991218],"childNum":2},"geometry":{"type":"MultiPolygon","coordinates":[["@@@@AC@GDE@A@AA@MLC@IIGGAEAA@@CBA@CD@@A@@AABAAAAAA@@AMK@[I@@ABINITDJBJBJNCBCAG@ECEDAB@HPHDFHGDODGJHBAVAN`VA@KADHH\\NFHHBDB@BB@@B@@@@ABAAC@AAC@@BE@C@A@ADADAB@j^AFCH@D@BABLHLD@@FA@@@@DCDE@G@AGCAE@@@C@KD@DABADA@AGKAC@ABK@AAAAACAEACGCIEGEEAEAIAIAECE@@B@D@HA"],["@@A@AA@ABC@ABE@C@E@CDE@A@CAAAAIAECE@A@CBIDEBABCDAFAB@FCBA@A@A@CAA@ECECCCCACCEAAAIEAAA@EAEAA@A@A@A@C@GDDH@BA@AB@@BB@DAB@BB@AB@@AB@B@D@@RFBB@@GDA@IA@@@@CB@AA@AAABAA@@@@A@@@CBCB@@IDBDA@GFE@E@@DC@@@@A@@@A@AA@@A@A@AAA@AA@C@@BBBKFCB@FG@A@A@GDA@I@@C@@E@@AC@@FC@@BABA@@BA@@BA@A@@B@BA@A@@@@DAD@DAB@@ABCAA@ABA@@BA@CBEB@B@@@D@@B@@FDDAHDDBHBHC\\GN@JFN@PFXHHEHEJFFTNB@@AGM@EBEFEBEPO@@FDB@BJZHDNCDABHDDBFAB@DAB@D@BAB@DABAB@D@B@DA@@BADABABBBBBBD@BBBBB@DBBBBBB@DB@BBBBBBBBBBBBBBBB@BBBBBBBBBB@BBBBB@BBBB@BAD@HCD@FADAFADAHC@@HIEKN@F@XEJ@JFTAFAAAACA@@AA@@AAA@AAAAACC@@AAAAAA@AAAECCAAAAA@@AA@AAAA@AAAA@@AA@@@@@AAA@A@@@A@A@A@A@@@A@@@@@ABA@A@@BA@AB@@@@A@@@A@A@@@A@@AA@A@AAA@AD@T@PCB@FEAOAGF@POACIK@A@@B@@AB@BC@A@@@@@A@@@AAAAA@@AA@@AA@@@@BAAA@@AA@ACA@@@AA@@@AAC@@AA@@@@AAAB@AAAACEAAA@AA@AAC@A"]],"encodeOffsets":[[[119841,34987]],[[119765,34783]]]}},{"type":"Feature","id":"340604","properties":{"name":"烈山区","cp":[116.809465,33.889529],"childNum":1},"geometry":{"type":"Polygon","coordinates":["@@@@NCDADAFCD@H@BBB@FDDBHCFABA@CBABA@A@AAACCBABCBABAB@FC@ABI@CAAACAEAAAAAACCAA@A@ADC@GBABADA@@@AB@AC@CCC@AACCCEECAAAA@ABCBAA@@AAAACACACAEAG@EAA@@AACAEAE@K@O@CAG@AAC@E@I@EAGCOCGAA@C@CAIBC@E@C@AACAM@O@I@EBEAC@CAAAA@C@C@CAAAAECAA@A@ABC@A@GBC@MDABABCBCDGE@@@C@A@G@E@A@CBAB@ACC@@@K@G@ABC@C@ABCBEDKDO@G@C@@GAE@@AAA@B@AE@@@AC@ABMBQ@G@K@A@CAAC@CBEBEBAB@@E@CBEBGBC@C@ABA@@@ABCDC@@BC@EBABA@A@CF@@@BAJ@@AB@BcVYPCBA@A@A@CBA@C@CBCBADAB@D@D@B@D@F@BABCDCDABIFA@A@@BABCFABABABABA@ABA@ABA@A@ABCBABAB@DCJ@B@@ED@B@BABAH@@ABAB@B@FABABADABADABRHDH@JIP@JBH@FMVGH@H@HHLHFTHBD@DWXMN@FBL@RBPBFHB@@@@@@DBFH@JEFGBN@B@@AB@@BB@FAH@F@BA@@@@@@@@@@B@@ABA@@D@H@BBB@@BD@B@B@DA@@B@BCBA@@B@B@FBD@B@B@@BBBD@BB@@BBBDBDBDBB@BDD@DBDDDBDBD@BB@BDBB@B@B@@A@@@@B@@ABADAB@BAD@@AB@BAD@@@B@B@@@B@D@@@B@@BB@B@@BB@@@B@BBB@B@B@BB@@B@B@@@B@@D@@CF@F@HEB@ACJC@@DADA@@B@@@@@BBBABBB@@BDA@@@@JBB@HC@@AAQE@@@C@ABA@@BAA@@ABA@CAA@@BAB@@ACGHCD@B@B@B@B@FBFBB@BBJFBBFBDDDBDDFDFDB@DBB@B@B@DA@EBABEDCBAFAJCDAB@F@FDJBBBBB@D@BCF@D@F@DAF@BAD@BBBB@"],"encodeOffsets":[[119765,34783]]}},{"type":"Feature","id":"340603","properties":{"name":"相山区","cp":[116.790775,33.970916],"childNum":1},"geometry":{"type":"Polygon","coordinates":["@@@@@C@@@AFADAB@@AB@BAB@DBBA@@BA@CBC@C@@B@B@@A@AB@B@@AB@@AB@BA@AD@@ED@@BF@@@@DJ@B@HCB@B@H@@EDALEAA@AD@B@@A@@AA@@@AAA@@@A@@@C@A@@@A@A@@BC@ABA@@BC@ABABCBA@@@A@@B@@@@A@AAAACA@@AACACCCAC@CCC@AAAACACACAA@@AAC@AA@AA@A@C@EAA@A@@@ABADA@@@CBA@A@C@@AA@AAG@C@@@AB@BA@@@@@@@@@@@ABE@G@EBA@@AA@@BA@M@CBCA@@AB@B@DBDBFDBAB@BA@ABCBCFGDABAB@BAB@@ABA@ABCDABCBABEDCBEBABC@@CA@ABCDE@C@C@W@O@@@KBQAI@A@@B@B@@BB@BBB@D@BAD@BABIDcB]@MFMFABC@CAGCADA@A@ABABADCBOA@DBDE@@BC@BDOB@DA@BFABCBCDEBABABABIDAD@B@D@@BD@B@@GBBBEBBBCBBBAB@@DA@BC@@BF@@@@B@B@@BD@D@@H@F@F@DAF@HADADAJDDDD@FEL@F@DFTCHANENGFAD@D@BHLDRIJCHDHFT@TDB@DA@EHDPFH@FG`AbA@AAEB@HAPEBGBA@A@CAAB@D@B@BA"],"encodeOffsets":[[119606,34810]]}},{"type":"Feature","id":"340621","properties":{"name":"濉溪县","cp":[116.767435,33.916407],"childNum":1},"geometry":{"type":"Polygon","coordinates":["@@HAFE@IEGCA@@@@@@GAAEAO@QAK@ENMXW@CACSGGEGK@G@GHGNU@EAG@IJO@ICGQGBABCBABCBABA@E@ABABA@@BGBA@A@AFC@@@ADI@CBABADABAB@B@BAB@BAB@BABABABADEBA@AB@B@JEBADCDCBA@A@E@C@A@C@CBABCDADAD@B@DAB@B@B@DAZOdU@ABA@@BI@A@@DEB@B@BAFAD@@AD@DCBA@@B@BAD@D@HAFADAF@CACAIACAIBEBCBE@CBC@E@EDGBCAC@E@CEAC@EAC@C@E@CBG@CBC@A@EAGAGCEGGACCEAC@CBGBC@CBCBE@GBC@CDGDGBABCDCBCFCFEDCFADCDAFAHAB@@@BCBADCBDBBBADBB@BBB@B@BADABB@@BDBBBBBAD@BAD@DBF@F@@BHDF@B@@ABAACAGABAC@CAA@AAA@CAA@A@@@AAEAA@EAAABACAEHA@AAC@EGB@CGBAAACACC@ACACAA@CAC@GAEAAACAG@CAEAEAC@A@ABAB@DAHA@ABADA@@@CBCFA@AA@ECAA@AAACCAACAECAAAA@A@A@@BAB@F@FAB@BEB@B@D@FAF@HAD@@A@A@G@EBABADCDABADCDADAD@B@HAF@D@H@BBBA@ABAAE@A@@BALC@G@G@CBAB@B@BAB@@C@AAACECGAA@CBCB@DA@A@AEO@CCC@A@ABABAFCDABAB@@ABA@AA@A@CAEAA@AACEAACACC@@AE@C@AC@C@EBEBC@EBA@AAAA@AAEAEAAACAA@AAAAC@AA@EAA@AAAC@A@AAE@C@CAAEAAAABA@CBAACA@A@ADC@AB@FCB@@ABA@A@AAA@ACC@AF@BAB@BABADA@@BABE@GCGAAAECCEAEEC@EAEAEACAE@EBC@G@E@E@E@C@GACACAAGCC@CCGCCGAEAC@E@E@E@GBCBEBEFCBEDEHEDEDCBCFEDEBCBE@EBCAE@EDEDCDCDABAB@@@B@BADAB@F@FDL@DABCHAB@D@BBF@BF@BBDLBB@B@BEBAB@BDJBDBDBDBBBFBD@DBFBBBD@B@BAB@BCF@B@HAHAB@DFB@DBF@BBD@BABADA@BDFBDDD@BBF@FBG@IBE@CBA@EBA@CBC@GBIDEBIBGBEBIDGDCBEHCFEDEDGDG@EBGAI@G@CBEDADCDCFCFAFSPYHkEoFKNYBUGaCE@GGE@EEACEAGCGAGAG@I@E@E@E@EDEDQVETBNHNBB@FBJABADEF@B@B@D@DC@ABCBABCDA@AB@DDB@F@FBBBB@FABABAB@B@B@B@BBD@DBB@DBB@B@D@BD@BD@BJBDBLBB@DBB@@FAB@BA@EB@HC@AF@J@BB@D@F@J@@PGBGB@B@B@B@BBFADBF@DAHCBCBEBGBIBK@GBI@GDEBCFCFEFEHEHCFCDAH@DAD@F@HBJ@FFN@FBF@@ABA@AF@D@D@BIB@F@FABI@@P@FGBAF@BCDABCBC@EDA@@NAH@BA@AFEBA@A@CBA@IBABC@A@CBQBBF@DBD@HBD@D@H@HC@C@EAI@A@K@IBG@C@@@@HBB@F@DAB@@ABA@AFABA@A@IBA@@D@BABBFABDD@BDBDDDDBFBB@B@BB@@@BA@B@B@BB@@B@@BBBBB@B@DAB@BAB@@AHGDC@@BAB@BB@BB@B@B@BAB@B@BAB@@@B@@DBBBBB@@@@B@@B@@@@B@D@@ADCNAD@B@D@D@BBJ@DBF@BDF@HBB@H@B@B@@AB@BF@N@D@HBBB@BBBB@B@BBBBBB@D@B@B@DBBD@D@@BBBF@LABDDBD@BBDBBDBB@@BBB@DAB@LEB@F@FAB@BDDLD@DBF@FCF@FAFHBF@D@BH@BDD@BDHA@E@EBCDA@BB@@AJDBH@DXA@D@@@D@@BBA@@BA@@BC@@BDH@F@FBFDDDDDDF@HBH@H@F@JAFCHAHAJEJEJEHCHCJCFAH@H@D@HDDD@F@DAHCFAFAH@H@FBFBDDDDDDHAF@HEFAFAH@DBDDDDDFFDDDF@FAFCF@@HDDBD@BANENE^@dAJCBA@ABC@A@CAA@AAA@@@A@AB@J@RBLA@@P@X@D@D@F@DCBAB@@DD@BAFADAFCBADABADCBAB@BA@@BA@ABABAHCDEDABAB@@ABACAAEAC@C@ABA@@DBDA"],"encodeOffsets":[[119597,34732]]}}],"UTF8Encoding":true}