{"type":"FeatureCollection","features":[{"type":"Feature","id":"340406","properties":{"name":"潘集区","cp":[116.816879,32.782117],"childNum":1},"geometry":{"type":"Polygon","coordinates":["@@PCZCDA@EBCDCDAD@BDDF@BNATEBIFABA@GBCDAD@DCBAF@FBDBBAJGNGJCR@JAFABC@CEGAGCAJGZQTKHEHGNGLGHDFBF@FAFEDE@EACCAFCFCLI^Q@CCC@C@CB@LANBDC`SJEFED@hKTCFADA@A@@@@AA@@B@D@B@D@BABABCBABABABAFCBAFIBA@A@C@@BCDAFAD@DBHB@C@I@AAED@F@HKDG@EBCDARCF@BC@AWKAA@AHED@HFJFHBHBD@BCJID@LHVNBADEFGBC@ICIGIKKKEGCC@MAMAEAGAKCKESKQKIGICI@MDKFKDMDYBQ@CE@IICSCKCGROCOEGGCEA@GBC@AAC@IGEAA@E@A@C@CB@CGICHCJEJ@@ADA@ABKHEDEFAC@BGFKHCCEEEGAACC@@AA@@AAAAGFEFEJANCRAFGFMHgPABA@QFGDE@YFA@AD@BAFAD@BBBDFDD@B@B@FC@KHA@CBA@CBA@E@EVBDBDD@@B@DADABAFAB@D@@@BBB@@@BABA@CBGB@@@AA@EAA@ADCNEJCDABCBA@C@KACAA@@@@ACAEEAA@@BC@A@@C@IBGAEECDED@DBF@DABABA@EDABAD@BABEBAB@DABAB@DA@BB@B@BCH@@C@@@ABAB@DBJDNBH@FAD@BAJABALAB@B@BAB@BBDDBDDLHBBDBDBFBD@DBDBHHBBA@ABCBCDA@BBBD@BDFDHB@DFBF@BABI@@B@R@BDJ@@BBB@PABBBDBJBF@L@DA@C@@DBH@BpMFAHA"],"encodeOffsets":[[119538,33719]]}}],"UTF8Encoding":true}