{"type":"FeatureCollection","features":[{"type":"Feature","id":"340824","properties":{"name":"潜山县","cp":[116.573666,30.638222],"childNum":1},"geometry":{"type":"Polygon","coordinates":["@@DE@E@EAIAI@E@E@GDKBABAFBJ@B@BADADA@A@C@C@A@@AAA@A@@@BEBGDCBC@ABA@AAACCCEGICA@C@AAEBABC@A@CAECIEKCOAEIMEICCA@A@C@C@CCBG@AAGACEGGM@ABCDCHCBCB@BA@EBE@AFADADCFK@C@E@EBEDANGHEFCBGDO@EDADAD@RBD@DADAD@D@FBF@B@LEDA@ALIBCBC@KEAGACAE@CAEACEAGACBCHCB@BA@CKK@EAGAAEECEEEGGCEEKCGIEECGGECGEBI@CAEEIKUEIEGAKAEGECECGCAC@EBCAMMMGOICECIGASMMKOGOKGCKCC@@C@@A@@CBGFEDCHEFCDIBQDEHMHSFGDCFEH@BE@C@EDCDABBFBD@DICAG@AA@CAEBIEGCAAC@A@A@A@CLGDCDC@QCICKGUAE@CMGA@@AAEAICMBE@CACACAA@A@A@CBABCLC@CGAC@SGC@C@CBCBIHCBCHAFEFC@EBGCQEC@G@CDCDEJCHEDGDC@O@GAGASISCIAA@EBCBC@E@aEAAAAEGCAGEKAKBeFKBC@CDCNAFABBFHPDDDBBDAHIFCDCHCHCJAJARCb@NBDFHFDDD@DEFMJEDBDaNEBI@CBKFE@G@E@C@CD@D@H@FADMCGEEEICGEC@CBGDA@E@E@IDSDO@CDEJAHI@QAGBCFENALCHCDOHKJCBEDI@KDCFAB@FIPKCI@A@@H@FBJ@@D@DABAB@ACAAB@DAB@BBHD@@B@B@B@@@ABAF@BBBDBFD@BFFFD@BBBBFDDFDNJLFJDH@DBFCFABAD@DBJDFBBBFHHCDAFAJAF@N@B@DB@BB@BJBFB@JFAH@F@PABAB@BADFJBFFDHFDDFBDBB@JDHHNLJFDF@DBFBHBBDBBBBB@D@BB@BBH@JBLDF@FAB@D@B@DBDDLLDBNFRJHD@BBDDHDJCBI@IF@FGBG@CB@DCBCBAD@BCJ@DFBD@@DE@C@CD@DDDHBBDBBHBJDFBDD@BBB@N@FBBBDBBDFBNADGH@DDPADEBAFJNFP@D@DABCBCDADBBBBHDFBf^DFdVDDBF@B@B@DLPDF@DAFAFJ^AF@DBDBDDBHDHBDHHFDAF@J@F@DBDDBDDDDBD@DDBBDDBB@BDLBFBDBDHFBBBBF@F@LAD@HCBCB@B@@@BBBDBHDBBDDBFBB@BDBB@BBBB@DBBBB@BB@HBBBDBBB@F@D@DAB@DEDABAF@DABALGJEDABABA@ABC@ABAD@B@FBFBDBHHBBB@BAD@B@F@F@DADADABADGBADCFALCLCH@B@B@"],"encodeOffsets":[[119511,31789]]}}],"UTF8Encoding":true}