{"type":"FeatureCollection","features":[{"type":"Feature","id":"340621","properties":{"name":"濉溪县","cp":[116.767435,33.916407],"childNum":1},"geometry":{"type":"Polygon","coordinates":["@@HAFE@IEGCA@@@@@@GAAEAO@QAK@ENMXW@CACSGGEGK@G@GHGNU@EAG@IJO@ICGQGBABCBABCBABA@E@ABABA@@BGBA@A@AFC@@@ADI@CBABADABAB@B@BAB@BAB@BABABABADEBA@AB@B@JEBADCDCBA@A@E@C@A@C@CBABCDADAD@B@DAB@B@B@DAZOdU@ABA@@BI@A@@DEB@B@BAFAD@@AD@DCBA@@B@BAD@D@HAFADAF@CACAIACAIBEBCBE@CBC@E@EDGBCAC@E@CEAC@EAC@C@E@CBG@CBC@A@EAGAGCEGGACCEAC@CBGBC@CBCBE@GBC@CDGDGBABCDCBCFCFEDCFADCDAFAHAB@@@BCBADCBDBBBADBB@BBB@B@BADABB@@BDBBBBBAD@BAD@DBF@F@@BHDF@B@@ABAACAGABAC@CAA@AAA@CAA@A@@@AAEAA@EAAABACAEHA@AAC@EGB@CGBAAACACC@ACACAA@CAC@GAEAAACAG@CAEAEAC@A@ABAB@DAHA@ABADA@@@CBCFA@AA@ECAA@AAACCAACAECAAAA@A@A@@BAB@F@FAB@BEB@B@D@FAF@HAD@@A@A@G@EBABADCDABADCDADAD@B@HAF@D@H@BBBA@ABAAE@A@@BALC@G@G@CBAB@B@BAB@@C@AAACECGAA@CBCB@DA@A@AEO@CCC@A@ABABAFCDABAB@@ABA@AA@A@CAEAA@AACEAACACC@@AE@C@AC@C@EBEBC@EBA@AAAA@AAEAEAAACAA@AAAAC@AA@EAA@AAAC@A@AAE@C@CAAEAAAABA@CBAACA@A@ADC@AB@FCB@@ABA@A@AAA@ACC@AF@BAB@BABADA@@BABE@GCGAAAECCEAEEC@EAEAEACAE@EBC@G@E@E@E@C@GACACAAGCC@CCGCCGAEAC@E@E@E@GBCBEBEFCBEDEHEDEDCBCFEDEBCBE@EBCAE@EDEDCDCDABAB@@@B@BADAB@F@FDL@DABCHAB@D@BBF@BF@BBDLBB@B@BEBAB@BDJBDBDBDBBBFBD@DBFBBBD@B@BAB@BCF@B@HAHAB@DFB@DBF@BBD@BABADA@BDFBDDD@BBF@FBG@IBE@CBA@EBA@CBC@GBIDEBIBGBEBIDGDCBEHCFEDEDGDG@EBGAI@G@CBEDADCDCFCFAFSPYHkEoFKNYBUGaCE@GGE@EEACEAGCGAGAG@I@E@E@E@EDEDQVETBNHNBB@FBJABADEF@B@B@D@DC@ABCBABCDA@AB@DDB@F@FBBBB@FABABAB@B@B@B@BBD@DBB@DBB@B@D@BD@BD@BJBDBLBB@DBB@@FAB@BA@EB@HC@AF@J@BB@D@F@J@@PGBGB@B@B@B@BBFADBF@DAHCBCBEBGBIBK@GBI@GDEBCFCFEFEHEHCFCDAH@DAD@F@HBJ@FFN@FBF@@ABA@AF@D@D@BIB@F@FABI@@P@FGBAF@BCDABCBC@EDA@@NAH@BA@AFEBA@A@CBA@IBABC@A@CBQBBF@DBD@HBD@D@H@HC@C@EAI@A@K@IBG@C@@@@HBB@F@DAB@@ABA@AFABA@A@IBA@@D@BABBFABDD@BDBDDDDBFBB@B@BB@@@BA@B@B@BB@@B@@BBBBB@B@DAB@BAB@@AHGDC@@BAB@BB@BB@B@B@BAB@B@BAB@@@B@@DBBBBB@@@@B@@B@@@@B@D@@ADCNAD@B@D@D@BBJ@DBF@BDF@HBB@H@B@B@@AB@BF@N@D@HBBB@BBBB@B@BBBBBB@D@B@B@DBBD@D@@BBBF@LABDDBD@BBDBBDBB@@BBB@DAB@LEB@F@FAB@BDDLD@DBF@FCF@FAFHBF@D@BH@BDD@BDHA@E@EBCDA@BB@@AJDBH@DXA@D@@@D@@BBA@@BA@@BC@@BDH@F@FBFDDDDDDF@HBH@H@F@JAFCHAHAJEJEJEHCHCJCFAH@H@D@HDDD@F@DAHCFAFAH@H@FBFBDDDDDDHAF@HEFAFAH@DBDDDDDFFDDDF@FAFCF@@HDDBD@BANENE^@dAJCBA@ABC@A@CAA@AAA@@@A@AB@J@RBLA@@P@X@D@D@F@DCBAB@@DD@BAFADAFCBADABADCBAB@BA@@BA@ABABAHCDEDABAB@@ABACAAEAC@C@ABA@@DBDA"],"encodeOffsets":[[119597,34732]]}}],"UTF8Encoding":true}