{"type":"FeatureCollection","features":[{"type":"Feature","id":"341323","properties":{"name":"灵璧县","cp":[117.551493,33.540629],"childNum":1},"geometry":{"type":"Polygon","coordinates":["@@@AS@C@EAC@IECiIW@A@@CG@qBmDoDeBWAAEAI@EBG@E@G@E@GAG@GAECEACCBCDOBEBA@AH@J@B@BEBGBEAQ@KAIECGC@A@C@CG@Q@A@@CEGCECEGGA@AQ@K@@CE@@@E@@HAF@HEDCBA@@AE@C@OL@B@@G@CB@HDLDBBB@DCFEHK@A@AA@AA@AAAA@CC@@CGAMAOFA@@DOCICE@ABE@A@A@AFEJ_ISAI@@@@AWJABGAA@AA@A@A@CCAE@IEGCCCEGEECCCCECECCAEACAE@AG@MTQD[KSOUOEBQB[PUC[GUXQFSBSRkCWNA@cV]XITIVSZYXITAXIVQLaRoJU@U@U^OJGD@B@DCb@D@D@D@B@B@DAB@B@@@DBBBDBF@@CH@N@HKBEZCR@@BJFHNRDBDFDF@@HCFA@E@EAE@@DABCB@B@FB@@J@DADEFABAD@HBDD@FHFHBDDJBH@FAFADAH@H@HBBHBDBFBF@HBFDJFHDH@BBJA@CBDLDDB@RIFNJ@LBBB@DBH@BCF@@CBED@J@FDJB@BB@@@P@BABMF@@ADCHADCD@JDHJP@B@B@BC@KB@@@N@BDF@@FFFBBNC@C@IA@ACb@BA@GAEDA@CH@BAH@@CF@HAH@F@DBH@FBD@DADBNRFdLCV@LLJNDT@@D@D@B@@@@AB@@ABA@ABAB@@AB@B@DAD@DAF@@@@@BAB@@@@A@@BAA@@AB@@A@@@AB@@ABC@ABA@@@A@@BA@@BA@@D@@CFCD@B@@A@ABA@AB@@A@AB@@AB@@@B@B@B@B@D@@BB@B@B@BB@@BB@BBBBBB@@BB@@@B@B@B@@@@BBBB@@@@@B@@B@BBBBB@@BBB@@B@@@DBDBBBDBBBB@@@@@@BBB@DAD@BB@@BGBEHKNGTDH@JAJAJ@HBF@FBHBHBHBF@HBFBF@H@H@DCHAHAF@D@FAF@FEJCJAHAHAH@FDF@FDFBGBCDCDAFCD@FAD@H@FBH@D@JDH@HDFBFBDBDBHBDBDBHDDBDBDDDBDDFBDBH@FBJ@HBFBFBBFBFBDDDD@F@JAFCFCFCDAFCDCDCFCDCFGFCBCBAAE@CAG@CAEBGBIDAFCFCHADCDEDE@CBCBGDEDCBCFAHADBJBDBHDDDDFBDJDFBHBF@DBFBFDBFBF@B@H@B@FAFCFCDCDADFDD@F@DAHCFCFCBCDCBADANB@GHCDCLEFEFCDAFC@ADA@CBAFABC@I@ACMA@A@@AEGAEAGBA@C@EDCDGDAFEBCAE@E@C@G@C@CFGDCFCBCFCDCBCBCDCBCBEBCBCDEBEBABEBCBCDGBAFEFCDCDADAD@HBDDDBD@HFDDDBDBHDD@FBD@FAFAFCBCBC@C@E@@BKCIAEAG@@E@DMBG@A@C@@AAAAACAOASEA@AA@@CFKFI@@@GAC@E@CAE@CAEAECGAG@CAG@CAC@GAC@EACACAECACECEC@EAGACE"],"encodeOffsets":[[120549,34557]]}}],"UTF8Encoding":true}