{"type":"FeatureCollection","features":[{"type":"Feature","id":"340604","properties":{"name":"烈山区","cp":[116.809465,33.889529],"childNum":1},"geometry":{"type":"Polygon","coordinates":["@@@@NCDADAFCD@H@BBB@FDDBHCFABA@CBABA@A@AAACCBABCBABAB@FC@ABI@CAAACAEAAAAAACCAA@A@ADC@GBABADA@@@AB@AC@CCC@AACCCEECAAAA@ABCBAA@@AAAACACACAEAG@EAA@@AACAEAE@K@O@CAG@AAC@E@I@EAGCOCGAA@C@CAIBC@E@C@AACAM@O@I@EBEAC@CAAAA@C@C@CAAAAECAA@A@ABC@A@GBC@MDABABCBCDGE@@@C@A@G@E@A@CBAB@ACC@@@K@G@ABC@C@ABCBEDKDO@G@C@@GAE@@AAA@B@AE@@@AC@ABMBQ@G@K@A@CAAC@CBEBEBAB@@E@CBEBGBC@C@ABA@@@ABCDC@@BC@EBABA@A@CF@@@BAJ@@AB@BcVYPCBA@A@A@CBA@C@CBCBADAB@D@D@B@D@F@BABCDCDABIFA@A@@BABCFABABABABA@ABA@ABA@A@ABCBABAB@DCJ@B@@ED@B@BABAH@@ABAB@B@FABABADABADABRHDH@JIP@JBH@FMVGH@H@HHLHFTHBD@DWXMN@FBL@RBPBFHB@@@@@@DBFH@JEFGBN@B@@AB@@BB@FAH@F@BA@@@@@@@@@@B@@ABA@@D@H@BBB@@BD@B@B@DA@@B@BCBA@@B@B@FBD@B@B@@BBBD@BB@@BBBDBDBDBB@BDD@DBDDDBDBD@BB@BDBB@B@B@@A@@@@B@@ABADAB@BAD@@AB@BAD@@@B@B@@@B@D@@@B@@BB@B@@BB@@@B@BBB@B@B@BB@@B@B@@@B@@D@@CF@F@HEB@ACJC@@DADA@@B@@@@@BBBABBB@@BDA@@@@JBB@HC@@AAQE@@@C@ABA@@BAA@@ABA@CAA@@BAB@@ACGHCD@B@B@B@B@FBFBB@BBJFBBFBDDDBDDFDFDB@DBB@B@B@DA@EBABEDCBAFAJCDAB@F@FDJBBBBB@D@BCF@D@F@DAF@BAD@BBBB@"],"encodeOffsets":[[119765,34783]]}}],"UTF8Encoding":true}