{"type":"FeatureCollection","features":[{"type":"Feature","id":"341102","properties":{"name":"琅琊区","cp":[118.316475,32.303797],"childNum":1},"geometry":{"type":"Polygon","coordinates":["@@AA@C@@@AA@@@C@@@KEA@E@@@AB@@A@@@A@CCCE@ABAB@DABA@@@A@CBG@ABADC@@ACAAAC@A@@@@B@B@B@BADAB@@@@AAC@@@A@@AA@G@AAAA@@AB@@AB@@@B@B@BABEAE@C@ABCACACECCEGG@AAAAA@A@@@@@ABAB@BB@@B@BC@AB@@A@A@AA@BAAC@AAA@@@@@A@@DC@ABA@AB@FEFC@AD@@@@@@@AAAAA@EAA@A@A@AB@@CFAB@B@@@BCBABA@A@AACA@@C@C@ABA@CA@@AAAA@ACAA@A@A@@@AAJKFGFCAA@@CA@@@AEBCBCDA@@BAAAC@@@@AA@@@@CCA@B@BAB@@A@C@AA@CB@@@A@@@AB@@@CAA@A@@@A@@@@ABAAC@@@@C@@@AABABABA@ADE@CA@@ACAAAGAEAA@CACBEBA@EBC@A@AB@B@B@BA@@BA@A@@B@@@@A@@@ACA@@BA@@B@AA@@A@@@@ABCDABADA@@B@@@@A@GDABA@A@AAA@AAABAB@B@B@BAB@B@BCBAB@@BDBHBBFDHF@BDF@B@B@B@@BB@@@DABBBBB@BABFB@@BB@@GD@@A@A@C@@@@@A@ABAB@@A@AA@@@D@B@@DB@@AD@@A@CBABABC@@@@B@F@B@BAB@@@BBDADBD@DAB@BA@EBA@A@CAA@EDAB@@G@@@@@@B@@BF@@ABA@K@A@@@@B@@BBBBF@LD@@BB@@@B@BA@EF@B@B@BBF@F@@@@@@A@EAA@@@CEAAA@A@C@CBCB@@ABBD@@@@BB@@N@B@HDD@B@@B@@@BADA@@BA@GBA@@BAB@B@B@BAD@@ABA@A@ABA@@@B@B@B@B@B@@@DCDAD@DAF@@@DCBAB@AC@@@@B@DABA@@@ABA@@AA@@@@HG@ABA@AAAA@@ABA@A@@CA@A@A@AD@D@@A@@@ACA@@ABA@@@AA@@BAB@DC@@B@B@@B@D@@@@B@D@@@@@@@@C@AB@B@@@BDBB@AD@@@B@FFB@D@@@REHA@ADADAB@B@@@DBB@@@JA@@BA@@@A@@A@CA@@A@EBA@@@@@@A@@@@HCFAB@B@HBBB@@@@AJAB@@ABGBCBABCFABABOJABAB@@AB@FBDDNBF@FAB@BABCBA@EBA@@@AB@BAB@D@B@@@BAD@B@B@@ABCBADCDAB@@@BDBBBBB@@B@BABAB@BA@@BBD@BBB@B@@@BCB@@ABBB@BBBBB@B@DA@@DCBAB@BA@@BBB@DDFJ@BDDB@HJFFJJFH@BDDB@DAF@DBHBDDD@D@DAFCDCBE@CACECCACEBADCFCFCF@FADCDCDI@C@AHE"],"encodeOffsets":[[121237,33148]]}}],"UTF8Encoding":true}