{"type":"FeatureCollection","features":[{"type":"Feature","id":"340102","properties":{"name":"瑶海区","cp":[117.315358,31.86961],"childNum":1},"geometry":{"type":"Polygon","coordinates":["@@@B@@@@@D@FA@@BEBCD@@@B@@@@@@@B@@@DA@@@@@@@AB@BCB@@@@@B@@@@@B@@@B@B@B@BAFAD@B@B@B@@HHHDDB@@@B@@B@@B@@A@@@@@@BA@@@BB@@@@@BA@@@@@ABA@@@@B@@@B@@@BAB@@@@@B@BBBAB@B@@BBB@@@B@@B@@@@@BB@BB@@@@@@@B@@@@@B@@@BAB@@AB@@@@@@ABB@A@A@@B@@@@@@@@B@@@@@@B@@B@@@AB@B@@@@BB@@@@AB@@@@@B@@@BAA@@@B@@ABA@@B@@B@@@BB@@@B@@BA@@B@@B@@@@@BA@@@BB@B@@JBL@F@F@F@H@DAFANEFAFGDGBABA@@HAB@D@DDDFB@@BBB@D@BA@AD@BAB@@BF@BDBB@D@HBFADBDB@D@D@DAFCD@D@B@BB@DDHBJBDBD@BBB@@B@DAP@B@BBBD@@BP@@@DADA@C@A@@@ABE@AFOFAJA@@HAFEHQHMBGFODMEEKAIAGCACAGAM@E@K@GBCAI@@@@AAAAC@@C@ABA@CD@B@DAD@BABA@A@A@@AAAAEGCCEAI@CAG@C@CAAAAA@ABCACAC@ADAFAJAHABAB@@CBA@G@CAACACAA@IBE@AAA@CCCCCCACAEAEBEC@C@A@ABABA@@B@B@D@B@BABABE@A@A@CAA@A@A@ABCDA@C@A@A@A@@BCBCDCBEBEBAB@BAB@D@@EDCBABA@ABC@ADA@@@A@ACCAA@@@GFABA@@@@@@@GB@@@@@@A@CBAB@@@@@@ED@BABBB@D@B@B@@@@@B@@ADA@CBA@"],"encodeOffsets":[[120116,32628]]}}],"UTF8Encoding":true}