{"type":"FeatureCollection","features":[{"type":"Feature","id":"340403","properties":{"name":"田家庵区","cp":[117.018318,32.644342],"childNum":1},"geometry":{"type":"Polygon","coordinates":["@@DEBCDOF@@@B@@@@@D@JB@A@G@A@@@A@@@I@@@@@E@@@AKAA@@@@@A@AA@@@@C@@@@@@@AA@@@@MA@A@@FEFI@@@@BADC@@BCBABC@@@@AAAA@@ABAB@@A@@AA@@BADAA@C@CA@@@@C@@@@ACBABCB@BA@AAA@@A@@AA@EC@A@@AA@A@CA@@@AA@@@@@AAABA@CIMAUAOBEFGDGDEDEAGIBCBE@@A@AAA@@@@@@@@@A@AB@@@AABC@A@@@@A@@A@@@AB@DABA@@@@@AAA@A@@@@B@BADA@A@@B@@@B@@@@@@A@@A@@@B@@A@@@@B@@@D@BAB@B@BA@@B@BB@@BA@@@@@@B@B@@@BAB@@@BAB@@AMOBCFCV@HDZMAAACAIFADCBCAI@GCAACAA@G@EACCAACACCC@C@C@A@C@A@@B@@@@A@A@EB@@AB@AEACCE@ACAACAAAA@@AAACA@AC@@AAA@AAAEA@AA@@@CCAAAA@@@@AA@@ABC@@BA@@AA@@@AA@BAAAB@@CAA@AA@@C@AAAAAAC@@AB@@AA@@@A@@@A@AA@@CAA@@A@@@A@CA@@A@A@C@A@GA@@CAAAA@@AC@AAAAA@AA@AA@AAA@A@A@@AA@@@A@@@A@@@@@@@AC@@AA@@@A@@BEAI@GEEAAEAiB@@BNBJ@D@F@BDHDDDDAD@BAHAL@B@B@FADAF@DAB@BBBBB@B@B@@ABDN@RFBJAFBHDJJFDL@DBBR@FEJEBECGCG@CBCFCDGDCDBLHZ@HEFAD@DDFAFONIPGFSFQHQJEBIAE@EB@F@FBFLJDD@FCJ@P@FDDHFBHEFCBKAW@EBGHCH@HCFAFAPCFAB@DFF@D@H@DDRDJDFHHPFPDHQLDTDJD@JDFR@ZANCLCLENCJ@JDJHRLTL"],"encodeOffsets":[[119852,33469]]}}],"UTF8Encoding":true}