{"type":"FeatureCollection","features":[{"type":"Feature","id":"341282","properties":{"name":"界首市","cp":[115.362117,33.26153],"childNum":1},"geometry":{"type":"Polygon","coordinates":["@@JERKDCFG@CBCECEAEAI@CAC@EAEEAEBEFEFCDCFCBAHCDCDAJEDCDAFCDADEBCDC@C@E@C@CBC@E@EAEAECAAGBEBCBCBEBGBCBCDEBG@CBE@E@IBC@CDE@E@E@CBG@ABE@CAC@E@GAI@E@E@C@EAE@CAC@E@CAG@C@EACBCAIDEFEBCDADEBCBC@ECE@EBG@A@EAACIECCCCCECACCECEBEBCBCBCBCDIBCBCDEBI@C@E@CACACCECCACCCCAACCCCGACCE@G@I@CFEDEDABC@E@C@EBE@CBCFEFAHADBF@DBH@D@HAFAFCFABCDCBEBCBCBEFKBEBCDEBCDABCHGDAFCDAFADCFAFADADADCDAFAHCFAB@B@@GAE@A@E@C@@CA@AAA@ACI@E@C@E@@@C@C@IAC@@DABABAFCBAAA@IAC@AAA@@AAAACCA@CMAG@A@A@@@@@@BA@@@@A@@CABAACAC@CAC@AAA@A@@@ABAB@B@@@@BBDBBBB@DAB@BB@@@B@@@DA@CDAD@DA@@@AB@@AAAAQMGCC@GAK@EBC@CBABABGFABABA@@@CBAA@@@C@C@ACAAAA@C@E@@A@C@ABE@A@AACAAA@A@AB@DAB@BABKLC@ABC@A@EAA@@@A@A@CBA@C@AAA@@C@A@ABABA@A@ECAAAC@GA@@ADA@FHBFEDCAAAAAAAA@CBABA@BB@B@@@B@BD@@ABDE@@BA@@D@@BB@B@DA@@@A@@BE@A@AB@D@@A@AACE@@@@AA@@AB@@A@A@A@A@AB@BA@E@C@ABABAD@D@B@@EHADADCBCDABGDG@E@ECE@CD@F@F@FEDEBEAC@ICCAG@CFAD@HFBDDAFEDEDGDEDCBGDEBABA@CBC@AB@B@B@DAD@BGBMFMDCBABAB@@A@A@@AAE@CACA@A@C@C@AB@@@JB@@@@B@@@@ABG@A@A@AAACCAA@C@A@GFC@EBA@@B@D@FDJBH@DAN@JAPD@D@PGD@F@B@BBBFBBBBDARCB@D@BADCB@D@B@@BBDBL@D@@B@D@DCBAB@BBB@@BDPC@AB@@@B@BA@AB@@@@DL@FABABAFADAFAD@H@@FJ@D@@@B@BCB@DC@@BBJBD@BBB@@@D@@B@B@BBBBBBB@LBLBB@BDF@DBF@DBBB@B@D@BCBIBGB@B@@ABBD@DDBDBHBBBBDBBDDBBBBBB@B@FCJ@D@HBDHHHFDDBD@F@B@B@@@B@@@B@@@B@@@BA@@DAB@B@BA@@B@BAB@B@B@@AB@@ABA@AB@BBL@B@B@@@B@B@BBB@B@@@@B@@@BA@BBBFBDBH@DABADAD@FAFBB@BD@BAHCF@B@D@DDJ@HBJFT@BA@CBI@IAEBAB@BBH@FALCRCP@BEBWAO@K@ABABAB@B@B@DNVDDHDBFDFBD@DADCDEHMR@DAJ@L@FDF@BBB@F@B@DABCB@DD@BAB@BBF@@@@@@DBBABAB@@BB@@@BBDDAFC@ADCB@BEB@BA@@B@JBJBBB@F@VBFBH@PA@@@@BC@ABA@@DB@@B@BB@@@BAB@@@@B@@BDA@BBB@BFCBA@@B@@B@@@@BA@@@@B@FAB@BA@@B@B@BA@@@DDHJLHJHBDDD@@B@@B@@@@BB@@@@@BDCDADA@GB@D@D@D@BAFADAHE@E@@@AB@@FB@FC@@BA@EBAB@DDBB@@"],"encodeOffsets":[[118170,34310]]}}],"UTF8Encoding":true}