{"type":"FeatureCollection","features":[{"type":"Feature","id":"340603","properties":{"name":"相山区","cp":[116.790775,33.970916],"childNum":1},"geometry":{"type":"Polygon","coordinates":["@@@@@C@@@AFADAB@@AB@BAB@DBBA@@BA@CBC@C@@B@B@@A@AB@B@@AB@@AB@BA@AD@@ED@@BF@@@@DJ@B@HCB@B@H@@EDALEAA@AD@B@@A@@AA@@@AAA@@@A@@@C@A@@@A@A@@BC@ABA@@BC@ABABCBA@@@A@@B@@@@A@AAAACA@@AACACCCAC@CCC@AAAACACACAA@@AAC@AA@AA@A@C@EAA@A@@@ABADA@@@CBA@A@C@@AA@AAG@C@@@AB@BA@@@@@@@@@@@ABE@G@EBA@@AA@@BA@M@CBCA@@AB@B@DBDBFDBAB@BA@ABCBCFGDABAB@BAB@@ABA@ABCDABCBABEDCBEBABC@@CA@ABCDE@C@C@W@O@@@KBQAI@A@@B@B@@BB@BBB@D@BAD@BABIDcB]@MFMFABC@CAGCADA@A@ABABADCBOA@DBDE@@BC@BDOB@DA@BFABCBCDEBABABABIDAD@B@D@@BD@B@@GBBBEBBBCBBBAB@@DA@BC@@BF@@@@B@B@@BD@D@@H@F@F@DAF@HADADAJDDDD@FEL@F@DFTCHANENGFAD@D@BHLDRIJCHDHFT@TDB@DA@EHDPFH@FG`AbA@AAEB@HAPEBGBA@A@CAAB@D@B@BA"],"encodeOffsets":[[119606,34810]]}}],"UTF8Encoding":true}