{"type":"FeatureCollection","features":[{"type":"Feature","id":"341722","properties":{"name":"石台县","cp":[117.482907,30.210324],"childNum":1},"geometry":{"type":"Polygon","coordinates":["@@POHCFGBCFM@@@AB@BABA@ABA@@BAACB@BA@@AA@@ABCBA@@@AA@AE@AAAC@@@@@@C@A@A@@@A@@ADC@@DAFA@A@A@@E@@@@A@@@A@@@A@A@AA@A@G@C@A@A@@AAA@A@@CCCC@AAAKAAA@CDGHE@AAAECECG@G@KBG@CCBEBG@E@GBGFGAAEAKCEAE@K@E@IAEAKAMCGCEEGIKIKKAIBKDGFCJAHAHANEFALAFE@IEICIAGCGK@OIOIK@I@EEIEIKKGIEGCICGCMAOAO@KAM@KAKCOCWEIA@@AACAA@E@A@A@A@@@A@A@A@CA@@@@A@BCACA@EAEA@AC@AAAACAA@A@@@@@AABABADA@ABA@AAAAAA@@AA@CAC@A@E@C@@CHE@@@AA@A@@@ACA@AA@@B@@ADAB@BCB@@AA@@AAA@@@@@BCB@@AB@AA@@B@BA@@A@@@AA@@@A@C@I@A@ABCBABCHI@IAAECKAACA@@@@@@BC@@@ACA@@@@CD@@CCAAA@C@@DAD@@A@EBA@CDCDCDABC@A@@BA@@B@B@FAD@B@B@B@@AB@B@B@B@@ABBB@B@@ABAD@@AAA@A@AAA@C@CBAAA@A@@@@A@@B@@@B@@@@@ACA@@BG@@@ECA@AAAA@@AAA@@ACEAAA@@AA@C@@@E@@@A@CAA@A@A@AA@CA@AAA@@AB@@C@A@A@@A@EA@@A@C@A@@AA@@AHAHAD@B@@A@A@AAC@@A@@A@ABC@A@A@AAA@A@@@@A@AAA@@@AAA@AA@@CCA@@@ABAB@@@@BD@B@@@@@BA@A@@@A@@AA@AB@@@BB@BDB@A@@B@AGCAB@@@@@@@B@BBB@BB@BBBB@B@B@@@D@@ABC@@@EBA@AAC@@@AB@@@B@@@B@B@BCB@BAB@@@BA@C@@@@@@AB@@@ACBA@AC@AAA@@ACCEAA@AA@A@A@AAGB@@CDC@@BABAB@B@BB@@BA@AAA@A@A@@HDB@B@DB@@B@@@@A@AA@@AA@AAACA@AAAAAAAA@@BCBGBA@A@A@@BEBEBGAGDAKEKEKGICKEECIAMAM@KBIBIBI@KBIACAGGCECEECCCIAKAE@KBGDGFOHUBMCEECGAEAG@EACCCGAIFI@IAIAI@KAGAICGEECICEAC@MDG@I@EEICGCIAEAMCECIAGCGAMDFJDDBHBJAJCLCHAF@L@LDNBLBJFTFJDFBH@LBJBHFFFFFFHHJFHJDHCLIHMH@LCH@F@JDDDJHHHHFHHDBD@DGBIDCHBFBFAF@JAHEHGHGFIFGDGBK@G@GAICGGGEKAEDCF@H@HBJ@H@F@HBJ@FAJCFEHILILKJHDNFHFJAFBPDLBPFLFFDFFJHB@BBBBDB@B@@AB@@@@@B@@B@BB@@@BDB@@@B@@@@@@A@A@AB@@A@@D@BABCB@@@@BBFBDBBBBBFBBBDBBBDBDBBBBDDBB@FBB@BBDDBBB@F@BBBAB@@@@@AA@A@@AA@A@@B@@AD@@@@BB@@@@BBA@B@@A@@B@@BBDB@@@@BABADAB@@C@AB@BC@@@A@A@A@@BA@@B@BA@@BC@@@A@CB@@AB@@@BCBA@A@AB@BA@@BB@@D@B@@@B@@@@@B@@@B@BBF@@@BB@@DB@B@@@@BBB@@@DB@@@AB@@CB@DA@ABA@AA@@A@@BAB@NBNDLFNHPFRDVABABA@@B@B@@AB@BCB@@AB@B@DADAB@@@B@B@BAD@B@DAB@BA@BBBB@B@B@BBD@BB@B@BBBBB@@B@BAB@DABB@@@BCF@B@@@BBB@DBD@@DBBBB@@BD@@@@@@BDBB@BB@@BBAB@@PLJFLFLFH@FADEBI@GBIBGDKFODKDEJMHGLAHAB@B@B@DB@@@@B@BADAB@B@DDHFLBFBB@DBFDDB@@AHAB@B@@B@B@B@F@B@B@BAD@H@B@D@@@@ABCBC@AH@B@DCD@BAD@@@BA@A@E@@B@BABA@@B@B@B@@@BA@AB@@@B@@BB@@@FBD@B@B@@@B@B@DB@@B@B@B@B@@@B@D@B@B@B@B@B@FBD@@@B@B@B@B@FBB@D@B@@@HEFC@AAG@@BAD@B@B@DBB@@AB@D@BA@A@ABCB@@AB@@@BAB@DBB@BBB@@@AE@AAC@A@AB@D@FABABAB@BA@@@@B@@BDAB@BA@@ACBCBAB@@@BB@@@BAB@B@D@@B@B@D@D@@B@@B@@@B@B@B@@B@@@BAB@@BB@DBB@@@B@@CBAB@@A@A@@@@B@@ABA@@BBJA@ABCBC@A@@@C@@@@@@B@@A@A@AB@BAB@D@FBBB@B@B@BAB@@AB@B@B@@@@@@B@@@BA@@@@BBBBD@B@@A@ABADCBCDABEB@BAB@DB@F@BBHBFBHBH@@@B@@B@@BB@@BB@@@@B@@B@BA@AD@@@DBBDBDBBFBDBB@BB@@@@DB@B@@@AB@@@B@B@@BBBBF@HCHEJEFCLCR@HAN@LBLBLBHHFHHFHJHGJAFAHCFAHANAJDHFDJFHHHHHHBL@DAHAFAJ@LBLDFBHFLFLBJALETGLCJ@H@HBBD@H@DGJAH@FBB"],"encodeOffsets":[[120747,31096]]}}],"UTF8Encoding":true}