{"type":"FeatureCollection","features":[{"type":"Feature","id":"341321","properties":{"name":"砀山县","cp":[116.351113,34.426247],"childNum":1},"geometry":{"type":"Polygon","coordinates":["@@GDCBGFCBE@CBGBE@EBGBG@EDGBE@CBE@GBEBEBGBG@I@G@EAGACAECCACAEEAAECAA@AAAECCAEEAAGESCAJMNHLCDA@E@A@CAA@CACA@@@AAA@AA@@BA@BCCAB@CAABCE@@AABADKA@ADAACAA@@DKE@BA@@A@@ABA@@AAA@D@@@CA@ADC@AH@@@CABAA@DA@@B@@@B@@ACC@@B@@ADIA@E@AA@@FKA@DC@CAEAE@GAEACACEACIDEBAF@BAFFFBD@DDFDFDFBFAD@DAF@DCD@FADADADEFIDCBCBEDGBGDEBGBEBE@CBGDCDGDCBG@EBCDGDGBCDEDADEFADAFAHEDCHEBEDCBCBEBCDC@CBGBG@EBE@E@EAE@GAG@EBGBGBEBEBEBEDCDCF@FFDFDDD@FAD@FCBADCFCDCFCBEDGBEFCBEDEDCBGBED@BABAH@DAFAHCDGHCBEFAFCDJLBFAFBDH@DDDFBHDBBB@DATXBRRJF@VIF@DCFCDADADCF@FBH@DBFBFDDBFAFBD@D@F@DADBDAF@BBBDDFBJAJALCDCDCFEFMFEHEFCHABDDDDFBFBFBHBFDFBDDBDFFBFBDBHBJ@D@DDBDBD@H@F@D@FBFBDFBDBH@DAH@F@F@FCHCFEH@F@DBDDBDBD@DBF@D@H@DDDDBDBFBF@D@HBJBD@FBD@FBHFFBFBDDDBBBFDDAF@FADDF@DBDBDBJDDBDBDDFBDBDBFBF@JBD@F@FABCBCBE@E@G@CACBEBCBCHCFCFADCDADAF@HCHAH@H@D@FBHEBCBG@CAEDCDEFCDCFEDEAE@EAC@C@EBEDEDCFEFCHEBADADCFADADAFEFCHCFADAD@F@F@H@FADAHEFEFEFABCBCHEFCDCDADADCDAHCDADCBAB@D@B@B@D@BA@AB@@A@CBA@ABA@C@ABA@@CG@@@A@@A@EA@AA@I@IBKFE@GAAC@A@ADADCDAF@D@H@H@D@D@J@D@J@FAHBB@B@PADBDEBEDE@A@M@MDGBAHEHIBI@OAGGGKISCGGAG@MDMDIDA@@@@HCFGJM@I@AOEIAGB@GPEFCBKFKDIAGCG@EAU@IFCFKSaACQOAEDCDA@AMCEAC@MACBAB@DE@EA@AIKA@GD"],"encodeOffsets":[[119377,35101]]}}],"UTF8Encoding":true}