{"type":"FeatureCollection","features":[{"type":"Feature","id":"532331","properties":{"name":"禄丰县","cp":[102.075694,25.14327],"childNum":2},"geometry":{"type":"MultiPolygon","coordinates":[["@@BO@I@M@IB[BOHIHEPAH@JAFEBKDKDIHKHCHAD@TCDDB@D@B@D@DBBAHABCFMDAFADCFEDEFEBAAEAC@KH@FBDHDDFBHCDCFAF@BDDDDDDD@@HBJ@J@HDHFFFFDJLBL@DABABA@@@E@CAEACCAE@C@@CFAJBBBJAFCDEFABAFJJLPJTBNBPJLFF@B@NDHBJFDFDFBHAFAF@PFHB@DADED@D@D@B@LBFDDA@BBDHBB@@CDADADABDDFFBDBBBBDBFBDBFHD@NBJAH@DAFMDMXUJILINGJQFMBOFMDGLOFI@@@@FGFAF@LAD@BADGBCFAHW@@B@@@B@B@F@FBB@BAB@D@B@ECIOEIACACBC@ABABC@CBEACACEAEACACAAC@A@@BABADADABABCDCBALCFA@C@CAAEEAE@AAC@C@@AE@CBGJKHGDE@GAeDGHEH@JBXJHDD@D@@A@CCM@G@I@@DCFEHG@@BCBC@C@C@CAGACAE@C@AIECGEE@C@C@EDCFCAAA@E@E@EBEDC@CB@@AAAAACACGGGKAACACEOeCQIUOKBCBAHBFBDEBG@M@IAG@GDCFE@E@@AAACAA@CAC@CAA@@CAC@AAAACCAECG@CBC@CBCAC@AAAAE@CBEAACACCEG@CAAC@CDEBE@CAC@A@EBI@MBADCBCBEBC@A@CAGGCCCEECECCACCAEE@EAC@QMYKUCM@GFABBFFN@F@B@BCDABMJMDC@A@ECC@C@CBCDCDADAB@DBDBB@D@D@D@DBD@DADA@C@C@C@CBCACAAA@E@A@CCEECGEACA@AEAECCCE@C@CBEDGFEFADCBEAEB@@C@E@CAEAECC@CBADCFCBCFEBC@C@A@CBCBA@CB@FEFAFAD@FBJDFBHBB@BDHBDBD@B@BABA@A@ACCAEBCDEDAFAH@F@DAFA@@@@BK@AAA@@AAAC@ABC@A@ABAB@CA@AA@@AAAAC@A@@AC@AAAAC@@@CACAAAACC@@AAAACCCC@@@EKQCM@IDEFC@@@C@@ACACGCA@C@A@A@C@C@A@ABA@CBC@CBC@A@C@A@E@CBABKH@@IAC@C@EBCFAFCDEAG@EBCD@D@FFDB@AHCBC@A@ABCBCDCBA@A@C@A@ABEDEDABABEDAFCAIF@GCIAA@A@EBA@CBA@CAK@AAECEAACA@ACECECEECA@E@C@AACAAAGCQKII@EDGFG@GECEEAEACG@KBM@G@EACE@@ACA@A@MDGDCBCBQDQ@E@@@GAIHA@A@A@A@AAAAA@@@@FCHADCJEHCDEJIDIFI@KBE@A@A@C@E@E@E@C@ABGBCBE@CAA@A@AA@CBEAEAECGAACECACAEAAA@AAA@A@@A@E@A@EDCBEBEBEBCDCDAACACABAGEC@CHABA@E@CCEOACC@@@A@ADCFABA@AAA@AECIAE@EBE@ACEAAAAA@CAIAKAE@KAI@CBC@GBC@@@@BBD@DABILADC@AAA@C@C@CBAB@BB@DDBBBDDDBBADCBABCBA@AB@@@B@BBBBDFHDFBB@B@FCDABABCDGBE@CBABABC@A@C@EBCBCAKCMCAACBA@I@A@C@ABEBA@AB@FBLBD@BAD@D@DDBDBHBFBFDFDFD^JNFPJFFFFHJBDBFBJGNKJQLGHADDRFFBBBDA@ABCDAB@J@BA@A@A@A@@@CHALCDCDCBE@GAW@G@ABITCDCBC@CAEAC@ABAD@@AR@B@RADABCBC@G@E@EBCFAD@DBDFL@B@DADCH@F@DBBDBBB@BA@EFC@E@E@EDAB@BBPLPBL@DGPOPIJGFGHGFABARADC@C@QIEAA@C@A@A@ABCBC@G@CAA@@@A@ADADBB@BB@B@B@@D@BABABBBDDNFDBDD@DCFCDKHGDQPAB@D@@DBFBDDHH@BAFEFA@@F@B@BAB@@@BAB@D@F@BBBB@B@B@@A@A@A@ABAD@BADGDAB@DBB@@B@@A@A@AB@@@BB@B@D@@F@BA@ABA@@B@B@B@BB@BAHC@ABA@AAA@A@@@ABBB@BBB@B@B@DAB@DCBAD@B@@BDDB@@@BADABA@@BB@@@B@@@BA@AB@@BBH@DAB@DCB@B@@@BBAB@D@@@BB@D@B@@B@D@@ABCB@@@@HDDDBD@B@BABA@AB@@@BHJ@DABCBCBCAC@C@CDC@A@AA@DBNBLAJAHEH@JEHCFCFEJIFM@Q@OAQDCFCBDFD@D@TbB@@@B@B@BA@@B@HFBDABCD@BB@DB@@B@@A@AB@B@NFDB@B@B@@ADA@BBBBDBB@@@@ABC@CBCBABAB@JBHBFFJFJDDDBFBBB@DBB@@B@@A@EAC@@@@@BBHF@BA@EBA@EB@@@BBF@HCVE@GFAFCBE@C@BD@D@DCBE@CAABBDFBLBFBH@DB@BDBF@D@DAJCNDDBH@JB@JDFDABCBID@HHLHF@BDJJNLLFJHLFLFLHHDPHNHRHLDHBPBB@BAFCDANEBA@A@AFC@A@@BABA@ABC@IBC@AACCG@A@EBAB@DABA@A@@AAA@A@BCBCDG@IBC@AB@@@BBFJDBFFB@BADC@@@@B@FBHBJFDDBDBBBB@BB@DABADCFCBAD@DBD@F@BA@ADABABAB@DA@@D@B@BABCBA@A@AAICM@CB@B@DBDBNHDBDDBFFH@@B@B@@@BA@E@ABAF@B@BC@E@@B@DBB@DD@BB@DBB@@A@AAAA@AC@A@C@CBA@AB@FC@@BA@C@ECE@ADCBABA@E@I@CBCDGBA@@HFDBF@BADAD@JFFBH@BB@V@BBBDB@@D@DBJ@H@FDDJAXBFBFCNCBCBADBDBBFBDJ@J@LDBBBH@FCHAF@HBRL"],["@@IDADADABFHBBB@B@FCDABA@CAEEE"]],"encodeOffsets":[[[104495,26057]],[[104843,25992]]]}}],"UTF8Encoding":true}