{"type":"FeatureCollection","features":[{"type":"Feature","id":"340304","properties":{"name":"禹会区","cp":[117.35259,32.931933],"childNum":1},"geometry":{"type":"Polygon","coordinates":["@@@ABC@C@ABC@G@EBE@C@@@@@A@A@@@@@@@ACA@@@EAC@@@@@@@@@CAA@AIQ@@@AAAAC@@@@GB@@@@CACC@@@@@@A@IG@A@@@@CAAA@@AA@AAA@ACE@@@ACM@A@A@@@@@@AACG@@@@@@ACEKCE@@ACCE@AEKA@@A@@@ABG@A@A@@@AAGACAEAAEQACAE@AG@A@CBA@A@C@@@A@C@AAAECIKIICIAKDGFAAB@GHEDINGFEFBJHFEJUvSN]F_FORDLNJHFZHTNZBPCDANAV@JBJDCHCF@PAFIDAJ@@BF@FDFBB@D@F@FBDBBBDTAF@L@VAN@J@`EVAZALAJ@"],"encodeOffsets":[[120169,33739]]}}],"UTF8Encoding":true}