{"type":"FeatureCollection","features":[{"type":"Feature","id":"340222","properties":{"name":"繁昌县","cp":[118.201349,31.080896],"childNum":1},"geometry":{"type":"Polygon","coordinates":["@@AA@CAA@C@ABI@OBQ@E@IAMCOAMACBA@C@ADAFEHEHEBABA@A@A@ACGAC@AAAAACAA@@A@AAACQAEGEEAECEAIAICGAKAKAGAIBIBKBEDKFGFEFAFEFEHEFEDCDEBEDGEIICGCEIAE@GDGHIFGDABAFCDGLIDIDG@GEECCGAG@I@CDIBEDGBEBEBECAECIEOOOCKGIEGEECECCDCBEDGBG@E@G@EAG@EAE@E@I@GBGBGBCDEHAHCJEHCBGBCBEBEFEFEHCHCHKDMBK@UBQDKHBHCLOBGFIRBHBFPTFJMHADMFCJIBIAEBE@G@KDEBGDJDHDFDJDDDFHFJFHBH@LBLAJANAJAJBLAH@JDJDJLHJHLBNDHBH@JBLBHDLFHDFFFFDHHFJJBDHFNDNBTHF@THHAB@HEZDP@F@LAF@B@JAVEB@F@@AAG@EAEN@TAL@JAFC@@BCDO@G@AD@D@BA@A@CCOAG@E@O@ADCDA@@BABCAC@C@@@@AE@C@E@CBE@AAECSACBCDCHCFADAHCRBFBFDFBF@JCJCHEDEHGFCLAH@n@`BfAJBB@JFD@DBJBFBB@"],"encodeOffsets":[[121201,31853]]}}],"UTF8Encoding":true}