{"type":"FeatureCollection","features":[{"type":"Feature","id":"341824","properties":{"name":"绩溪县","cp":[118.594705,30.065267],"childNum":1},"geometry":{"type":"Polygon","coordinates":["@@@@A@AB@@C@@@A@@@CBCBEBA@A@@AAACGA@@ACA@@AAAC@AAA@@@@C@E@CAA@@A@ACA@@AABA@CBA@A@ADA@@@ABC@AAA@A@ABA@E@A@A@@AA@@AACACA@ADA@@B@@ABABA@@D@@ABA@AAAAA@A@C@EDCDEDEBA@@@E@@@ABABBF@BBDBD@@BH@B@BB@@BDBB@D@B@B@B@@B@BB@@@BAB@@AB@BC@@@ABA@@B@B@BBD@D@BBD@B@DBB@BB@BBB@@@D@H@F@FBHDFBFDJBJ@F@@BLDNDLBPBNCTAPARCNANCJ@HAH@HAH@JBJBHDFHFDBDFBFDJHJBBBbFNFDO@E@E@CACCCAC@E@EBCBGHODE@C@CBA@EDCBC@A@@BAAAA@C@GAAA@A@CBADADAD@DABAB@BA@A@CFIBGDGBGDEBCDCNAH@H@HADABABA@CDE@CBAAA@AA@C@CAGCAAGEAECC@AAAAAC@G@ACACC@EAKCICEAMEGAECKCGAE@CAEACAAACCACACAEBABADABADCFABAF@DBB@DBDDH@BADADCFAH@F@H@F@DBDBB@BA@E@AAIAEACAACCEE@A@@@I@C@CAAAAA@A@E@A@C@ICCCAECE@C@C@CGJA@GDGBKDIAIAIAICKCGAGGKIICGIIKOEI@OCQ@MBMFENIHGBEKEKCKIIKCIAIGKCICE@ECCIAG@C@I@ICGGGGAIAICKAK@I@OBMCMEEAEAECGEGCEEEK@A@CHCCGAEAC@C@GAEAAIICEEAKCIBQAICGECEEKEICCGEC@IAEBE@GJKHMNGJAAADABADEL@HBJBHDF@DABCHCBCBG@E@CA@AAEAEA@A@AD@BAHGHAH@N@JDHPDJNDJAFGLAHELEFENCJGFaJIHGDGFEFIJCDAFCFEDC@K@EAEAI@OCKCMBKDGFKFG@AEEGECG@IBIDKHIJIFBD@DBB@F@DKJVBNGRAN@JBFDDPDJHJFHJJJJFJFHDHBDHFHDFFDDBH@D@F@F@L@JDHFFJFFFH@LBLCXIJAR@N@NBJ@TDHBL@J@NDLDJDFBHFFDHHFHDFBFDFFFJDJ@LBJHHFDD@FAJDJHJFFFFDDBFDDFHFHFFBDDD@F@FBHBHDHBFDFDDDDPFLDJFLBD@@@J@FCJAJCJERG@CCKAE"],"encodeOffsets":[[121542,31043]]}}],"UTF8Encoding":true}