{"type":"FeatureCollection","features":[{"type":"Feature","id":"340123","properties":{"name":"肥西县","cp":[117.166118,31.719646],"childNum":1},"geometry":{"type":"Polygon","coordinates":["@@JJHDJDJDH@H@H@HAJ@HBDDJHJFDFHDFHDDFFDFFDFFHFJFFDDFBFHFNFNDXBLBPBPDRDHDDBHDHDHFL@JBJBP@JBJ@J@LAJ@JBJ@JBHFDBZFDBDBDDFDFAFCFCFAFEDE@AB@N@HAHEDED@F@D@B@DA@@@A@E@CACCG@ACGCG@C@AB@@C@CBE@CDMBCBADADCD@@@D@B@DC@ADCDCHGBAB@@@B@B@@@B@@AA@@A@A@@BA@@B@@@AA@AB@@A@@A@@@@AB@@C@GAAICCAAA@E@CCCCA@CAGCAKGIGEG@GEEEECA@CJCFCBEDGBEBGDEDC@CGEEACCAICI@GGCKAGAGCE@E@AE@QDGBEBGCCEAIC@CFELIH@@@@@BA@@@BB@@@B@@@B@B@B@@AB@@BB@B@@@@@B@B@@C@@@@@@DA@@B@@@@@@@AA@A@@B@@A@@@AB@BA@@B@@BB@B@@@B@B@B@B@B@BBB@@A@ABBB@@A@@BABAB@@@B@@B@@B@@@D@BBB@@@BB@@BBBB@@B@BA@@@BB@BB@@@@@@B@@BB@@B@@@@BA@@@@LDH@D@DCAE@CBA@@@@@@BAHAFD@D@B@@@B@D@@@@@@@HFNJJPLTRLFHFFB@@HBFADC@C@EBCB@D@FDBBFBJ@D@DBB@DBBBDBB@@@@@@@@@B@B@BAHKBGBABCB@@ADADC@ABA@A@@AE@ICEACCAG@G@GBGBGDCCACBEBC@K@CCECEBC@E@C@CB@@@@@BAB@DAB@DA@@NSRWRSPIB@DAD@FABBB@B@DBBOCEICEC@C@CBCBGDGDCBE@EDEHEBCB@@@DAB@D@B@BA@@BA@AA@BA@@BA@AB@B@B@B@@@B@B@BAB@@C@@@A@@@ABCBC@A@@BA@A@A@@@A@A@AB@BAB@BAB@B@BAB@BABAB@BA@@B@B@D@B@B@B@D@DAB@@@B@B@@BB@@B@B@D@B@D@D@DBBBBDBBBBABBHDHBB@DA@A@A@C@ABAD@Ĥg@KD_FoBK@CBK@CFODEBEDADCD@AAAACAIAK@I@K@IBI@G@IAICECUMMCMEmEgAoIKCEOECECKEOEKEGCECEDABADCH@@ANDLMDGFGP@HGBQCMBWNIK@OHEDIDQQ[GwPWJGBEAUQICUGSFWHQHIECFGJEHIBKAEEEEBKDG@GMEGHG@MCOKKJUACDCAICG@KAEAEAICICG@GBIBIBIBMAMAIAG@MCI@KEOGEA@B@BC@@@A@@@A@@@A@AB@B@BABCB@BAD@@A@@@A@@@A@@B@@@B@BAB@@C@A@@BA@A@@@AAA@@@A@@@A@@B@@BB@B@@@BABCDA@@@EBA@CBABABC@@@A@@DADADABABCDABADCBA@ABCBCBAD@BA@@B@BABAB@BGDABAB@B@B@B@BCDAF@B@B@B@BDF@BBB@B@DAF@B@B@D@F@D@B@D@D@DBFAJABAB@BCBAB@@@@@DAFCFCBCJAL@H@HBFBDDFDFDFHHFH@FAHAHEFAJBL@HBFAHAHEHCFGLAF@FBFDHDFBHBF@JBHAFAHEDEBG@E@I@EAE@GB@FBDDDBF@FCFEBABCAIEC@CB@BAB@BAB@@A@@@@@@@A@@@@@@@@BB@@@@@@BA@@B@@@B@@@B@@@B@B@@B@@@@B@@@@A@@@@DAB@@AB@@AB@@@@@B@AAB@A@@@@A@@@@@@BB@@@@B@@@@A@A@@@@BABA@@@CB@@AB@@@B@BA@@@A@@@A@@@@B@@@B@@@@@@C@@@@@A@@B@@@B@@@@A@@@@BA@@@A@@B@@@B@@@@A@AB@BA@@B@BCB@@@BA@ABABBB@BB@B@D@BA@DBDDHFDFFHDHDJDHDHBHFFDHDFFFHDFGBEAK@E@EHCFBH@FCDEDCH@DDFDDHDHBHDJ@JFJDHFJDLDJBFFHJ"],"encodeOffsets":[[119574,32678]]}}],"UTF8Encoding":true}