{"type":"FeatureCollection","features":[{"type":"Feature","id":"340221","properties":{"name":"芜湖县","cp":[118.572301,31.145262],"childNum":1},"geometry":{"type":"Polygon","coordinates":["@@BADCDAJALCRAVAFAFBF@D@@@BA@C@A@A@A@AB@@AB@@BBBDDBBB@@@D@DAFCFAD@HANALAJAF@DAB@DAD@F@D@FBDBD@DBB@B@BBB@BBB@BAB@B@B@D@DBB@BBB@DAB@@@BAB@F@B@B@BBDBBBB@D@F@F@D@FBF@FBFDFDDBD@FBDAB@@ABA@ABA@A@A@CBC@A@ABA@A@AAE@G@AAC@ABC@G@CAA@AAACCAAECACAC@AAC@A@ABA@AA@AA@A@A@@@A@@AA@@A@@A@ADAFADCFABAB@@@DAB@@AB@BA@A@ABG@ABA@ABABABABADADCB@DABAFEBABAB@@A@A@@@AFI@AB@@@BA@A@A@ABA@CBA@@BCBABABA@A@@BA@CBAB@BABA@CDABA@@FCBAB@BABA@@BAB@B@BAB@B@BAB@B@B@BA@ABCBADGBABCBABA@A@ABA@A@A@@BAB@BA@@BA@@@ABA@A@@B@@AAAA@A@C@A@GAECGAGCMGICIIEEIKEECIAE@E@CBGFC@CCE@@GCGICE@A@CBC@@HEDCBCA@CCGM@@AAECEEECEGGIEIEGGGMGCACCIGEEGCMAGCGA@@CBGDEHEH@B@H@FFN@@@DADABABC@C@A@CGCIAEMUICGCEE@E@GDKFIHMBO@IEGGCIGGAI@I@KAKAICIEMEIEIEGCEA@ACAAA@@@CFEFCBC@A@A@AA@IBI@ABMBC@@@ABA@EL@BGB@DAH@FAJ@FALAHAJKFGBGBEBADAFBDDDJHLBHBAFCH@HAFBHHDLBFBLBJBHDBBDHBL@JK^CBEDJVPT@JGPED_EOGCC@QAKEHELINEBEMEOEGC@GNALBHEHGF@HFPGBI@GBEJCHDHFF^T@RCFGJMDSBI@HLRPFH@B@B@BABABCBi@AH@FAA@B@@@@@D@BAB@@@BBB@B@F@D@DBB@@B@@@B@B@FAB@F@D@HBHDFDDDB@DDFBBDFF@FBDBX@R@HAFCF@JBFDJHLFNBF@HCHIPCBBBBBD@D@DBB@B@BAD@B@BBB@BAD@D@BB@@B@B@@@FDDBFB@@@B@B@DDDBB@BBFBD@B"],"encodeOffsets":[[121326,32064]]}}],"UTF8Encoding":true}