{"type":"FeatureCollection","features":[{"type":"Feature","id":"340503","properties":{"name":"花山区","cp":[118.511308,31.69902],"childNum":1},"geometry":{"type":"Polygon","coordinates":["@@AB@B@B@B@@A@ABAD@@@B@@@BDB@@C@AACA@@@AA@A@@@CB@B@B@@AB@B@@@BBB@@AD@@AA@@A@A@@@@B@@@B@B@@@B@BEB@AA@AB@B@@@BA@@BA@@AA@@@@@A@@@@@@BA@CAC@@AB@@@@A@AC@A@A@@@AG@@A@@@AABAAA@@@A@AA@@A@EAAA@@@AACA@@@@BAAAA@AA@@@A@@A@AB@BC@A@A@C@@@@A@A@@BAAA@@BA@@A@@@E@AA@A@@AC@ABAAA@@AAABA@@@BA@@@A@@A@A@@BA@A@CB@@B@A@A@A@AAA@@B@BA@@@@BABAAABA@EA@ACAC@ABA@@BB@@@@B@@@@@B@@AB@@@B@BBBEB@@C@A@@@ABABABC@CAA@@A@AA@AA@@ABA@A@@@@@@@AA@@@A@@@AA@@@@@@ABADAB@B@@A@AB@A@A@CAA@ADA@@@AA@@A@@A@@@A@@EA@@ADABA@@@AA@@AAA@@@AB@@A@BDA@CAE@@@A@@@A@CA@@@@@@@@@@C@C@EACB@@C@EA@@@@@@@@@@@D@@@@@B@B@@@B@DC@A@A@@@G@AB@FDDBD@HCHEJGJGDEBOLKDGBI@AA@E@K@EACCACAE@KBK@G@ABABA@A@EBA@QAC@E@C@DVH\\LZDDHDHFJFLFHFHFHDHFHFHFBB@@DFJL@J@BHCD@B@BAF@DBD@DBB@B@BBB@BA@A@A@CBABCBC@@@@B@@A@@B@@A@@B@@@@AB@@@@@B@@AB@@@B@@@B@@@B@@@B@@@B@@A@@B@@@BA@@B@@@B@@@@@@AB@@@@@B@@@@@B@@@@@B@@@@BB@@@@@B@@@@BB@@@@@B@@BB@@@@@@@B@@B@@B@@@B@@@@B@@B@@@B@@@@@B@B@@@@A@@@@B@@A@@@@@@@AB@@@@A@@@@@@@@BA@@@@@AB@@@@@@BB@@@@@B@@@B@@@B@@@B@@@@@@@BA@@@@@@BA@@@@@A@@@@@@@@@AA@@@A@@@A@@@@@A@A@@@@@A@@@A@@@A@@@@@@@A@@@@A@@@@@@AA@@@@@A@@@@@A@@@@@A@@@A@@@@@AB@@A@@@@@A@@@@A@@@A@@@@@A@@@A@@@@AA@@@A@@@@@A@@@A@@@A@@@@@A@@@@@AA@@@@A@@@@@@AA@@@@@A@@@@@@AA@@@@@@@@@AA@@@A@@A@@A@@B@@@B@@@B@@@@@B@@@@@B@B@@@@@B@@@@@B@@@@A@@@@@@@A@@@@@@@@@A@@@@@A@@@@@@@A@@@@B@@A@@@@@@@ABB@@@@B@@@@@B@@@@BB@@@B@@@@BB@@@@A@@@@B@@A@@B@@@@AB@@@@@BA@@B@@@@@BA@@@@BA@@@A@@@@B@@@@@B@@@@B@@@@@@@@@B@@@@B@@B@@@@@@@B@@@@@@@BB@@@@@B@@@@@B@@@@@@AB@@@@A@@@@@@@@BA@@@@@@@A@@@@@A@@B@@@@A@@@@@@@A@@@@B@@A@@@@@@B@@A@@B@@@@@@B@@B@@@@@B@@@@B@@@@BB@@@@@BB@@B@@@@BB@@@B@@@@BB@@@@@BB@@B@@@@@@BB@@@@B@@B@@B@@B@@B@@B@@@@BB@@@@B@@@@B@@B@@@@@@BB@@@@@@@BB@@@@B@@@@B@@@AB@@@@@BA@@@A@@@@BA@@@@@A@@BA@@@@B@@@B@@@B@@@B@@@B@@@@@BB@@B@@@@@B@@@B@@BB@@@B@@@@@B@@BB@@@B@@@B@@@B@@@BB@@B@@@@@BB@@@BB@@@@B@@B@@B@@BB@@@@BB@@@BB@@@@B@@B@@B@@BB@@@@B@@@BB@@B@@@@@BB@@B@@@@@B@@BBA@@B@@@B@@@@@B@@AB@@@B@@@BA@@@@@@B@@A@@@@BA@@@@BA@@@@@@B@@@@AB@@@@@B@@@@@B@@B@@@@B@@@@@BB@@@B@@@@@BB@@@@@BB@@@@B@@B@@@@@@BB@@@@@B@@@@@B@@B@@@@@B@@@@@@@B@@@@@B@@@@@@@B@@@@@B@@@@@B@@@@@@@B@@@@@@@B@@@@@B@@@@@B@@@@@@@B@@@@@B@@@@@BA@@B@@@B@@@@A@@@@@@@A@@@@@A@@@@@@B@@A@@@@@A@@@@@@B@@A@@@@@@B@BA@@B@@@B@@@@A@@@A@@@@@@@A@@@@AA@@A@@A@@A@@@@AA@@@A@@AA@@@@AA@B@@A@@@@BA@@@@@@B@@@@AB@@@@@B@@@BA@@@@B@@@B@@@B@@BB@@@@AB@@@@@@@@@@A@@@A@@@@AA@@@@@A@@@A@@@@@A@@@A@@@@@@BA@@@@@A@@B@@@@@BA@@@@B@@@B@@@B@@@B@@@B@@@B@@@B@@@B@@@B@@@B@@@B@@@B@@@B@@@@@B@BA@@B@@@B@@@B@@@B@@@B@@@B@@@@@B@@@@@B@@@B@@@@AB@@@@@BA@@@@B@@A@@B@@@@@B@@@@@BA@@@@B@@@B@@@@A@@@@B@@@@A@@BA@@@@@A@@@@@A@@@A@@BA@@A@@A@@@@@@@A@@@@B@@@BA@@@@B@@@B@@@@A@@B@@A@@B@@@@@BA@@@@@@BA@@@@B@@@BA@@@@@@BA@@@@AA@@@@@AA@@@A@@@@@A@@@@@A@@@AA@@@@AA@@@@@AA@@@@@AA@@@@@@A@@A@@A@@@@A@@A@@@@@AA@@@@@@AA@@@@@@AA@@@@@@AA@@@@A@@@@A@@@@A@@@A@@@@@A@@@A@@@@@A@@@A@@@@@A@@@@@A@@AA@@@@AA@@@@@@AA@@@@A@@@@@A@@@@@A@@@@@AB@@@@A@@@A@@@@A@@@@A@@A@@@AA@@@@AA@@@@@@AA@@@AA@@@@AA@@@@AA@@@@AA@@@@@@@A@@A@@A@@@@@@@AA@@@@@@A@@@@A@@A@@@@@A@@@@AA@@@@@@@AA@@@BA@@@@@A@@B@@A@@@@@AB@@@@@BA@@@@B@@@@A@@@@@@@A@@@@@A@@@@A@@@@AA@@@A@@@@"],"encodeOffsets":[[121494,32438]]}}],"UTF8Encoding":true}