{"type":"FeatureCollection","features":[{"type":"Feature","id":"341322","properties":{"name":"萧县","cp":[116.945399,34.183266],"childNum":1},"geometry":{"type":"Polygon","coordinates":["@@ZWJKFADBF@H@H@H@LBHBH@F@DBFDFDDDHFFBDBJBD@JBHDFBH@HBFAF@JADAJAFCDAHCDAFAJCFAFAH@HADADCLA@CO_AOB@@ARAF@BALEB@@@BABE@C@G@C@CACCGGIEECCAEAE@C@EBCBCBAFCD@AKEICECG@E@E@GBEDCFCHELGHEHCLEHEJCFAH@F@DABCBS@ANE@@FFBA@A@CDGBEi]A@CBCB@B@B@DAF@@BD@BBDAB@B@@A@@@AAA@ACGGMEG[CGLBB@_UBMBUGAHIPCHCEGGCGOA@CBDF@FBHADMDAIAICIJSJMBA@@\\JL@BN@@BBBBBBBA@BB@@@DCB@DA@@BBBFHHJJD@NKB@@B@BCF@HBD@@F@HBBADEBEDABABMB@JDFBTEFEDAFAHAH@J@J@FCFEDCDEDCDCDCFAFAH@F@D@F@HEBC@CBCBC@E@E@CBEAC@E@@H@PEJA@@FB@@CGCCG@E@CEE@CCAEKDCI@A@GCAAG@CAEAEAE@C@IACBCA@B@@AACCEAC@ECC@CCC@CEEACAG@CCECEAECEEGCCEECACCAAEECCACCACCCAECCCECCCECCBEDCDCBCBEDE@C@CCCE@EAEAEACAEAGAEACCCCECCCCECCCE@IECAGCECE@AABB@DAJ@BEDA@ABABADABDDBB@B@BABAB@DABEBGDCAECA@AAG@C@EDCBCBMD@@@BBD@BBBB@BBDFBBBBA@BB@B@@B@@BD@BB@@B@@B@@DB@BBB@@BBAB@@@@BB@@BB@@BBBB@B@@@B@@@@@BADA@@BA@@@@BJLBDOPE@BHBPEFA@ODS@C@@BBB@B@BBB@@@B@@@B@B@@@B@@A@@BAB@@@BAB@B@@@@@B@@@B@B@B@B@@@BBB@B@@@@BB@@BBBBB@BB@BBB@@BBBBDBFDBB@BBBBBBB@@DDBBBB@BBB@BB@@BB@BDBBEBSBIEI@WFE@M@FLGJ@@GDCBEBCBEBC@GDC@ABA@AA@AAAAA@AAAAAAAAAAAA@AAAAAAAAAAAAAA@ACAA@AAAACAA@AAAAC@AAAAAAABCBAB@@CBA@C@A@ABCBA@ABC@A@CBA@EBCAGCBADCCMYGAIA@EC@@OPAFEFAF@FHN@BA@SMEEFIFGGGEW@OEM@IHMD[AGAGCCBGCC@EA@ABA@C@A@BB@D@BABAHOFGBA@BF@BaB_BEHG@OEGC@FCBA@SCS@GEGCIDQJKCAGC@C@EBMHMFGBSDCEE@K@EFC@CCICCBCBGBE@CBE@E@G@@B@BAB@BABABIX@BAB@@A@ABKH@BA@@B@D@B@@ABEDAB@B@@@B@D@@ABABAB@B@BABA@B@@DF@@DEA@BAB@@A@@@B@@@A@@BA@BBA@@@C@@BC@@@@AEJBH@HADADCHCDCDEFEBEDE@GBGBC@E@EDABCBAFADAD@D@D@F@DBH@F@DDDBFBHBD@DBDBD@FDDBDDDJHNFLBHDHFAB@@@BBB@B@@AB@@ABA@@BABA@@@@B@@@@@@@B@@@B@@@B@@@BA@@D@B@B@@@@CB@@EA@@A@@BA@A@AB@BAB@B@BA@AB@@AB@@AB@@@@@B@@@@@B@@@@BD@@@BABCBAB@B@@@@@B@@@@B@@@DB@@BB@@@B@@A@ABCD@@@B@@@F@@@B@@@@@B@@@B@@AB@@@B@@@B@@BB@@@B@B@B@@BBDBBB@@@B@BA@ADA@@B@@BD@D@BA@@BAB@BBB@BB@@@F@B@@@B@B@D@B@DBBB@@BB@BBDB@@BB@DBDBD@BBB@BBBD@BFDDDBBDD@@BFDBB@@B@F@B@D@B@BEDABHCB@JL@BFBF@@CBADANBD@FBND@BCBCDBFRPBDTbELED@JBV@FDHBHCJELALEDOF@HHAJBPF@B@JINEHGD@@@@CBCJCN@NBHHHTDLJHHBH@PAJGJGFABCH@N@N@BCFAFCFD@LABAJARIDCDADAD@B@FAJCDAAXBT@`GLA@@HAFA@@FADAFABAHCTM@AFCBABCBGBCDE@A@C@CAE@@BA@@B@B@DABADA@@DEDGBAHENGDCDCDC@@"],"encodeOffsets":[[119615,35233]]}}],"UTF8Encoding":true}