{"type":"FeatureCollection","features":[{"type":"Feature","id":"341622","properties":{"name":"蒙城县","cp":[116.560337,33.260814],"childNum":1},"geometry":{"type":"Polygon","coordinates":["@@FCFCF@F@F@J@H@HBHBHDFBBDFFF@HHF@bDVHZALMpElFZGTOBEDEDEDCBCFCDAH@J@HBFAH@HCFCFCDEFGDAHCJCFAHAJAFAJCHAD@DAB@FAB@DAF@JAH@EAE@AAC@CCEAACB@BCBA@AAC@AAE@CEA@CBABG@G@ADE@ABA@A@AACAAAE@CACAEAAACACACCI@ABAFA@A@AAACKAAE@@AAE@A@CBADGBA@CCK@E@EBABC@A@A@@BABADCDCFCFC@E@EBCBI@GBCBG@C@CAGBCBEBC@E@EBCBEBEDIDEDEBEBCFEBCDCBCBCBGBEAGAE@IACAACEACCECCCGAEAG@C@CACBG@EAE@EAE@A@@@@@CACACEGEAE@CDCBADCDCDCFADEBE@EEACCCEECCCCCCECCEAAECCCACCCACACBC@CDGBCDADEDEBGBC@E@CBCAC@EBC@GACAEAACCEEEEECCEAAAEAC@EBE@GBCDABE@C|YjOPIJKBQCWAECEA@A@EBA@AD@@CDA@A@AAA@BA@CBAAAC@A@C@A@A@ABA@C@CDC@A@AAC@A@C@@@A@@BABB@@B@BBB@B@BABA@C@AECAA@A@AB@BBB@DABA@C@AAAAAAA@EAE@AA@A@C@@@ABAAAACBE@@@C@AEEAAACCECGAC@AAE@@CG@A@AAG@A@A@ABGBA@A@A@CAE@A@AAA@ACG@AAA@@AE@AAA@CGBEBoNQBYBSBQ@uBWB[FkJmL{NV[FwLUFWH]JYHKBUHIBCBC@BD@B@DAB@B@F@B@B@LEHEDEFELCF@FCDAH@D@HAFADCHAFCHCDADAHEFADCDGDIDCDAB@BBB@@BBD@HB@D@B@B@@BBB@FBD@HBJ@F@@B@B@BBBBBB@LAFB@@@B@BBD@F@D@BBD@B@D@HAF@D@DAB@D@H@B@B@BBBB@B@F@BADA@ANEFAAAB@HCB@D@`ED@@AHCB@B@B@BB@BBB@D@DBH@B@BB@BBJDB@@BBB@B@B@BAB@@CBAB@B@DAD@BBB@BB@D@D@F@B@BB@@BBBB@B@FABAB@@AB@@@B@@@B@FBH@BB@JBBA@B@B@@ABADIFCFAB@BB@H@D@B@@D@B@H@P@DBD@FADAD@BABE@C@A@C@CAIEEA@@C@EBA@@BBD@D@DDF@D@BBD@BDBB@@FBDAHBDBD@HA@C@A@A@A@OEUGCFCDAD@BAH@DBFBJ@D@B@B@BABEDA@C@CBIBE@K@A@A@EAAAC@EB@@CDA@CDEBCBMBC@ABA@C@ABC@A@@B@HE@KBA@@BABA@ABI@QBA@A@@D@D@B@L@@ABA@EB@H@BABABEBC@A@@DAB@BADAB@BCD@BEBCBEBA@A@A@ABCBC@C@AAAB@DD@@DBF@HAFJ@B@@BBB@@@DCBAB@@ABCBADCDA@ABABC@A@C@@@AB@FCFAFAFF@HFJFJDFF@@D@NFBBJHDBDBB@D@F@B@F@DAB@D@@A@E@A@ABAB@B@F@D@D@DBB@D@@BBF@BDBF@HAH@D@DBL@DAB@FCHCF@DAFBFBDBDDBDDF@@@@@@DHFFDHBFDHHFDNFHFJDHDDFFDFHDFDBF@D@F@DCFBFDDDDDDHDFAF@DCFCDCDADCHCFAHAJAHAHAH@F@H@FAF@HBF@DBFBDBBDDDDDFBHDHDHBDBHDHDHDFBP@"],"encodeOffsets":[[119342,34274]]}}],"UTF8Encoding":true}