{"type":"FeatureCollection","features":[{"type":"Feature","id":"340303","properties":{"name":"蚌山区","cp":[117.355789,32.938066],"childNum":1},"geometry":{"type":"Polygon","coordinates":["@@@BBFBDFRBBBFBDBH@B@@@B@BAH@B@@@BB@FL@BDFBD@@DFFLBD@@@@@@DHBB@@@@@@@B@BDN@B@@DF@BBB@BBB@@BBDB@@@@@BJHB@@@@@@@DDDB@@@@HA@@@@BDBB@B@@JR@BBB@D@@@@@@@@BD@F@@DB@B@@@@@@@B@B@@@@@DAF@F@HAD@B@DAD@B@@DBD@B@BBFBBBDCBABABABABA@@B@BAB@@@@@@A@@@@@A@@@@@A@A@@@@@@@@H@D@@@@@@@B@D@B@L@B@B@TCF@B@B@BA@@BABABA@@@@@@@@@A@@A@BA@@@@@A@ACAAA@AAA@A@A@A@@BABC@ABAA@@A@A@A@AA@@AAABA@@@A@@@@A@A@@@@@@A@C@@@@@A@@ACCAA@@A@@@A@@B@FA@@@@@@EC@AAA@A@AA@CAC@A@A@@@ABA@@BAAABA@@B@@@B@@A@@@@@A@@C@A@AAA@@B@BA@BB@B@@@B@@@@CB@@AB@DC@@B@B@B@B@D@@@@@@A@AA@@C@@@A@@@@@ABA@@BAD@BAB@@ABC@ABAFABA@@BGB@BADA@@BABC@A@A@A@A@A@A@A@E@AAA@@@@B@@ABADEBA@@@@CG@OEEKBOBKFGBO@S@K@IFC@MGGMUC]CMBABABA@A@A@AACAAACK@AE@A@AAE@CA"],"encodeOffsets":[[120114,33605]]}}],"UTF8Encoding":true}