{"type":"FeatureCollection","features":[{"type":"Feature","id":"340311","properties":{"name":"淮上区","cp":[117.34709,32.963147],"childNum":1},"geometry":{"type":"Polygon","coordinates":["@@QIGCICEAG@CAE@G@QBYBM@K@WEC@EACACAQM@@AAEAAAA@C@CA@@I@KBYBUB_FI@M@UBK@E@SB@@BB@HBD@B@@BDA@BD@@@BB@@@BDEBBDB@DA@DD@AAB@@@BDHT@@BBC@@DB@B@@@@DA@@BK@@DG@K@A@@B@JBD@L@PG@MB@@C@@DA@A@A@A@@F@FC@C@@D@DD@D@@F@BDB@BDD@BBBFBAB@BBBB@BBDDDB@DBBDD@@BB@BB@BF@BBD@@A@A@@@@@ABBDBBDBB@F@F@F@B@BAFADABABA@@BAB@BAD@D@FA@ALA@FDADNBAFTHP@BL@B@@BBLNAB@BJ@@@@BAFCB@D@HBPDFBF@D@D@HADAFAFABAF@B@DBBBBBDFBBB@FBB@DAFADAD@D@FBD@F@D@HAD@FADAFEFCB@BBB@B@@@B@BCDEHKPDD@@@BK@QBM@M@ABCDCBABA@AAEGAECCCACBE@C@I@A@BBBBBFHDFFDFH@@DDDDFABA@@BAFAFAFAFDFFDH@FBD@B@BBD@FDDDDFDHDFBFDFDHDFBHDHBDBDBHDDDBDBDBIHEN@\\BF@LFL@PAD@D@DANCJAN@NCH@LDH@FG@KBIDGHIDIHE@ECCACBCJEPIFIG@AAGEECGECGHAACBCAGL@@KC@BE@C@@@A@AAAAAA@G@AACCAAABAD@BCFABACECGIIICACFGFAB@@C@EAEAOCCAGBEBEB@@@@A@@@ACBA@A@CAG@@CE@@A@A@CCGIADCBADCBCDCDCBCDABEFEDABIDEBEBKBA@A@C@AACCGCECGAIAGAC@E@CBABCDEFCBE@C@EAEACAICIE"],"encodeOffsets":[[120278,33765]]}},{"type":"Feature","id":"340304","properties":{"name":"禹会区","cp":[117.35259,32.931933],"childNum":1},"geometry":{"type":"Polygon","coordinates":["@@@ABC@C@ABC@G@EBE@C@@@@@A@A@@@@@@@ACA@@@EAC@@@@@@@@@CAA@AIQ@@@AAAAC@@@@GB@@@@CACC@@@@@@A@IG@A@@@@CAAA@@AA@AAA@ACE@@@ACM@A@A@@@@@@AACG@@@@@@ACEKCE@@ACCE@AEKA@@A@@@ABG@A@A@@@AAGACAEAAEQACAE@AG@A@CBA@A@C@@@A@C@AAAECIKIICIAKDGFAAB@GHEDINGFEFBJHFEJUvSN]F_FORDLNJHFZHTNZBPCDANAV@JBJDCHCF@PAFIDAJ@@BF@FDFBB@D@F@FBDBBBDTAF@L@VAN@J@`EVAZALAJ@"],"encodeOffsets":[[120169,33739]]}},{"type":"Feature","id":"340303","properties":{"name":"蚌山区","cp":[117.355789,32.938066],"childNum":1},"geometry":{"type":"Polygon","coordinates":["@@@BBFBDFRBBBFBDBH@B@@@B@BAH@B@@@BB@FL@BDFBD@@DFFLBD@@@@@@DHBB@@@@@@@B@BDN@B@@DF@BBB@BBB@@BBDB@@@@@BJHB@@@@@@@DDDB@@@@HA@@@@BDBB@B@@JR@BBB@D@@@@@@@@BD@F@@DB@B@@@@@@@B@B@@@@@DAF@F@HAD@B@DAD@B@@DBD@B@BBFBBBDCBABABABABA@@B@BAB@@@@@@A@@@@@A@@@@@A@A@@@@@@@@H@D@@@@@@@B@D@B@L@B@B@TCF@B@B@BA@@BABABA@@@@@@@@@A@@A@BA@@@@@A@ACAAA@AAA@A@A@A@@BABC@ABAA@@A@A@A@AA@@AAABA@@@A@@@@A@A@@@@@@A@C@@@@@A@@ACCAA@@A@@@A@@B@FA@@@@@@EC@AAA@A@AA@CAC@A@A@@@ABA@@BAAABA@@B@@@B@@A@@@@@A@@C@A@AAA@@B@BA@BB@B@@@B@@@@CB@@AB@DC@@B@B@B@B@D@@@@@@A@AA@@C@@@A@@@@@ABA@@BAD@BAB@@ABC@ABAFABA@@BGB@BADA@@BABC@A@A@A@A@A@A@A@E@AAA@@@@B@@ABADEBA@@@@CG@OEEKBOBKFGBO@S@K@IFC@MGGMUC]CMBABABA@A@A@AACAAACK@AE@A@AAE@CA"],"encodeOffsets":[[120114,33605]]}},{"type":"Feature","id":"340322","properties":{"name":"五河县","cp":[117.888809,33.146202],"childNum":1},"geometry":{"type":"Polygon","coordinates":["@@^ETEHULMZIF[VENKdDTSlHbHJAHAFAFAFAHAFBFBDDFDBFBF@DAF@FDDHBD@FBFAD@FAFAHADAFAD@FBD@HDBDDFBDAHBF@DBF@FBDBDDDFDFBHBDBH@F@F@F@H@FBD@D@JF@@AJ@B@B@@VHFEBCBCFG@@@E@AHB@@H@J@D@F@HAF@F@F@D@FAF@FBF@F@F@FBH@@@@@B@@@@B@@B@@BB@BB@@B@@@BBB@@AB@@@B@B@@@B@@@B@@@B@B@@@B@@@B@@@B@B@@@B@@@B@@A@@BA@@A@@A@@A@@A@@A@@A@@@AA@@A@@@A@@@AA@@A@@A@@@@AA@@A@@AA@A@@@@@A@@@A@@@AA@@A@@@A@@@A@@@A@@@@@A@A@@@A@@@@@A@AA@@A@@@@@A@@@A@@@A@@@A@@@@@A@@@A@@@A@@@A@@@@@A@@@@@AA@@A@@@@@A@@A@@@@A@@@@@AA@@AA@@AA@@@@A@@AA@@@AA@@@@A@@AA@@@@@AA@@@@A@@@A@@@A@@AA@@@A@A@@@@AA@@@@AA@@A@@@AA@@A@@@AA@@A@A@@@AA@@A@@@AA@@A@@@A@@AA@@@A@CCMEGCA@KGLKDG@EAGEGIOAC@CHIHAP@fDJ@HADADCHKB@@A@@BA@@BA@@BA@@BA@@@A@@@AB@@A@@@A@@@A@@@@AA@@A@@@A@@@A@@@AAA@@@A@@@A@A@@@AA@@@@AA@@A@@AA@@AA@@A@@@A@@@A@@BA@@@A@@B@@AB@@@B@@@BA@@BA@@@A@@@A@A@@@@@A@A@@@AB@@A@@@A@@@A@@BA@@@A@@@A@@@A@@@AB@@@B@@AB@B@@@B@@@B@B@@@B@@@B@B@@BBA@@B@@@B@B@@@@@BA@@@@@@BA@@@@@ABA@@@A@@@A@@@@@A@@@AB@@@@A@@B@@A@@B@@AB@@@B@@AB@@@B@B@@AB@@@B@B@@AB@@@B@@AB@@@@@@AB@@@@@@A@@@@@@B@@A@@@@BA@@@@@AB@@@@AB@@@@AB@@@BA@@B@@@BA@@B@@@B@@AB@@@B@B@@@BA@@B@B@@@B@@AB@@@@A@@@A@A@@AA@@@A@@@A@@@@@A@@@A@@@A@@@AB@@A@@@@@A@@@A@@@A@@@A@@@A@@BA@@@@B@B@@@@@B@B@@B@@B@@@BBB@@@@BB@B@AB@@@B@@@B@@@B@@@B@@@B@@@B@@@@B@@@B@@@B@B@@@B@@@@A@@@A@@@A@@BA@@@@@A@@@A@@@AB@@@BB@@B@@@B@@@B@@@B@@@B@@@B@@BB@B@@@B@@@B@@@B@@@B@B@@@B@B@@@B@@@B@@@AA@@@A@@AA@@@@@A@@AA@@@@A@@@A@A@@@A@@@AB@@A@@@A@@@A@A@@@AA@@A@A@@@A@@@A@@@A@@AA@@@A@@@@@AAA@@@@@A@@AA@@@A@@A@@@AA@@A@@@A@@AA@@@AB@@@@AB@@@BA@@@@B@@@B@@@B@@@B@BB@@B@@BB@B@@BB@@@BBB@@@BBB@@@BB@@B@@BB@B@@@@@BBB@@@B@BB@@B@B@@BB@B@@@B@@BB@@@@A@E@GBC@E@E@CACAC@CCGEECEAC@EDEBCDEDE@EBECCECEAEAK@IAGBIBG@EAEAECCCICACEEACEAECEAEACAAEACCGAEAE@EBEBADAFAFBHBFBF@HCF@DAF@FCDADCDC@ECECAACCAGECACAECCAECCCECG@GBCBCBCDEDCBCBIBEBCECCACCCCAG@C@ABCBGFEBCDCDGDE@CACAEAEEECEEAAGECAEECCCCECCCIACBCBCBGBABCBCBCDA@@@ABABABEDEBCBA@@B@B@BB@DBB@B@HFHFFDDDBB@@@FAB@BAB@B@B@@A@A@@@ABCLFFINCJA@ECEEGAEAGACAEAE@AAG@E@EAE@EAGAEAGAEAE@CAGAG@C@E@G@E@IDCBCFCFEFADCDEDEBGBC@E@E@CAEAAAECCCAAACACAECE@CCECEACACAEAACGCECECCGAE@GBCBGBGDC@EAEACAEACCCEAC@CCEAEAEAC@CAEAC@CAE@CCECEAACCAECEACCEACCGAGAEAE@EAECICICAGCECCCEAIBG@EBCBEBGDGFCDCDEDEAG@EAE@IAK@CDCDCBCDEFCDEBIDEDEDCFCDEFAFCBCDCDEDHJDDB@B@@@DF@@BH@D@BABBD@@B@@@@@FAFAHADBPDFBFBD@@@BAHEDEDBJJHJFDBDBADE@ABCBABBDDBBH@B@BBBB@B@B@@@DAFD@@LK@BHADBDGBDHHFFDHFBBH@EJOJIFADBDDD@FGFCJGJCHAJ@LEHG@KCG@MDM@IBMDCBC@C@OBK@KEE@[AM@GFAJBDBLCDADADDFM^FL^PNJD\\DLDD@DBDBDFFFFDDDD@BKFKFCD@@@D@F@D@F@B@BBDBFBLAB@@ABE@EB@BBF@@ANAF@B@BR@B@@DBBFDFFB@B@R@B@BAF@F@HBDDDDBDDFBBBFBDBDBD@FAF@D@DDFF@HBDBDDBF@DCDADCBGFAHCD@DDHBDFDBD@HADCBEDADEHADAF@H@D@D@F@FFAVPTP\\LRCNSH@"],"encodeOffsets":[[120467,34134]]}},{"type":"Feature","id":"340321","properties":{"name":"怀远县","cp":[117.200171,32.956934],"childNum":1},"geometry":{"type":"Polygon","coordinates":["@@FADAHAFCFADCDCFEBCFCDCFCDAHCJCFCHAH@H@HDHBHAFAFAD@HAH@H@DBDFDDDFDD@@BDHJBBHCHAFAPANAZADAB@H@F@JAF@LAPC@@@@HCHCD@BALBB@LE@AH@F@VCL@JANCL@H@FA@@BAB@JCPCLALCNCJCBABEB@@G@@@CDEGMBCEEC@CAG@IAECEABE@CBEDCDEBGAE@EACBEDCDAFCDCF@DAFBFDHBD@F@H@FADAHCHCFCFAHCDCDCBADAJCDADCD@JAF@DAD@FAD@DCGEGECCCCCCCCAAACDCD@H@DAFAFAHAHAFAHAJAFCJAF@HCDCBCCGACAC@ACE@CBC@EBCDCDC@AD@AIAM@@HA@A@M@AJA@@@@@@AIA@MBAK@AA@K@@AGOESABCMCB@EKB@BEBC@C@ABA@AB@@ABABCBEBABA@E@E@E@A@CAAAACBA@@@@B@B@@@AC@AAEA@@AAA@@CCAA@CCACCAAA@AA@ABAEAAA@ACC@ACA@A@EC@C@@C@CD@D@@E@EB@B@B@B@@CD@@@NAH@@O@KAC@I@AB@L@H@@CL@@AB@@C@@A@A@@CD@AA@@GSAC@@A@BBC@@CCBA@ACFAAC@@A@@A@@ACB@AC@@@AAC@GAA@@ACAAAC@E@E@CAACE@EAE@@BIJCBE@ODEDGICIAU@MBCBODYASMYGGEMICKPQ`E^ETMVuFIGEAIFEHEJMFCHGA@CAEECCCCAE@ECEACCGCACECEACACEECCCEEEACCCCEECGCCCCCGACEGG@EAAKBCBCAC@C@ADCD@BEBEAIACAGBC@ADAF@DBDABEDI@E@C@GBEDCBEBKBEBEACACCC@OEEAKCEAOACAA@CCACAC@CAEBA@AFCFCB@DAUMKGC@IJADC@GAGAIEGEC@GF@BBBXL@BADE@QDCBAD@FCHGLE@C@BF@B@J@DGACAC@EBCBAD@@@D@BABEJABEDABABABABADABABC@A@C@A@@@BB@@@@@BCBEBSDgLC@EFIF_TCDMAKBA@@D@DDD@D]RKJEDEDDBBD@FCFEFEBE@EAGCKHMHGHGFSLYRIHDBBHFH@DADEBIBQ@IDMHIHABCAEAE@ABCDC@CBAD@HABEBAJSFMB@ACEACC@CBCDAD@FCBYDOD@DBB@BBF@@BB@BDH@BBB@B@BBF@D@B@BABAH@B@B@BBH@B@BDH@@BF@BBDDHDFBDBBFF@B@D@@AFBDBBAB@B@@@D@BBBF@FBB@BBBBBBD@B@BA@CAA@ABAB@B@DBBFD@B@BA@A@AAA@A@AA@BA@AB@@@D@B@D@BBB@D@DCD@B@BAB@B@D@B@D@BBAB@DABB@BBB@B@DC@@BCB@FAB@B@DFBFDXARILOJiP{Z@DAFCBAD@HAF@FBDBFBBDFFDFFFFDDBBBFBD@HAD@FBDAD@D@FADAHCFCFCBADCH@DADBDBDDDBDDDFDBBDFFDDDDDDDFFDDBDFFF@FABCDEDCDCBCDADCF@FBFHBDBD@D@@@@@BBF@FBF@FAHBD@D@DBHBFDHDDDFBDDFBBBD@JBFBHAFAHADADCDADEFADAFCFCFCJAFAFAD@F@FADAFADBH@D@DAHAD@HAJAD@F@FF@DBFAF@DAFAFCDEDAFCFCFGFCDAFEFADAHAF@F@F@D@FBHBDDDH@DDDBHDBDBHBD@F@F@F@H@D@FAF@DBFBFBFBD@FFFB"],"encodeOffsets":[[119730,34107]]}},{"type":"Feature","id":"340302","properties":{"name":"龙子湖区","cp":[117.382312,32.950452],"childNum":1},"geometry":{"type":"Polygon","coordinates":["@@@@ABCFAB@BA@@@@@BB@B@F@B@B@B@B@B@B@BADAB@@CBABA@AH@@ABEBAB@BAD@BA@ABC@AB@@AB@B@@@@@B@@@DB@@B@B@@@@C@A@A@A@A@@@CDA@@BA@@D@@A@@@A@A@@AABA@@@BB@B@B@DB@@@@@B@@@@A@@@AB@BABB@AB@BA@@B@B@D@DBB@@B@BBB@BFD@@@@@@EBA@@@@B@@@BB@DBBD@@@B@@@@@D@B@@@@B@B@@@@@@B@@ABBB@BB@@B@B@B@BB@AB@BADAB@@@B@B@BBB@BBBDB@B@B@@@@ABB@@@@B@@@@@@@@ABABAB@@ABA@A@E@SDA@A@K@A@C@A@@@@@@@C@G@@@@@@@@@@B@B@@@@@B@@@@@B@@@@A@ABA@@@ABABABABABCD@@RNDBDBFBD@XFL@N@ZARAH@F@DBH@FBJDHDRJJFJDDBFBFBD@F@DAFEDCBADAF@D@HBJBHBFDHDDDBBD@B@B@LAFA@A@ACMAIBQBI@EAI@C@C@ECACAC@E@A@@@ECCACAAECCACAC@EAGAC@C@E@CACACCCAEAC@AFELIHEDMAGCGEEE@O@KGOUCIEKCCKGI@EDKDEBO@]@CBOFC@"],"encodeOffsets":[[120239,33635]]}},{"type":"Feature","id":"340323","properties":{"name":"固镇县","cp":[117.315962,33.318679],"childNum":1},"geometry":{"type":"Polygon","coordinates":["@@@E@E@C@C@GBEBCFGBCFCDABC@GACECACCG@CDCBGHEDABCDC@CAECCCAGAE@CE@C@CBE@EACACACAEAACEACCCCCGAE@E@ABA@Q@A@A@EEECAA@CA@Q@@A@ABEBM@@AE@AFAF@BA@@BAAKAEAC@A@A@E@C@E@C@@DCLELE@ACCCCEEEEACAC@CCCCKC[MI]OEKN]CEBCBCDCAKACACACCCGCCACAGAGCEAGCECECEAGCECCCCC@EAC@A@AAC@ECGEEECEBEBEBAB@@ABEBCCCC@@EGECCEEGAAAA@A@B@J@DAFBDDDFDHBBF@BABABCDAD@B@NAN@RAL@@C@OCGLCFADA@@@A@A@AAA@EDEFCBEBC@GBC@E@C@EAC@C@CBEBCBA@EAA@AACEAAAACAA@E@ABEBEBCBGBC@C@E@EAOCGAC@A@EDAB@@@@@@IB@B@N@BGB@@BNBJC@@BCDCDAD@FAD@DDF@BBDBDDHADCDGDE@IBEDIBGBEBGBGBEBEBCBG@C@CDBDBBDDDDDDDDHFHFCDC@EBC@CBE@IBC@CDCBIDCBABCDCDGDEBEDGDGDCBEBG@E@C@GAECEACBE@CDEDCBCDAFBD@FBFAHCFCDAF@DAFFBFDJBH@DBD@FFADHNCF@D@@@HA@AFABIDMDKDKBODIDA@AB@@EBG@K@MDIBK@UDE@G@@BKFA@KAABC@GDGD@BBB@@@D@B@@@BBB@B@@@B@B@B@@@BBB@@@B@B@B@B@BBB@D@@@D@@@B@@GL@@EDA@CBKBYBKD@BAVDBJ@H@BBBDDJBD@@BBTDFBB@BBBDBD@DA@KLCFGFKDMFQF@@A@@@CE@@A@OBLZHPHBHF@BDD@AB@BB@@BBBDBBDBBBDBDBB@B@B@B@@A@ABABABAD@@ABA@@BABAB@@@DBB@@@B@B@@ABAB@B@B@@@B@@BBB@@BB@@B@@@BA@@@A@@AA@A@A@@@AAA@ABA@@@AFABABABADAB@B@@AB@B@@@B@B@B@@@B@BA@AB@@A@@B@@@BBBD@@BB@@@@BBB@@B@@B@B@@@BBDHBFBDBB@BBB@BB@@B@@BD@B@B@BDFA@CFGJED@BEBEBC@DL@LBBBBHABBB@@BBDFF@@F@LA@@FCBAB@BBFRDTDAFEJGHEFCJGHGJGJEFEFCDCBJBFBNBHBH@D@HBBJ@@@DH@@D@@F@@FFFDFFDFFFDDDFDFBD@@BDFJ@BBH@NF@D@B@B@B@B@@@BADAD@DADADAD@D@B@FAF@H@DAD@D@B@D@B@DAB@B@B@F@H@@@@HHCPIV]V@V@pIbQRKJUBWJSZWTYJUJS^WdUB@XMlDTQTAREVW\\HVD\\ORA"],"encodeOffsets":[[120409,34125]]}}],"UTF8Encoding":true}