{"type":"FeatureCollection","features":[{"type":"Feature","id":"341503","properties":{"name":"裕安区","cp":[116.494543,31.750692],"childNum":1},"geometry":{"type":"Polygon","coordinates":["@@@@@@AAA@C@A@ABC@CBA@A@A@@@AAC@A@ABCBG@C@CA@@CAAACCECCEA@AACCAC@E@C@A@ABCDEDCFG@AAA@AA@AAA@@A@A@IAE@CBCAA@A@AB@FCBADCBC@A@C@A@@@C@AA@AAA@@AA@@ABABA@C@A@CBCDC@AAK@C@E@E@CACAAAAA@AAC@EBE@A@EAEBAACAAAAAA@AAAAACAA@A@ABABC@A@@AAA@AA@A@A@CBEBCBA@ABC@AB@B@@AB@@A@ABAB@B@@@D@F@LAB@DBD@H@F@DABABABC@ADA@@@A@AAC@A@EDGBEBCAC@ABIAIACAAAACA@C@ABA@C@AA@@A@AAA@@@@C@C@AAAAAAA@@AAA@CACAAAE@A@A@@DCBA@ABCDG@C@CACCC@EECCCAA@@BABA@AAEACCICEEMCCCICC@EBA@@@BB@@@@@BAB@@@@@@@BB@@@@@@B@B@@@BB@@@@@@@ABAB@@@B@A@@A@@@@A@@@@@@@B@AA@@@AA@@A@@@@@@@@@@@A@@@A@A@AAAA@A@@@@@@A@@@A@A@@@@@A@AAA@C@A@AAA@@@A@@@@@@@ABEBA@@D@@@@D@@@@B@@@@@B@@@B@@@@@BB@@@@B@BBBA@A@@BA@I@ABC@@AAAA@@@@B@@ABAB@@A@@@@B@DBB@B@@@@@B@B@HBB@DB@A@A@EBA@ADA@@@@A@@A@@BAB@A@@AA@BA@A@EBABA@@@AB@BA@@BA@A@@@@@A@@@@A@@@@@@@@@@AB@AA@@A@ADA@@B@A@@@@@AA@@@@AB@B@@@@@A@@@A@@A@@@@A@@B@B@@@@AA@@@@@BA@C@@@AA@@@@B@@A@@AA@@@@AABCBA@@@@@@AAB@@@@ABAB@@AB@@@@A@@AA@@@AB@@@BA@@@AA@@@@@BCB@BAB@BA@@AA@@@@AA@A@A@@B@@@@CF@@AB@B@BAC@@A@@@A@@@@A@@@@@@@@@@@@A@@@@A@C@@@@AA@@C@AB@@@A@A@@A@@@A@AAB@@@@A@A@BA@A@CAA@@AA@@@@AA@@A@@A@@A@BA@A@A@@@@@A@@@@@@@AB@@AB@@@@A@A@@A@A@@BA@@AA@@A@@A@AAABAA@A@@@@A@@AA@@@@@A@A@@@@A@@@@A@@A@@A@@@@DABABABA@@A@CAAAIAA@ACAAA@AAEBC@A@C@C@A@ACCAAAACAAEAAAACCCCAE@AAACCAC@A@@@@BA@@BAB@@A@AB@@@@AB@@@@AB@B@@AB@AAAE@@@A@@@AAAAC@AA@@ABA@A@C@AA@@@@AB@@AFCBC@@BA@AAAAA@A@@@@@@@ADAA@@@AAA@AA@@AABCAA@@CA@@A@@@@A@A@@@ABA@@A@@AA@ABA@@@AADEDEB@@AAABA@A@@@AA@ABABA@CAAA@@@@ABA@@@BA@A@A@@@@A@@AABAAA@@A@@C@@@A@@B@@ABAA@CB@AA@A@AA@AA@@A@@@@A@@@AA@@A@@A@A@@AA@@@AC@@BA@@AAAAA@AAAA@@AA@@C@AA@@AAABCB@@EBC@A@C@EAEAGGC@CBEHCDGBCECGCEAEICGBGBGDEFWVGDGDGDIBIBKAIAICCCAECE@EBC@CFCJEFCHE@E@KEKGKAGAAAA@I@ABCBCFIBC@A@C@C@CACCCCCEACAEAA@@AACA@AAICC@A@A@@B@B@BBBBDB@BBB@DBFBHD@BADCFABABCFABCDOJGBEBKFCBEDIBI@KBMHEFGBIBG@GAEC@C@G@GACACAAEEECCCEECCCCGBEBI@I@IAGAICIAIAKBGBKDIDKFIJGRGPNHDFHJHHDFBDAF@FAJAFBHDHDJLFLBDFDF@FBHCBIAM@QJQBOBIDGDGFCFCFC@I@M@KBKFIDAD@H@JAFAFEDEDGDK@WAG@GAG@GDGDEFEBGBGFEDCHCHCDEBG@IBIBGDEJCJ@H@JBHDHFFLDJ@H@F@HDDDBDBFBFDDDDHDHBHDFDHBFDHBD@J@FBF@JDFDLFH@JBLBJDDHBLDNDTBPDTD@HDNBNDNDZRFHBF@FBHJBFABEFEFABBHRFZBNEHGN@L@LAHAF@FDFHBHDJBDD@B@@AAA@A@@@A@@B@B@@@@BBBB@@@D@D@@A@AB@BAB@@@@A@@@@A@AAA@@@@A@@@AB@@@B@BB@@BB@B@@DB@@@@B@@A@A@A@@B@@BB@@DB@B@@@B@B@@BB@@B@@B@@AB@@C@@@@@A@@B@D@@AB@B@@@BB@@BB@@@BBBBB@@@BDB@BBB@@@ABCB@@@BABAD@BAB@@@B@@@@B@@@DA@@BBB@@B@@@B@@AB@B@@B@BB@@@B@@A@ABA@@@@BBB@B@@AB@B@@B@@B@@B@BA@@B@BB@B@@@BABABA@A@A@@B@@@@@B@BAA@@AB@@@@@BB@@BB@BAB@@@@@@B@@@BA@A@@@AB@@@BB@BBB@@@@@@BA@@@C@@AA@@@AB@@AAAA@@@@AB@@@@@B@@@B@@@@A@A@@@AB@BA@@@@B@@BB@@D@@@@B@@A@CB@@@@BB@BD@@B@@@B@B@B@D@@BBB@BD@@B@@@B@@A@@@AB@@@B@@@B@@B@BAB@B@@@@@DABA@AA@AA@A@A@A@@@@B@@BBBB@@D@B@BBBBDB@@@B@BB@@@B@@@@@@D@@@B@@B@D@@ABA@@DC@@@@@A@A@@B@@@BDB@B@@@BA@AB@@@B@@B@@AB@B@@ABB@@@B@B@B@@@BB@BD@@BB@@BA@AB@@CAA@A@@@@B@@@BB@@BD@@BA@BBHHFFHHDFPNJFFJHLBPFPHHBBFFDF@FBD@DDDBFFFBFBDDDDFFDBDDFDFFDHFDBFDDBFBH@FCHCDAFCFCFCHA@@@@BAD@DABBL@D@FDDBJBDBBALEBABA@A@@@A@C@CBCBABABAF@DABAB@@A@CBCDGBA@ABABCD@BBDBDBBB@B@B@FBBBBB@DBB@BBBD@@BBDBF@D@DBD@B@D@BC@CAC@ABABAFCBABA@EBCBCDAFEDADBB@B@B@@BBB@B@BBBB@BBDBBDBDBDDDFBB@DBLBF@FAD@B@D@B@DBDDBDDDDH@BBBAB@DABCJ@B@B@BB@PHDDBBBABAFEJCFAFANAD@D@B@DBBB@BDB@@B@DD@@@B@F@@@B@BC@A@A@A@ABA@ABAB@BBB@BBB@B@@ABADA@@BCD@@@BBBB@B@D@NABADCFADAD@@@B@BBDBDDDDFBD@D@DBF@AA@@A@CA@ACC@AAA@C@CAE@A@AD@BABADMDE@AB@BA@CAGCKAGA@AA"],"encodeOffsets":[[119344,32797]]}}],"UTF8Encoding":true}