{"type":"FeatureCollection","features":[{"type":"Feature","id":"340404","properties":{"name":"谢家集区","cp":[116.865354,32.598289],"childNum":1},"geometry":{"type":"Polygon","coordinates":["@@CICQ@C@G@CEE@CBADEBOBEDE@GDGHGFAX@LBDAFEAGGECC@E@ODI@ECCKIAE@E@EFAF@JBFARIRGTEHEJOPMBECE@CBCFE@GGYAKDCHCDCDEDAH@HDFDFAFI@EAQCAK@ECIIGCEAIBEA@QCMBA@@@A@AAAAA@ABA@CBEBC@E@A@ABKBG@ABCCCCCCG@A@E@CAIAMkBeBkAQBKFOPOXAP@zBJJL^RABGDQDSFCFBFNHJJFL@L@JEFOJGHINCFMHAHBNAFCBM@KFCDCFGFMLCCGECAE@AB@DCHCFAFBL@FCDCBYDEBAHAH@FHAF@@BBFDDDB@DADAFABILCDA@@DB@@BB@D@BB@@@B@@BB@BAB@@AB@@@D@B@B@@@BB@D@B@BAD@F@DADBFAB@@@BA@@@ABABA@@@AB@B@AAAEAEBC@@@ABCB@BAD@B@@BD@AA@@BCBABC@@@C@EH@B@B@B@BAFADAFDABABADADABBBDC@@DF@D@BAHA@J@B@@@BA@@FC@B@@@@@@DDBABABADCB@B@B@@B@@B@B@B@B@@@B@BB@B@BA@DFAB@@B@@@ADA@@BDDB@@BBDBFK@@@KE@@A@@B@B@@@BB@@BB@DBDBFNDD@BBD[T@DABGDEDB@MH@@DDBDDDDFBB@@BABBBDFEFCLGBAB@BC@@FIDIDGHJ@DDAD@B@F@B@FBJHD@BBD@HAB@"],"encodeOffsets":[[119721,33444]]}}],"UTF8Encoding":true}