{"type":"FeatureCollection","features":[{"type":"Feature","id":"341602","properties":{"name":"谯城区","cp":[115.781214,33.869284],"childNum":1},"geometry":{"type":"Polygon","coordinates":["@@@@B@DA@@BA@@BA@@BABABADAB@@@B@BAB@BABA@ABA@@DAVAH@BABA@AFGDCDEDADCDCFAHGDAFCFCDAFCBC@C@C@EAE@C@E@CBCDGDCFABBF@F@LAHBD@HAD@@D@B@BAF@D@B@P@H@HBB@@DBFDF@D@FCFADABCBEBEBG@CDEHCFAH@DBHBD@HCFAHAD@D@F@F@F@FAF@HBF@D@FAFCDADADCDCJGDADCDCDCDCDEFGFCBCDEDCBEBC@CAEAEACAGAGAECA@EAAAGAEAECEAGCEAIAG@CDEBCDC@CB@D@D@B@B@BBD@F@F@DAHAD@BABCBA@C@E@E@EF@J@FAJADAHC@A@A@A@A@A@CDBDBD@B@B@BABABCB@@ADA@A@ABA@@@AB@BAD@B@D@@@FA@E@CAECE@@@A@@BAHCBAD@BABAAKAC@EAEACBABC@AA@@ACAEBABI@@HA@E@CC@CAE@AF@HAL@BID@BA@AAEACAAE@AGHCFAFABA@C@A@AB@JCD@BA@A@AACCC@C@A@AB@ECCAME@ABABCB@DC@ABEBEDE@@DE@A@I@ABABEBEBA@A@CFIBC@CAA@ACAICAAA@E@CBCAAADC@A@@C@G@GBC@AA@@AAAAG@AA@@CBA@CBABA@CAEA@@@A@AA@A@GBBEC@AAAACAECAAAA@A@A@CACAC@ACGEIACACACAAAACACCACCCCGCE@AAAAEBCDEHIDCBAD@F@DABAB@@E@CBCB@BAD@BBFBFBB@B@B@BA@ABEBC@@A@A@AAA@@@@CAABE@@AA@A@@AA@A@A@A@AAA@C@@AAACAA@AAAAAAA@A@AAA@A@A@A@C@C@A@A@A@@@CBE@@@@BC@@BA@A@ABABA@CBABEBA@@@CBABA@A@@CAA@A@@@A@@@A@A@@AAA@@@BA@AAA@@@AA@A@@A@@BA@A@@@A@A@A@ABC@A@@@A@CAA@@@AAABE@@BABA@A@ABCBABA@CBA@AB@@C@C@A@AAGACAA@ABGDCBGDCBCB@BAACBC@E@ABC@ABABABSLcTGDEDCEAECEAECEAECE@E@E@EBE@C@CAC@CAGAEAA@EAC@EBE@CBGDCDGFGBEDEBCDEDCBCBCDCDCDCBCDEBEBCBC@C@G@E@E@CACAE@GBGCE@CACEECCCCECCAAAA@IAGA@@AA@A@A@C@EAGAMCM@C@AAA@A@A@I@IBCBA@A@A@AACABABCBCBA@AB@@C@@@@@A@@B@B@BA@ADABABCDABABCBABABCD@BA@@BABCDABABCDCDABA@AB@@@BABAD@BABCDAB@@A@C@ABA@A@C@C@ABA@@@A@@@AAA@A@@@@@A@A@A@@@ABA@CD@BA@A@@BA@@BA@ABCBABA@A@@BA@@@ABABAB@@ABE@CDI@A@CBE@A@@B@B@@CB@BABABCDABABAD@B@@KDABE@E@ABABCB@BAF@@EBA@ABCBC@@BAAEBC@CBA@@@AB@DAB@@ABC@A@ABCBCBIDA@@@ABKDKDABA@A@IAA@CAGAC@@@A@CBA@C@A@A@A@ECA@EAE@E@EAA@ABA@@BCBINGLILEJEJADCDCF@@AB@DAB@DAF@FA@A@AB@@@BAB@BB@@BB@@BADADEVCN@FAB@DAB@DADAHCHETENADADAF@BA@@BA@GHADA@@BABABADABEHADABABADADADABCJAB@B@BBD@P@DEHAF@HBD@D@BNBB@A@@BAB@@ABA@@B@B@BA@@BC@CFCD@B@F@FBDFHBBBF@BADADCFAD@DADADCDCDCDCFADADCDGDCBEDCDADCJ@B@D@BABIJAB@@@BBDBB@D@DBB@@H@D@BBDB@B@DBB@@BBBB@@D@B@B@B@BADADADABAD@BAF@DADAFAD@DADAHCB@FF@DDNBHBFBD@DAD@BAFBD@DBDBBBBCBABCBABABAB@BBBBB@@@@B@LBBB@BBH@R@@DBHDHDB@@B@D@FADADABEZDB@@@DCDCDA@C@A@ABADA@CD@@@AA@@@AA@AAA@AA@A@A@A@A@A@A@@@AAAAA@CCAA@@A@ABA@@@A@A@A@A@A@ABA@A@A@A@A@@@CB@@A@@BA@@@@BCB@B@@ABA@CDA@ABA@A@AAA@A@E@@@A@AAECAAA@@AA@@@A@E@A@@BA@@B@D@BA@@@ABC@AAC@CAA@A@@@A@@@@@AF@DBPBDB@B@HADABBDDBD@D@BABEBAB@BBDDDDBF@DBFABB@BBF@@A@EDCBED@BBABBABB@AB@@@@@D@FDJBDBBFBDB@B@D@D@HAD@B@DBBDDD@DBD@BB@DCH@D@HBL@HBB@BPDB@BB@D@FBBBBBB@B@@@@CBGBABAB@D@DBBBBD@@@FP@FDF@BZBB@BD@BABADAFABABAB@BBDB@@BB@@BHFJDDBD@@@DA@A@@BADAFDFBN@JAFBPF@B@BCL@FBBBBFFBDBDAJFBD@B@DEFAFADBFBHHHFDBF@RAFBB@D@FADA@EBA@@HBBBFBBBBB@DDBD@LFFBJHDBB@NGVILAH@H@DBDBJFBDB@"],"encodeOffsets":[[118557,34892]]}}],"UTF8Encoding":true}