{"type":"FeatureCollection","features":[{"type":"Feature","id":"341702","properties":{"name":"贵池区","cp":[117.488342,30.657378],"childNum":2},"geometry":{"type":"MultiPolygon","coordinates":[["@@@A@A@ABACECC@A@A@@@AB@BAB@NBN@B@FBJBB@B@BAB@@A@A@@@CAACIAA@A@AB@BAJ@NAB@B@@B@@BB@D@B@B@@BB@@B@B@@ABA@@@ABAA@AEAA@ABC@ABA@@BAB@@C@AAC@A@@BA@@@A@C@@@@AC@@@AB@@AD@BA@@@@@A@AA@AAA@CAACA@@AA@@@A@A@@AAA@A@@@A@@D@B@B@B@@@@A@@A@AA@A@A@@@@B@@@B@D@D@B@@A@A@@@AB@B@@@@ABA@@B@DABABA@@@B@@@B@@@BB@B@B@D@BAB@BAB@BADADAFE@ABABA@@BA@C@@@ABADADC@@@@CA@A@@@@@@BA@AA@@ABA@@@@@A@A@E@@AB@@A@AA@@@A@AAA@@@GAGAGCEGEEECEEECEEEGCECKAKAG@IBE@IBGAGAGCGCGEEGAEAGBGACACEEEECEGICCCICCCCCEEGCEGEECGEEA@@@@AA@@AA@C@@AAAACAA@C@@@@A@@@A@CAA@@EAA@AAAAA@@@GACAC@AA@@AA@ACA@A@@@ADABEBAA@@A@@@A@ABA@CDABA@@@@C@A@A@ECAA@@@@@A@@@A@@@@@@@A@@@A@@@AB@BAB@AE@A@@@ABA@@AA@@@G@@D@FB@@BB@BBB@BBB@@@@FA@@@A@A@@B@@B@BB@BAB@@AB@@A@A@ACAAAB@A@@A@@B@@A@@BA@@DB@@BC@@BAB@@@@A@ADA@A@@@C@AB@@@BAA@@A@A@@D@BA@@A@CAAC@AAAFE@@@@C@BA@AACB@BBBB@@BB@@@@BA@@DEFI@@B@@@B@@A@@B@@@@A@@@AB@BAB@@@DAD@@AB@BAB@@@B@@@BAB@JAB@B@FBFDB@B@B@@@B@@@@ABA@CB@@ABAFABALELEREJAJEJCFCDEBE@EBICGEGAGAGAEAIBE@KBG@MAK@K@IAI@GAIAEAECECEAEAGACEKGIGEEGGGKAKAKAM@GBQ@KDEDIFGFGDE@AAAA@@@A@A@@BA@@A@A@@C@@A@@AAAACAECACAAA@C@@BCB@@A@AA@@@@@AA@@AA@@@AA@@@G@GAEAGAAAE@A@@CBA@AFABADCDABCBAB@@@@AACAA@A@@B@@A@@@A@@@@A@A@A@@BA@ABA@A@A@AA@E@CBA@ABAB@B@@@@A@@@@D@@@B@D@DABAB@AI@AB@BA@@@A@@B@B@@@BADA@@@A@@AA@CAA@@BA@A@@@AA@A@A@@@A@@@@AC@C@A@A@@@@C@ABA@A@@AA@@A@ABADBD@@ABA@CB@AA@@@@@ABA@ABABEBC@A@@B@BBD@BBF@@A@AAA@CAA@AB@@A@@BA@AD@B@BABC@A@@BA@CAA@A@C@AB@@BH@BEDGF@@A@C@A@EAA@A@A@A@@@C@EAA@A@A@A@A@C@A@@@A@A@A@A@@@CAA@A@@@A@A@C@EA@@A@@AA@@@A@@BAB@@A@A@A@@@ABABA@@@@F@BAB@@C@ABC@CDA@G@@BADAD@B@@C@A@G@C@ABA@A@E@A@A@A@@@@ABABG@@CAECCAA@EAKAGECCA@A@CBABA@@@@@CAA@A@A@GBKBGHINCFCLEPCLAHAJ@HAJCFEBG@KEKEIEOK@@BAAA@@AAA@CA@A@@@@C@@AA@AACA@@AC@CAA@A@@@ADE@A@@AACBA@ABA@@@AAAA@A@AAAC@AAA@A@A@AA@AABA@CBA@C@ABA@A@@@A@CBCBA@A@@BA@ADA@@BA@A@@@ABABUBQCOEMGKEMCMAA@AB@@@BB@@BAB@BCBA@@DA@@B@@CA@@A@AA@@@@@ACA@@AA@@E@AAA@@@A@@@@@A@@@A@C@@@AA@@ABA@@B@BABAD@@A@@BA@@D@B@@AD@@ABA@@@AB@@@B@B@B@@ADA@@B@DA@CBABAB@@@@CAAA@@@AB@@@@AAB@A@@A@@A@@C@@BA@@@@BBB@@@BBB@@@@A@ABAAE@A@AACCAAA@EAA@CAACAACACAAACAAAEAAAAACAEAAA@@@@DABA@A@CB@@@BAB@B@@@@@@@@A@@CA@A@@AAA@@@@A@@@@BA@@@ACAAAM@OBKAKAM@M@GDCNCFEDM@[IOCI@E@EDEJAJ@LCJIJCFCHBDDDBF@FCDCDCF@HAH@H@JDFDFHDFDBF@HCFIDKBC@E@KAE@GAMAMCQ@IBEBGDCDCJAH@FFHFDDDHFHDDBFBDDNNFFBD@BAF@L@B@BD@HBDBBB@BBDBBB@B@D@BADADAB@H@B@BA@@BAAA@ACA@AA@@A@A@@B@@AD@B@DBFBBBD@B@F@@AFBLBB@DB@BBB@BABEDEDA@@D@B@@@BBBB@BBD@CLAB@B@D@B@@@@@BD@@@@@DBB@BBB@BB@BB@BDDB@B@DHBJHFDDDo@@BEDEH@FADE@CEECC@A@EAACCEAG@ACACAC@CDAFBJ@J@HAJEJEF@FBZPFD@DKLAHBHFFHBJBDDDJDJDFDBNBBDDFDF@J@HAHAJCFEDIDG@G@EAECEEAC±@HDL@LDJDJFJBLBJ@P@HAHCJCJCFEFCFIHEHMJIJEJATpVlTVLjZPHPHRDPFPFTHZFVDjDNADADCBADADAPEB@VETCLAL@HAF@J@J@N@F@B@DBHBHFDBFB@BBBFHDD@BDDBDBD@DBBBD@BBDBBBB@BBDDT@@FBBFjRbPZÎjrJ\\VJHZT@CAM@@@ACE@CAABADBL@L@J@HBD@DDPLHFFDBFB@B@BA@ABCBAJBB@BABC@EDEBC@GAECCEACA@C@ABANGF@"],["@@DDHFHHFFFHDHFJFFBLDJBNBB²AACGCECEOIG@EC@EAACAE@EAEEG@GCAC@Ep"]],"encodeOffsets":[[[120586,31513]],[[120027,31209]]]}}],"UTF8Encoding":true}