{"type":"FeatureCollection","features":[{"type":"Feature","id":"340802","properties":{"name":"迎江区","cp":[117.044965,30.506375],"childNum":1},"geometry":{"type":"Polygon","coordinates":["@@@AB@BABABA@@DE@CBA@AB@BADAAA@AAAGGAGACAI@G@GBKDKFOLIBSFIJINIFGJGDEFEDEDIDIBG@G@OAIAKEICICI@KCK@GAAAMCIAKEEEICGEGEEGGGECCCCECIGGAAAMAMBOFGBKDGDEDIDIFKHEDGDEDWFI@MBO@M@O@K@M@OAQ@O@K@K@I@BPDJBF@@@@BBDD@D@@@@BBHCL@FBBFB@A@@NBHLKHCFAJ@BA@@B@FBB@B@D@B@@@B@BDDBDBB@DFB@D@D@D@B@D@B@B@B@B@D@B@B@B@F@DA@@BBB@BB@@@B@DAD@DAD@D@B@DBHBFHFJJJLNNHPHNJJNLFNHJHFFHBLBL@HAHATAV@DDDFHDJHNHTDHJNADIBIBIGEAMDAFDFDFD@FABBB@LFDBD@@@BA@@@AECAA@AFCD@PFD@BBB@@AB@DCBA@@@AEE@@@A@A@@@@"],"encodeOffsets":[[120017,31430]]}}],"UTF8Encoding":true}