{"type":"FeatureCollection","features":[{"type":"Feature","id":"340711","properties":{"name":"郊区","cp":[117.80707,30.908927],"childNum":19},"geometry":{"type":"MultiPolygon","coordinates":[["@@@@DA@@@@@ABC@@@A@AH@@@@C@@@AB@AA@@AAB@@@@A@@B@@@@@BB@@@@B@@@@@@@@@BA@@@@@@@BB@B@@B@@@BB@@@BAB@AA@@BADABD@@B@@AB@AA@@@@@@@@@@@@@@@@@A@@B@@@@@@@B@B@@AA@B@@@@@B@@@BA@@@@@@@@BB@B@@@@@@@DB@@BBB@@A@@@B@@@D@@@@@@AB@@B@@B@@A@@B@@@@AA@@@@BA@@@@@@@@@AAB@@A@@@A@@@@@@@@@@A@@@@@AAAAAAAC@C@CAC@CAACAAA@A@C@CAC@AAAAACBC@AA@DB@DBE@BJ@@@@@@BBB@ABA@GD@@@@GBBBA@@B@@BD@BD@F@@@@@@@@B@@DF@@@@BFE@@BA@@@@@@@@@A@@BB@@BA@A@@A@@@@@@@AA@@ECB@@@@@BC@@@@@BB@@@@@@@@@B@B@@C@A@A@@@@@@AA@@@FA@@@@@@@@EA@A@B@A@@@A@@BB@@B@@@@A@@BAAAAB@A@@@C@@@@C@@AAA@A@@AA@@@AC@ABBB@B@D@B@@@@@@BB@B@B@ABB@B@@@@A@@AA@@@A@@@A@@B@@BBA@@@AB@@@D@@B@@BB@@AB@B@@@@@@@FD@@ABC@A@@B@BB@@BA@@@@B@BBB@@@@@BB@@BB@B@@BB@"],["@@BA@@BA@@AAAB@@AAA@@ACB@@A@@@@@AA@A@@@@@B@B@BD@BB@@@BB@B@@@@@@@B@@@"],["@@@AA@@@@@@@@AB@AIABBC@@@C@@CAA@AAC@A@@@A@C@@@AB@B@@@B@@A@BB@B@B@@@@@B@@@@@@@@@@@@@B@@@@B@@@@@@ADBBDA@A@@@@@@@ABABB@DA@@BB@BA@@BBBHA@@@@HC"],["@@@@@A@@@@A@@AABA@@@@@@B@@@@@@@@@@@BA@@@@@@BB@@AB@B@@@@B@@@@B@@@@A@@@A@@"],["@@@A@BA@@@A@@@@@@B@@@@@BDAB@AA"],["@@@A@@A@@A@@@A@@@@A@@B@@@@@B@@@@A@B@@B@@@@@BBA@@B@@@"],["@@A@@@A@@@@BB@@@BA@@"],["@@@@B@@@@@@A@BA@@@"],["@@@A@@@BA@B@@@@@"],["@@@@A@@@@@@BB@@A"],["@@AC@BA@ABACDACGAB@ACBBBB@ABBABB@@EDAB@@BAB@@@@@@B@@B@@@@@CB@@B@AB@@CB@@BB@@@@AB@@B@@@BA@A@@BBB@AA@@B@@AB@@BB@@BB@@@B@@@B@AA@@@AB@AAB@"],["@@@@BCA@@@A@@B@@@B@@B@A@B@@BA@@@@B@@BA@@@@@@@A"],["@@@@@A@@A@@AB@@A@@@@B@@AA@@A@AFBB@@BD@@@@B@BBB@@@BBB@@@@AABE@@GSAB@AA@@@@B@@@@A@@ACBBB@@@@ABAD@@@@@B@@A@AJB@A@BD@@B@@@@@B@@@B@@@"],["@@EK@@@@@@EIAE@C@@@@BBB@CB@@B@@@B@@BDGAACA@@@B@@AA@@B@B@@@HA@@@AB@@BD@@@A@@A@@@@A@@@@@@A@@@@@@@@AC@B@@@@@BCBAAA@@AOH@@@B@@F@@@@@B@@D@@@B@DDFC@BHEA@@BH@BB@@BHC@@FHDA"],["@@E@G@OBKBIDGDADCFCDKJ@D@D@DDDNJJFF@F@FANGDADBFBHBFBHEFKDEDCDCBAA@IECAACAEGGEC"],["@@BDFFFDFBH@H@JCFCDEBIBG@G@ICECEACMACACECICICCIAGAEEAGBGLK@CECYOEAE@IFIFGBI@I@EACB@DBDBDBDH@FBDDBB@F@BDDFF@DCFEBG@CFAF@@@FBDHDH@FFFBF@DBBB@FFDH@PJDFDFDHBB"],["@@C@EECGACC@KAC@AA@E@I@ACECCCCAE@EAG@G@CEECICCEA@@E@MHAB@B@DDBFBDDBF@HADCF@FADABA@IAABAD@BABA@A@AEECGEOKCCC@GAI@K@K@CAABBB@DDF@B@@BN@DJHXXLPFNBBDHBHBH@DBJBHXG@AAC@@FAJCDAB@BB@Bq"],["@@@@@AB@B@@A@@@@B@@B@@@@@@BA@@@@B@BAB@B@B@FAA@@@BA@@@@BBBA@@@B@@BA@@DA@@@AD@B@DA@@BA@B@@DHB@@BBI@@@AB@BCA@@A@@@AA@@@@@@AA@@@@@@AB@@@@B@@@C@@A@EB@AA@BA@ABAAA@@@@A@@AA@ABCA@@ACA@A@ABAB@@CB@@A@A@@@B@BA@CB@AA@AAAB@B@BAB@@AD@@@BC@@B@DD@@FC@@BCB@B@@ABAB@D@@B@@B@@D@@BB@BA@AB@@CD@B@DAB@@BB@BA@@@@B@D@@@@B@@B@@BB@B@B@@DA@@B@AAB@@@@A@@@@@@@@@@B@@A@@@@@@@@B@@B@ABB@@@B@BA@HTB@@@@BBB@BA@B@@@BBBA@@BABABAA@AA@AFCDE@A@AB@HAFC@@CC@AA@BA@AB@B@D@@@B@DAB@DAB@@@@@@@B@@@@A@@B@@BFDB@@BAB@B@B@B@BAB@B@@H@L@F@DABC@E@CBCBEBEC@CACA@CACAEBCBCAC@CEAKEECAA@CAEACECC@EAEAEAACAC@EAACCEAG@KAE@EAACAC@ABCD@BCAAAACAAAr@BBBD@@B@@@@KFC@GBA@@AAA@@WHBB@JBLBLBLBJ@L@L@LFHhZTTBDDFDHBJLCB@DADAPF@CBAB@@AB@B@@AA@A@A@@AB@@A@@@@@@EDABC@A@A@A@BA@@@@@A@C@CBCB@@AA@@AAA@@@@@@BA@@@@B@@BD@BCCAAB@BAA@@@@@A@@B@AAA@@@ADA@@@A@@@@@A@BBA@@@A@@@@@@@@@A@@@@@A@AABA@@A@@AAB@B@B@@ABB@@@BB@@GDEI@@@@@@@@@@A@@@AAACAAACAA@AB@@@@@@@@@CC@@AA@@B@@A@@@@@@@@@@C@CCGI@@@@@@FCAAKE@A@BA@@AACCKCGCIEOB@@@B@AAB@@BBABDDAB@@AAAB@@@B@@B@@CBAB@@AB@@AB@@A@@BB@@@@@@AB@@B@@@B@@@BB@@@@@DA@@BBPG@@HC@@@@@AB@BAB@@AD@@@D@@@B@FDB@@@EDBBBBGD@@B@BB@@AB@@CACAA@@@C@@BC@@@@@@@@B@@@@AB@@CHB@DH@@ABBHB@@BB@BBA@@@@DBADA@@BABAB@DC@@@@@B@B@B@@AB@B@@AB@@@@CBABA@@@A@@@@A@@AACB@BBD@BBB@@@@@ABA@@@AB@BBB@@@BA@@@@@@B@@A@@@@@AB@BABABA@@@@@BBBBA@A@@B@ADAD@@AB@BA@@BA@@@@B@@ADA@A@@@@@AB@@@@AAAB@@@HD@@B@@B@@A"],["@@@BA@C@@B@@@@D@BAB@AA@@@@"]],"encodeOffsets":[[[120658,31706]],[[120637,31685]],[[120672,31676]],[[120628,31666]],[[120613,31665]],[[120624,31665]],[[120615,31664]],[[120637,31663]],[[120637,31662]],[[120635,31661]],[[120625,31657]],[[120631,31659]],[[120628,31657]],[[120593,31645]],[[119768,31364]],[[120113,31219]],[[120623,31567]],[[120598,31658]],[[120601,31657]]]}}],"UTF8Encoding":true}