{"type":"FeatureCollection","features":[{"type":"Feature","id":"341821","properties":{"name":"郎溪县","cp":[119.185024,31.127834],"childNum":1},"geometry":{"type":"Polygon","coordinates":["@@@@B@@@@A@@@@@@@A@@@@@@@A@@@@@@AA@@@@@@@@@A@@@@@A@@@@B@@@BA@@@@@@BA@@@AB@@@@AB@@@@@B@@@B@@@@@BA@@@@B@@@B@@@@@B@@@BA@@B@@@B@@@B@@@B@@A@@B@@@@@B@@@@@B@@AB@@@B@@@BA@@@@B@@@@A@@@@@@@A@@@@B@@A@@@@@@@A@@B@@@@A@@B@@@B@@@@@B@@@B@@@@@B@@@@@B@@@B@@@@@BB@@@@B@@@@@@BB@@@B@@@@@@BB@@@@@@B@@@@@B@@@@@@@B@@@@@BA@@BB@@@B@@@@@B@@@@@B@@@@@B@@@@@B@@@B@@@@@@@B@@@B@@@BA@@B@@@B@@@@@@A@@@@@A@@BA@@@@@A@@@@@@@@@A@@B@@A@@@@@@@A@@@@@@@A@@B@@@@A@@@@@@BA@@B@@A@@B@@@B@@BB@@@B@@@@@BB@@B@@@@@BB@@B@@@@@BB@@@@BB@@@@B@@B@@B@@@BB@@@@BB@@@@B@@@B@@B@@B@@@B@@@@@B@@@B@@@B@@@@@BA@@B@@@@@BB@@@@B@@@BB@@B@@@@BB@@@@B@@BB@@@@B@@@@@B@@@B@@@@@B@@@B@@@@@B@@@B@@@@@B@@@B@@@@@BB@@@@B@@@B@@@@@B@@@@@BB@A@@B@@@B@@@@@B@@@@@@B@@B@@@@@B@@@B@@@BB@@B@@@B@@@B@@@B@@@@@@@BA@@B@@@@@B@@@B@@@@@B@@AB@@@B@@@B@@@B@@@B@@@B@@@B@@@B@@@B@@@@@B@@@@AB@@@@AB@@@@A@@B@@A@@@@BA@@@@B@@@@@BB@@B@@@@BB@@@@BB@@@@B@@B@@B@@@B@@B@@B@@@@BB@@@B@@BB@@@@@@@B@@@@@@@B@@@@A@@B@@@@@@@B@@@@@@@B@@@@@@@B@@@@@@@@@B@@B@@B@@@@BB@@@@BB@@@@BB@@@@@@BB@@@@@B@@@@@@@B@@@@@@@B@@@@@@@@@B@@@@@@@B@@@@@@@B@@@@@@@@@B@@@@@@@B@@@@@@@B@@@@@@@B@@@@@@@B@@@@@@@B@@@@@@@@@B@@@@@@@B@@@@@@@B@@@@@@@@@B@@@@@@@B@@@@@@@B@@@@@@@B@@@B@@@BB@@@@@@@BB@@B@@@@@B@@@@@BB@@@@B@@@@@B@@@@@@A@@B@@@@A@@@@@A@@@@B@@@@A@@@@@A@@@@@A@@@@@@B@@A@@@@B@@A@@@@B@@A@@B@@@@@@A@@B@@AB@@@@@@AB@@@BA@@@@BA@@@@@A@@@@@@@A@@@@@@@@@A@@@@@@@A@@@@@@@A@@@@BA@@@@@A@@B@@A@@@@@@@AB@@@@A@@@@@A@@@@@A@@@@BA@@@A@@@A@@@A@@@@@A@@@A@@@@BA@@@@B@@@@@B@@@B@@@B@@AB@@@@@B@@@B@@A@@@@BA@@@@@@@A@@@@@A@@@@@A@@@@@A@@@@@A@@@@@A@@@@@A@@A@@@@@@AA@@@@@@@A@@A@@A@@@@@@@A@@A@@A@@@@@@A@@@@@A@@@A@@@@@A@@@A@@@@@A@@@@@A@@@A@@@@AA@@@@@A@@@@@@@A@@@@A@@A@@@@@@@@@A@@A@@A@@@@@@@A@@@@@@A@@A@@@@A@@A@@A@@@AA@@A@@@@@AA@@A@@@AA@@@@@@AA@@@@@@@A@@@@@A@@@@@A@@@@@@BA@@@@@@@@BA@@@@@@@A@@@A@@@A@@@@@@@AA@@@@A@@@AA@@@@A@@@@@@@A@@@@@A@@@@@@@A@@@@@@@A@@@@@A@@@@@@@A@@@@@@@A@@@@@@@A@@@@@A@@@@AA@@@@@A@@@@@@AA@@@A@@@@@@@AA@@@@A@@@@@@BA@@@A@@@@@A@@@@@A@@@AB@@@@@@A@@@A@@@@@A@@@@@AB@@@@A@@@@@A@@@@B@@@@A@@@@@@@A@@@@B@@A@@@@@@@@@A@@B@@@@@@A@@@@@A@@@@AA@@@@A@@A@@@@@AA@@A@@@@@A@@@@@CAEGOCCCC@A@A@ADAB@BCBKQDC@CCCCCG@EACCCICEAGAEBE@EDIBE@CC@@AEACAGCEGBI@@@CAACCG@@GIBC@AD@@I@EF@PILGH@JEHGBO@IFGJCJAFE@GCKCI@IDGBI@GAKAGCECEAE@G@CAEEGGAIDIDGFG@KAG@I@I@GAECGAK@EDEDIBIAIEIGKKCG@KFMDG@EEGCEQMMCSAUFU@MCKAGCIQ@M@K@MBIC@ICGAI@I@IACCACAG@KBGDG@I@ICGKMGKGEIEGCICGCKCGAIEEECKAK@ECKAIEICECECEEIE@CBEBGDO@IBGFGFGDGDIDEDGHIFCJCPAHCHCDEDCF@DBHDFHFFDHJNJJJJJHJDFFHDLBJALAFCHAJAJ@NCJEJAH@JDFDFHJBFBJAFCHINGHELEHCJ@PAL@HCJCFCHEBADC`CH@@@BABA@AD@BMCV@@bPHBBB@BBD@B@D@BBDBJ@HBB@BBDBB@D@B@@A@BBA@CH@D@@@@BBBBNBJDD@FCJ@J@@@BA@@AN@@ABAFCH@@ADEBAF@@EF@@C\\ABIB@DFFBFAJBDBB@DBF@@B@@B@@@@@B@@@@@@@B@@@@@B@@@@@B@@@@B@@@B@@@@@@@BB@@@@B@@@@@@@@BB@@@@AB@@@@@@@@AB@@@@@@@@AB@@@@@B@@@BA@@@@B@@@B@@@BA@@@@B@@@B@@@@@B@@@@@B@@@B@@@@@B@@@B@@@@@B@@@@BB@@@@@BB@@@@@@BB@@@@B@@@@@@BB@@@B@@@BB@@@@B@@@B@@AB@@@B@@@@@B@@@B@@@B@@@@A@@B@@@@@@AB@@@@@@@BA@@@@@@BA@@@@@@BA@@@@@@B@@@B@@AB@@@@BB@@@@@B@@BB@@@@@BB@@@@@BB@@@@B@@@@BB@@@@@BB@@@@B@@B@@@B@@B@AB@@@@AB@@@B@@@@AB@@@@@@@B@@AB@@@@@B@@@@@B@@@B@@@B@@@@AB@@@B@@@B@@@B@@@@@B@@@@@B@@@B@@@@@B@@@B@@@@@B@@A@B@@@@@B@@@@@@@B@@@@@@@@@BB@@B@@@B@@@@@B@@@B@@@@@B@@@B@@@@@B@@BB@@@@@B@@@B@@@@@B@@@B@@@@BB@@@@@BB@@@@BB@@@@B@@B@@@@BB@@B@@@@B@@B@@B@@B@@@@@@B@@@@@BB@@@@@@@@B@@@@BB@@@@@@@@@B@@B@@B@@@@@@@@@B@@@B@@@B@@@B@@@@@B@@@B@@@B@@BB@@@B@B@@@B@@@B@@@@@BB@@@@B@@@@BB@@@@BB@@@@@BB@@@@B@@@@B@@@@@B@@BB@@@@@B@@@B@@B@@B@@@B@@@@BB@@@B@@@@@B@@B@@@@@B@@@B@@@@@B@@BB@@@B@@@@@B@@@@@B@@@B@@@B@@@@@@B@@BB@@@@@B@@@B@@@@@B@@@BB@@@@B@@@B@@@@@BB@@@@B@@@@BB@@@@@B@@B@@B@@@@BB@@@@@B@@B@@B@@@BB@@@@B@@@@D@BAD@BAD@B@B@@@D@@@D@B@BBB@@@B@@@BB@@@@@BBB@@@B@@BB@@BB@@@@B@@BB@@@B@@@B@@@B@@AB@@@@@B@@@@@BA@@@@B@@A@@B@@@@@BA@@@@B@@@@@B@@AB@B@@@B@@@B@@@B@@@B@@@@@BA@@@@BA@@@@AA@@@@@@@A@@@@@A@@@A@@@@@A@@@A@@@A@@@@@A@@@@@A@@@A@@@AA@@@@A@@@A@@@A@@@A@@@A@@@@@@@A@@@@@@AA@@@@@@@A@@@@@A@@@@@@BA@@@A@@@AB@@@@A@@B@@A@@@@BA@@B@@A@@B@@A@@B@@@@@@@B@@@@@@BB@@B@@@@@@BB@@@@B@@B@@B@@B@@B@@@@@BB@@@@B@@@@@@BB@@@@@B@@@@@BB@@@@"],"encodeOffsets":[[122076,32025]]}}],"UTF8Encoding":true}