{"type":"FeatureCollection","features":[{"type":"Feature","id":"341502","properties":{"name":"金安区","cp":[116.503288,31.754491],"childNum":1},"geometry":{"type":"Polygon","coordinates":["@@GIEEIAKCICGEICIEI@GCGAGCCCCE@CDGFCDC@EAGDEFGF@L@FBHACEEGEEGCECGEGAGCICGCGCEEECCGAC@CABC@A@A@@AAABABAB@@A@@DA@A@AB@@ABAB@@@@@@A@@@AB@@@B@@A@@B@@@@@@A@@@AB@@@@@D@@@@@@@@A@@@A@@B@@@B@@@B@@A@A@@BA@@DA@@B@BA@A@@B@B@@@@@@A@@A@@A@@@@B@@@@@@BBA@B@A@@@@BA@@BA@@BA@C@@B@@@@@@A@@A@@@@A@A@@@A@@@A@@@AB@@A@@@@A@@A@@@@@@B@@@@@@@B@@@BA@ABA@ADAD@JFDBBAFADE@EAECCAC@EHAF@FBJ@F@H@FAFCBGBEAG@IAEAGCECGAE@EBEHKDEFGBGBGAE@GAKBIFEBGBG@EEGGGCECECEACAE@G@GBKDIDADEBE@C@@@@BADA@ABABABIAE@C@C@C@A@C@E@C@A@ABE@C@AAA@ACE@A@A@A@ABEDC@A@A@A@ABABAHC@ABABA@A@AB@@ABCDADABAB@DABCBADCBABABCBC@CB@@@D@BABADAB@FA@@B@DCBA@A@@@AAA@@@AB@@@B@@@B@BB@@B@B@@AB@D@@@BA@A@A@@@AB@@@B@@@B@@@BC@ADABA@A@ABAB@@@B@@@B@@@D@@A@ABA@AB@@@BA@ABBB@@@@@BA@@B@@@B@@B@B@@B@@@BA@@AA@@@A@@@ABA@@@@@A@AAACAAA@@AC@@AA@AA@A@A@@@@@@@@A@A@@@A@@A@@AAA@@B@@A@@AA@@AACA@@@AA@@AA@@@@AAA@A@AB@BA@C@A@A@@A@AA@@@A@@@AA@@@CBA@@@@A@A@@@@A@AA@A@@@@AAA@@@@@@A@@BA@A@@B@@A@@@A@@AA@@AB@@A@@@C@AACA@A@@BA@@@A@@@AA@CAC@@@@@A@@@@A@A@@BAB@BA@A@A@@C@C@AA@@@@A@@@AB@AA@@@AA@@@A@A@@@A@@AA@@A@ABA@A@@@EA@@A@@AB@@AA@@@A@A@A@@@@AA@@@A@CB@@A@AA@@A@AA@@A@AC@@@@A@@@AB@@A@@ACA@@A@@@A@@BA@@@@@AA@AA@@@A@ABA@@@A@A@A@AACCAAA@A@AAAA@@A@@A@AAA@@A@A@A@@@AAA@A@A@AA@@A@@@A@A@@@@A@A@@A@CAA@@@A@A@@@A@@AAA@AA@A@@@AB@BAB@@A@A@@AAA@AA@@@A@@@A@ABADABA@@@A@@@@@@A@A@@A@@@A@ABA@A@A@@A@@BA@A@A@@A@A@@@A@@@@@AC@@@AA@@@AAABA@@BA@@@CBA@C@A@A@A@@AAAAA@@C@@BA@AAA@A@@@@@@@@A@@B@BAB@@AB@@A@@@AA@GAKCKAOCECCCAGACEEECGGGICGAG@G@CEIEKIEQEEBEAEAICGAGDGDGDIFI@GCEKAC@@@@ACCICG@EDGHCHI@A@@@@FEBE@CEGCGCECIAGCI@GAGEGKIKCKAIBIBKDOB@JBHBLDHDHDFDHBJBD@HCHAJABC@A@AB@@CBC@AAC@GAECCAA@GEEAAAA@A@A@EBE@@BABAB@BADAB@B@BAF@DDDBHBBDF@BBD@FBH@B@BB@BBBA@@DABALADAB@BBB@@@@@BBB@B@B@BAB@BABC@@BB@@@DABADABAH@B@B@DABCFCHAHAD@B@FCH@DAJCJ@FAHCHGHIBI@MHIFEDGHEL@FFJDFJJDAFCHAHBBFAH@H@DBHBFBFCFECGCGL@FCHGBGBEBAJEJGLELCF@DBB@BADEFEHGFEDBB@@BBD@@@BB@@BBBBB@BBBB@@AB@@BD@@B@@BB@B@@@@BB@@B@@@B@@B@@@BBB@@B@BBBA@@DBBBA@@@AB@@@D@@@@BB@BBBA@BB@@@@@@B@BAB@@B@BA@@@@BBDBB@BABAB@@B@@@BABBB@BA@CFCFBB@@B@BAB@@BB@@@AB@B@@@B@B@@B@@@DB@@BBADBB@@BBB@BB@@B@CB@B@@@@@@@BBBBB@BAB@@ADED@BA@@B@@B@@B@D@BAB@BB@@BBDBB@B@@@B@@BFBBA@@BA@A@@B@@A@@B@@A@@B@BA@AB@@AB@@@@@BBDDDBB@BBFDDDDBBBBBFDBBBBBDD@B@B@D@D@BADBF@BBBDB@BBBBJBB@D@BB@BABABA@C@@B@@@@BB@@@@@@B@@B@B@@@@@B@@BB@@@@@@BBBBABBB@@@@BB@@BB@@AB@B@@@@B@B@@A@@BA@@B@@@@@@@B@@@@@B@BABB@@@@BB@@@BB@@@@BB@@BB@D@BABB@B@@@@@BA@B@B@@@BB@B@@@A@@B@DB@@B@@D@B@@@@@@B@@@@@@@@@@B@@@@@@B@@@BD@ABA@A@@BE@@D@@A@@@@B@BBB@@@@BB@@ABA@ABA@AD@@@@B@@B@@AB@@A@@B@@BB@@@B@@A@@BA@AB@B@@A@BB@@@@@@ABADBB@@@@BB@@@BA@@@@@BB@@D@B@@A@@@@BB@@@@@A@AB@@@@@@BB@@@B@@@@@A@A@@B@@B@@B@@@@@B@AB@BCB@@@BBA@@B@@@@@@@@B@@@@@@B@@@@@BAB@@ABA@@B@@ABAB@F@BABB@@BB@A@AB@@@BB@@@@@CB@BAB@F@B@BCAA@GAA@A@@@@@A@A@CAA@@@@@@BA@AB@BA@@@@@BBBB@@AD@B@JAB@@@BABAAA@@@@@AA@@@@A@@@A@@@@@A@@@@@@C@@C@@@ABAF@B@@@@@@@B@@BB@B@B@DBB@B@B@@@@@B@B@@@B@@@@B@B@BB@B@B@B@@@B@@@@@@@@@@@BB@@B@@BBA@@@@@@@B@@@@@@BB@A@@@A@AB@B@@@@@@AA@@A@A@@@@@@@AA@@@@@@A@AB@@@@A@@A@@AB@FDDDJDDFNDFDJBDBF@BABAB@@BBDDFD@FDDBD@D@DCHAD@BABCD@@@B@BBFBBBD@DBB@BB@BBBBBBD@D@@@@@BB@B@BB@@B@DAB@B@DDBBBBBBDBJAJ@BBDADAFCH@F@BBD@B@B@@CB@BADABABCBE@G@C@CAA@KBE@C@@@A@A@AB@B@BA@@BA@A@@BAD@BABADAF@D@B@BBBB@BB@@@BADAB@B@BBBBDBBBBB@BBBBDBBBFAFBB@F@FAD@BBB@BBBBBD@D@F@F@DBL@BCDAD@D@B@DABAB@BB@@BB@BBB@@B@D@@@B@D@BADCDABEDA@@B@BBBAD@DBF@J@B@BB@BBB@@BBB@BEHCDCFAD@B@B@D@FBDDDBBB@DFFDDDBBDB@@DBD@H@DABAB@D@BB@@B@B@B@DAD@BAB@D@B@BB@@@@DAHAHCHAHAJADAJ@HBHAFAHCFCFCFCDAHEFCDCFEPEDA@@@@PENEPELCHCLEHCFAHAF@HABADGBECUBU@Q@_AMDKFIJEH@HDHBHDHDFDFDHDHDNBHBHBJ@L@NEJAHAD@JE"],"encodeOffsets":[[119574,32678]]}}],"UTF8Encoding":true}