{"type":"FeatureCollection","features":[{"type":"Feature","id":"341524","properties":{"name":"金寨县","cp":[115.878514,31.681624],"childNum":1},"geometry":{"type":"Polygon","coordinates":["@@FCFADCDCBAB@D@BBDD@DBD@DABADAF@B@BDDB@D@D@HAB@BAHARCNEJEFAFEHADAF@JAD@D@@@FBFBDAD@FGDABAHCDAJEJGHEHCDCHCJEJ@B@F@JBFBJFFBLBHBFDFDHBFDFBHDFC@C@EACACAE@EDGFCFAJANAJ@JAHAJADCBGCSAOCSCMAKCGICKAIAG@KEECICE@EAI@C@GAECGAECGCGAGCCCCCAEAEACCCGCE@G@I@KCEECGAG@I@GDIFIHCJAJAH@FADCDGDGFCHEHAFAFEHCHCH@HBH@XBL@HCFCFCBEBE@I@GBCJCLELAN@J@D@DEDEHEHCJCPARARIN@JBDAAG@ECECEKAKECICGAGBEBI@EBEACCEGGGICEMGQAOCICGEECEEGEGAI@IBGBG@GAICKCMEKIMGOGKIGICEEGAE@GDGVWJEDCAKAIAE@MBEFGFEDEDI@E@G@G@GAGEWAKBGHCHAHCDCDKCGCMEEEGKGIEEGIEGEIEIAIAIECEECAI@C@GIGMIEGCEAEFGFGHCBEAEECMAI@G@GAGAGCGCCCACEEE@GAGCIEECGIEECKCICQAIAKAGBIHEFCFCBEGGSMOIKCKBIDE@KAGCIGIEGEKBCLCFCLGDEFGBEAGAKEGEIGGIECGCCAE@E@EBE@GDEBGBGAEAGAGAGACCCCAEEAEECCEAEAKBEFEFAF@FCHENENEDCFCBCDEBEDEFCFCHCHCJCFCDCDCBCDIJIJEFIJCDGDIBIDQDKBKBGBE@IBGAIACAECEGCECGCG@EEGIGECGAGAGAGACCACAG@GAIAECEAEEEECGAC@GBEDKHGDGFCDEFCDAFCHGJCFEHGLCH@H@LAF@F@F@LAHBJ@DBFAFADAFGJAFEJEHIHEHEDEDCBGDEBEBG@GAC@GCGAOAE@CDEJ@FCBEFGDA@@@@@AB@@AB@FBDDLBJ@H@FDFDDAJ@DABA@A@EECAC@C@CDCJAFC`CJADCBCBABE@E@AACAC@C@ADAD@@CAGEGCECAAAEACA@A@CBCFCDEBQB[FCB@BBBBBRJBB@F@BOR@DB@BBLDBDLLDJBDADABGDUREDDJBDNLBDBBAD@F@HBF@N@FBFBBBBDB@B@BCFUb@DADAHCD@FABBBBB@BABADAD@D@B@BHLDDPFHBDDDBBDDDBBBBJDJDFDJHDBFLDDFLDJBD@B@FBDBFBBBBABADCD@D@B@DDDDJBBBBHD@BB@@H@D@BBDDDFDLDNDDBBDFBLHFDFBH@FBFBDBBDDHBF@JADGLGLGHAD@B@BDDFBDBDD@D@H@F@B@BB@FBB@FJBFBFBBHDXJFDDFFJFFFDHDDBD@DAF@FANCD@F@DDBD@BBD@BBBFFDBDDD@B@H@FBHBFBBDDDBD@D@BDBFBHDFDBDDDBBF@JDLFJDHFFFDBHFBB@BFH@BB@BBD@DBB@DBB@XDD@BBFDLNFFBDDDBDD@D@B@B@DAD@DAD@@ABCBCJEFAB@D@DBDBDBB@B@FAFEFAVEJ@B@B@@BBB@@AB@@A@A@A@ABA@@@@@A@@B@@@B@@B@@@B@@@BB@@@B@@@B@@AB@@@B@@@BB@@B@@B@@@B@@@D@B@B@@@BB@@@B@B@B@@@BBB@@BBB@DAD@B@B@B@D@B@BBB@B@@@B@@@B@B@H@@@@@@@B@@B@@DDBDB@@@@@@@B@@@BA@@BAB@B@@AB@DAB@@@BAB@B@BA@@B@@@B@@AB@@@B@@@B@B@B@@@@AB@@ADA@@BABCBA@@BAB@@@B@B@@AB@@@@@B@@@BA@@F@@@BB@@@@B@@@BB@@B@@@B@@@@@@@@@@A@C@@@@@@@@@@A@@@@@@A@@@AB@@ABA@AB@BA@@@@B@@@BAB@BA@@@@B@@@@BB@@BBBB@@BBBBBBB@@BB@@@@BBB@B@BB@@@@@@BBBB@BBB@@BB@BB@@@D@@@@@BA@@@@@ABA@AB@B@@@B@@@B@@BBBBB@@B@@B@@B@@B@@@B@@@BBB@B@@B@@BB@BB@@BB@@BBB@@@@@B@B@@A@@@@@A@@BA@AB@@A@@@C@A@A@@BABA@A@@BA@@B@@@B@@@B@@@B@DBD@BBB@B@BB@@B@@AB@@@@@@@B@@AB@B@B@B@@@B@@@B@@@@@B@@@B@DBF@B@BBDBBDBB@B@BBBBBBBDBBBB@@DBB@@BBDBD@D@FAB@B@BB@FBB"],"encodeOffsets":[[118694,32560]]}}],"UTF8Encoding":true}