{"type":"FeatureCollection","features":[{"type":"Feature","id":"340705","properties":{"name":"铜官区","cp":[117.818427,30.93182],"childNum":22},"geometry":{"type":"MultiPolygon","coordinates":[["@@AA@@A@@@@@@@A@A@@A@@AAC@@AM@@BB@B@B@@BA@A@@BA@AB@DAD@D@@@@@@@BB@@BB@LAD@DB@@@@@@BC@@AAA@A@@@@CBAB@@@@@B@BA@@B@@AB@"],["@@@@E@A@@@@BCB@@B@@B@@A@AB@@@@A@DBABD@@@B@@@@A@@@BBAAA@@@@@@@@B@@@@A@AF@@C"],["@@@@A@@@ABA@@@@B@@B@@@@@BB@@AB@@A@A@@@@AA@@BD@@BBADB@@@@@C@AB@@AA@BAA@@@"],["@@@AA@@A@@A@@AAA@A@@@@@AB@BCA@@A@@@AAA@A@A@A@A@@@A@A@@@A@@@@BA@@AC@@AA@A@A@@AACB@B@DAB@DA@@@@@AB@@BB@F@@@D@BB@@BADA@@@@@@@B@@@@B@BABA@@B@B@B@BA@@B@@@BBBA@A@EAC@AAA@E@@@A@@@@@C@@AA@A@AA@@@A@AE@A@@BDB@B@@A@CB@@@BB@D@@@BBB@@BB@B@B@@@@B@@B@A@@@@BA@AAAB@@BB@B@@@AB@B@@@@@@AB@@@@@BB@@B@@@@B@B@BA@@B@@@@@@@B@@@@A@@@@@ABB@@B@@@@@B@@@BA@BBA@@B@@B@B@@@B@@@BB@@@@B@@A@ABA@A@@A@@@A@@@@AA@ACB@@A@@B@B@D@F@@@@@@@A@@@@B@@D@@A@@@@@@@B@@B@@DFA@@A@@A@@B@@@@@B@@BB@@@B@@@@@BA@@@AB@A@BA@@BAB@DAB@@B@@@@D@BADAAA@AAAA@ECB@DAA@@A@@"],["@@B@BAA@AA@@@@@@A@@B@@@@@@B@@B"],["@@@@@@@A@@@@B@@@B@@A@B@@@A@@B@@@B@NA@@@AB@@@@@@B@@@BB@@@@BBB@A@@@@B@BA@BB@@@@@@B@@RE@@B@AA@@@@A@B@CA@BA@@AEC@B@@@@@@AB@@@A@@B@@AA@B@A@@@@A@@CA@@A@@@A@@@@@A@@@A@BBA@@B@@BBA@@@A@@@A@@AA@@AA@@BA@@@BBA@AA@@@BAB@@A@@@BA@@@@AA@@DA@@BAA@@@DA@@@@A@@@@A@@@@A@AB@@BAFC@@AAABBAA@AAA@C@@B@@CB@@AB@@@A@@ABAA@@@@AB@@B@EBA@A@A@ABA@@@@@AB@@@@BBA@ABC@@@@@A@@@@AC@@G@@BABB@@@@BA@@@@B@B@BC@@@A@@B@@AB@@ABA@@BCBCA@@@@BABAA@A@@@@ABABABA@@B@@@@@BA@@@@@@@AB@@A@AAA@@B@@AB@B@@@@AA@AAC@AEG@@GD@AA@@AAG@@FBAGD@CE@C@A@@@CA@@@@@E@@@@A@@AA@@CB@@@@A@@A@@@A@@@AA@@B@@@@A@@AB@@@BA@@BA@@BADA@@@AA@@@A@BB@BA@CBACAB@AA@BBA@@@A@FPDJDHDLBD@BB@@A@BLFBBED@@@@@@HJDDD@@@@@@@@@@@@BA@@@BB@@DD@@@@@@@@A@@BBBBDBBBDBB@@B@@@@@@@@@@@FJHC@@AA@@A@BA@@@A@ABA@BDE@@@@@A"],["@@A@ABAB@@A@@@DA@@B@BB@@@@B@B@B@@@BABA@BB@@BD@@AB@@BB@BBB@@@BB@@@BAB@@@B@@BBBB@@@BB@@A@A@@@AA@@@B@@AA@@@@@@A@@@@@A@@@ABB@@@@BA@BB@@AA@@ABA@@@@@A@@@@A@BABA@@@AD@AAB@A@A@@B@BAB@@A@A@AA@A@@@@B@BCDA@AB@@@@@@@B@@@@AB@A@@@@@A@@B@@@@@@A@@@ABABCB@@A@@B@@A@A@@@@@A@BBA@ACB@B@@@@@AAAB@@@@@@A@@BB@@@@@A@AB@@@@@@A@@@@@@@AA@B@@C@@@@@@@BA@@A@@AA@@@A@BA@@@@@@B@AAAB@BCBC@@@BBB@@@@@@@B@B@@BBA@@AB@@@@@@AB"],["@@F@CAA@@@ADBA"],["@@@AA@CBBDBAB@@AB@A@"],["@@@@@AAB@@@BBA"],["@@A@@B@@B@@@@A@@@@"],["@@@AA@@@A@@@DAA@AA@@@@@DBFFJ@@@@@@FLBB@@@B@@B@@@B@BADA@@@@BA@@@ABA@@@A@A@A@@@@CDA@ABAB@@CBAB@C@@B@AAA@@AA@AGBA@@CGA@"],["@@@@@A@AAA@@@AA@@@@@@C@A@@B@@AAA@@BA@C@ADC@@BAB@@AAA@@@CA@@@@AC@A@AB@BA@A@AD@@ED@@CCA@@@AD@@C@@BA@ABA@A@BB@BBBA@@DABA@@@B@B@@@DA@@BABAB@B@BD@@DBBAB@@BB@@@@@BBAB@BABB@@BFAB@@@@D@@@A@@A@@B@@@@B@@B@@@@B@@B@@@BB@BA@@@@AA"],["@@B@@A@A@@AA@B@AA@@@@@@@@@@BA@@@@@@@@@@@@B@@A@BBA@@@@BB@@@@@@A@@B@@BBA"],["@@@AA@@B@@GB@@A@A@@@BB@@@A@@DBBB@@BA@@@@@A@@@@@@D@@A"],["@@@@B@DBDB@@BA@@AAA@@@HCAAAAFC@@A@ECA@@@C@@@C@@BA@ABA@@B@@@@GD@@@BB@BBDA@A@@@@@ABD@@@@@@@@@B@@@@B@@@@@@BB@@@"],["@@@@B@AA@@B@A@@ABAB@@@BA@A@@AA@@@BA@A@@BABAAA@@B@BA@@@@@A@AA@@@BA@@@@@@BAA@B@@A@A@@@A@@@@B@@@BBB@@AA@@A@A@@BA@@@A@@B@@AB@B@@A@B@@D@@A@AA@@@B@@@BB@@@B@@@B@BBB@@@@@BB@@B@@@BA@@@@BAB@@@@BB@AB@@@@B@@@B@@BBABF@@@@@@@@ACAACCB@ACA@B@AABA@A@@BD@B@@B@@@@@B@@@@BBBA@BB@@B@@@BB@@@@@@@@@A@@A@@A@@A@@A@ABA@@@@@@@A@@ABA@@@AA@@AAB@A@BAB@@BB@@@@@B@@@@ABB@@B@@B@@AB@@BB@@@BBBB@@@@@@B@@B@@@B@@AA@AA@AAA@A@@@AA@@@@@CA@ABA@BB@BA"],["@@@@@@B@@@B@@@@A@@@@A@@@@@A@@B"],["@@BAA@@ABAAB@@ABA@A@AA@@ABA@@B@@ABC@A@@@@@@BBBA@@@@@B@@BAB@@@@@@C@@B@@@AD@@@B@@@@@AB@@@@B@@@@A@@@@B@@B@@@A@@@@B@@A@@@@B@@@@A@@@@DC@A@@D@@@B@B@"],["@@@AAAA@CBIDEB@@BD@B@@BB@BB@HAD@LE@@@@@AC@AA@A"],["@@@@@AA@@@@@@BA@A@@B@@D@B@@A"],["@@@GBE@E@EDAHCF@HBDB@@BAAACCECKAAA@A@AHCDACAECE@C@CBEDCDE@GAEAEGGECCCICG@ACEC@G@M@AFAFAD@D@FADCBE@K@G@@@@ABA@A@A@A@ABA@AA@EC@AA@@@@B@@A@@@@@@@A@CBA@CBA@@@C@A@A@@BABB@@BDD@@EDGBA@@B@BCFED@BBBB@ABABAB@@ABAA@@A@B@@AAA@A@@A@@@AFBB@@@@AA@A@@AA@A@A@@C@@AA@EA@B@BB@@BA@@@@@@BA@@BB@@@@B@@DB@AB@@@B@AD@@FD@@@@B@@@DB@A@@@BBB@A@B@@@@A@@@QF@@@B@@@B@@A@@@@@@A@@A@A@@BA@@A@@@@B@@A@@@@@@@@@@AA@@A@@@AB@A@@@@@AA@B@@@@@@A@@MB@@AB@@A@@@BBA@CB@A@B@@@@CFB@@@ABBBB@@@@@B@@@@@@@@@B@@@B@AAB@@@@@B@@@B@BC@@B@BBA@@@@B@@@@BB@ABADBADC@@AA@@@@@AB@@@@@@BB@BB@@BA@AD@D@D@B@@@@ABB@B@B@D@BAFC@@@@@@@BA@N@@A@A@@@@@BBB@@@@B@@@DA@BB@BB@@BABB@@AB@@ABBB@AB@DBB@BBBB@@DB@B@B@BB@B@@BBAB@@@BA@@B@AA@@@AB@@@B@@@B@@BB@@@@@@AAA@B@A@AAA@@@@@@@A@C@AAABAD@@B@@BB@@@BBB@BD@@@@@@D@@@BBABBAB@@@B@@A@@@AA@@@B@@@B@A@BFB@@@@@@@@EB@@B@@B@@@@B@B@D@@@@A@A@@@@@@@@AA@@@@D@@A@@@@DA@FB@@B@@@@@@@BB@B@@AA@@AB@@@@@@@@@B@@AF@AE@@@@CE@@@A@@@@@@E@C@@AAC@@@AB@AAAA@AB@@AAA@@CBA@BABA@@@@@@B@B@ACCA@B@@@@A@@@@@@A@@@@@@@@@@@@@A@@@@@A@AAAB@@@@A@@@ABA@@D@B@@@B@D@BBB@DB@@BBD@DABBBB@BBD@D@D@BBBDBBB@DBD@D@DBDBBBBBB@@@@B@@@@@@@@@@@@B@@@BA@BB@@@@@@@@B@@A@@B@@B@@A@@@@BA@@@@AA@@B@@@@C@@@A@@@B@@@AA@AA@@C@@@@@@@AAA@@@@@@@@AB@@A@@@@@A@B@@BA@A@@@@@@@A@@@@B@@@@@@@@@@@@@@@@BBA@@BA@@@ACCBAB@@BBA@AB@@A@@A@@@AA@A@@A@@@@@@AB@@@@@@@@A@@@@@AA@@@@A@@@@B@@A@BB@@BBA@@B@@@D@@G@@B@B@@AD@B@@@@CB@@BDFBHBDBFFJNDFBF@FDFDHDFBFFDFBDBH@FAFCDC@EBCDADAF@DBDBDBF@D@DEBIBCDCDAFADA@CACA@C@G@CAAEACIOAGAGDIBCB@DCBAD@BBFDD@BA@CECAA@K"]],"encodeOffsets":[[[120638,31686]],[[120810,31682]],[[120814,31681]],[[120836,31659]],[[120672,31676]],[[120611,31666]],[[120849,31660]],[[120671,31669]],[[120624,31655]],[[120621,31650]],[[120626,31649]],[[120588,31632]],[[120627,31645]],[[120632,31644]],[[120593,31625]],[[120595,31625]],[[120858,31608]],[[120864,31611]],[[120875,31590]],[[120583,31592]],[[120601,31657]],[[120731,31678]]]}}],"UTF8Encoding":true}