{"type":"FeatureCollection","features":[{"type":"Feature","id":"340202","properties":{"name":"镜湖区","cp":[118.376343,31.32559],"childNum":2},"geometry":{"type":"MultiPolygon","coordinates":[["@@@AACAE@AAACC@C@A@A@@EACAEC@@A@A@@@AAC@C@ABA@AAA@C@ABA@A@CAC@C@AAAAADEDABCDAFCBADED@BAB@B@@@B@@@@AB@@@B@D@BBD@B@@@BAB@B@B@DB@@BB@@@@B@@@B@@@@@B@@D@D@FAPEDAB@B@BA@A@@@A@AAA@ABA@@BAHAFAPADAD@FBDBFB@@D@B@@A@A"],["@@C@CACCAEAAAAC@E@A@C@EAICIEEAA@A@IDWJIFABC@C@G@G@CBAFCLCJ@FAFAL@@@@@B@LCN@FAH@BEPEP@BT@LA@@J@@@B@P@@@NGPKNOD[HCFCH@H@B@JBB@BAAC@CAAECCCCACA@A@@@@@@@E@C@CBCBAB@B@D@LDJBF@@@BCBG"]],"encodeOffsets":[[[121326,32064]],[[121267,32081]]]}}],"UTF8Encoding":true}