{"type":"FeatureCollection","features":[{"type":"Feature","id":"340121","properties":{"name":"长丰县","cp":[117.164699,32.478548],"childNum":1},"geometry":{"type":"Polygon","coordinates":["@@@@BGBCBCBCFGDCDC@C@E@EAAA[BUBMCC@CBAFEDEBABA@@B@B@DAB@D@H@F@D@D@D@FAB@FAB@FAFAFADABAD@JEDAD@PIDAFADA@AB@B@D@J@FBFDFDJFDBD@DAFCFCDCDCJAF@DBF@HDHBFDHBHDHDFBHBFBHDFBDDDBFDFBDDDFFJHFDBFAHCBCDCDCFA@AACEEEEEECAEECECEEGAGCGACAC@E@C@E@C@GBEAE@CAGAECEACCAEACCGAECCCCCACHCHAF@HBF@FBHBFBFBFBFCDEFCBCFEDAJCFAFAF@HAF@HAFAH@JCBGDM@I@G@GECIAMAGCEECECGEGGGEICIACAGACCECGCEACACAE@CBCDEBCDCDEBEBECGAECCACCCCACACACAIACAEAC@IAGAC@EACBGEEACCCACCCCACCECC@CAEAE@CBCAE@CBE@GBGBC@EDC@CDEFCJAD@HADEBCBCDCDCBCD@D@F@D@F@F@DCAECCCCCCCCCAEAECEAEAEAEAEACCCA@CDEDCDE@EACCCE@CAE@GAEAC@I@EAG@@EBEAEAECEACAC@GBEDAFADAF@DBH@D@D@FCDCBE@ECEECGEGACAEACCCEAEBCDG@CDCDCDABCBCDADAJ@F@FBJBFBF@F@DBF@D@F@FABCFCDAFEDCFE@C@EEAIAC@ECCAAEAC@E@E@EAE@EDEFEDCFEDABEEKEQ@EDE@C@ABO@C@AA@AAC@CAIAGACCA@@A@A@CDCBE@C@C@CCACAEBGAC@A@CA@AAE@@BA@ABCB@@A@CAA@AA@CECCC@A@GB@@ABABCHEHEBMFEBCBG@E@E@E@K@IAC@EAEAA@A@A@@H@JAF@BABCDEFA@CBABE@CACAAAKAAAC@AAC@GB@@C@AACCESEQCAABABCBA@ABC@ABAB@B@FABCBC@ABGACAGAEAKCCAMAC@AAACCCACAAAAC@CBAB@BADBF@DBDAD@BAFCBEFCDEBAD@BCBABCBABAA@@@AA@@A@AA@CCGECAEA@@AA@@A@C@A@E@C@A@@@CBABA@ABC@ABA@EBC@AB@@@@AB@@ABAB@@A@EBCBCB@@A@@@A@A@@@A@@BA@AB@@A@@@A@CBAB@@A@@B@@A@ABA@ABA@A@@@AAAA@@@AA@@@@A@A@AACAA@@A@C@A@@@A@CB@@CBA@A@@@A@A@@@C@@@A@@@ABAB@@A@ABA@@@ABA@AB@@A@@@A@@BA@@B@DDHDH@BDHBD@D@F@B@@CBA@C@E@C@CFGFGBM@A@@BCFEFEBEDEDEBDDBDFHDHBFDDBFBFDFBFBH@D@DBD@H@FCFCDCDEBCDEBEDCDCDABAFAD@DAFAD@F@DAD@D@DAFAFADAHADAFEFCFGDC@E@GBCBGDCBAFADCDADAFADAH@FADCH@FAB@FBFBFFBF@F@HAF@F@F@HBD@HDDBDBDDDBBDDHFF@F@D@D@FADBD[NMJAP@D@DFFDFFDDBH@FADBD@F@D@F@F@D@H@FBHBFDDBHFBDFDBDBBDF@DBFBJ@DBHDDDHBD@D@DAHAHADCDCFGDEACAECCACCECC@E@CDAFAHAD@FAF@DBF@DDFBDDDDDDDBH@BBF@DHDFFFHDFADEBEBCAECG@AFCDADCFDDFBBF@J@JBH@JBFBHAF@J@FABA@A@OCUAKBIBQDFF@HBJAF@@@B@@BB@@BD@@@@@@B@@@B@@@B@@BB@B@B@BBB@@BBBB@BBBBD@@BB@BBDB@@HBB@D@B@B@@@DBB@@@B@@@BB@DB@@B@B@@@B@@BB@@BA@@BDBBBB@B@DB@@BBB@DA@BBABB@@B@@BB@@AB@@AD@BB@@B@@B@BBDB@D@@BBB@BFBBB@BB@@BDB@BDBB@@BBBBBDDB@BDFBDBFA@@BA@@F@B@B@@A@@@@B@D@B@D@DDDBDBDDBBD@F@HBBBDDB@HBJADCDEBBJBDBBDBHFB@@@@@@BB@@@@@@@@B@@@BB@B@B@B@@@B@B@B@B@BBBB@A@@BA@@BAD@B@@@BB@@B@@A@@BA@@B@@@@@DB@B@@B@B@BADA@AB@FGB@@CB@@@BBB@DBDBB@DABBB@B@@@DCB@B@B@@@B@B@BA@@@@@AB@@@B@@@@@B@@@@AB@@@@@BB@@B@@BB@@AB@@@@@@B@@DBDBBBFD@@BB@@@BB@BF@@DD@@@@@BB@BBB@D@@@FAB@B@B@B@@@BB@@B@H@DBH@@ED@F@B@`@"],"encodeOffsets":[[120014,33315]]}}],"UTF8Encoding":true}