{"type":"FeatureCollection","features":[{"type":"Feature","id":"341225","properties":{"name":"阜南县","cp":[115.590534,32.638102],"childNum":2},"geometry":{"type":"MultiPolygon","coordinates":[["@@@A@@@@@@AC@DA@DB"],["@@H@F@FBD@HDF@BBFBJBHBFF@DDFFDDBHADAH@DCDEBADCFAFAFDBBBDFBBDBJBD@DDHBFBDDDBDDF@DBDFDDDHAFCDADCFADCH@H@J@F@BBB@DA@@B@B@@@BA@@B@@@@@BAB@@@B@@@B@@@B@@@B@@@B@@@B@@@B@@@B@@AB@@BB@@@B@D@@@B@@@B@@@B@B@@@@@@@BB@@B@DB@@@@B@@@B@@@@@B@@@@@@@@@BB@@BAB@@B@@@@B@@A@@B@@@@B@@@@@@@@B@@@BB@@@@B@@@@@@@@B@@@@@@B@@@@BB@@@@@B@@@@@BEECCAGECCEEAACEACACCE@EDCDCFAHBH@D@HAFADGDCBEACDCDIDGFCDAH@FADBFBH@DAFADAFAHADEDCFCBCDABEBCBEBC@@D@B@B@B@BABABEDCBCB@B@B@@AB@B@FA@@B@@ADABAD@DAB@BAB@BABADA@ABA@A@@@@BAD@BBB@@@BA@@@@@@B@@@DBB@@@DABABBJ@@@B@@@BB@@@@B@B@@@B@@@@@BA@@@@@@B@@@@@BAB@BAB@@@@@@@@@@@@@@A@@@@B@@A@@@@@@B@@@@@@@B@@@@@@@@@@@@A@@B@@@@@@@@@@@@@B@@@@@@@@@@@@@@@@@@@@@@@@@@@@@@@@@B@@@@@@@@@@@@@@@@@@@@@@@@@@@@@@@@AA@@@@A@@@@B@B@@@BA@AB@@@@@A@@A@@B@@@@AB@@@@A@@@@@A@@B@@@@ABB@@B@@@@AB@BA@@@@@@BA@A@CBGBGBE@A@AB@@@B@DBDBB@F@DBB@DH@FBBDBF@D@FAHCFAHADAFADBDBHBDBF@HAFCHCBADCFCD@DAFAH@F@FBBA@ABAFAJCNE@@LALCN@F@NBF@J@TBBA@@ACHA@BB@@BD@@DBA@DDABB@@BADG@C@G@A@EFCFCFCFCDCDEBCBE@C@C@EBGAECECE@E@E@G@EAE@EBEDGBADCFEFEFADCBC@CAECCEGACCECCAAAECAAEECCECCCEACCEACACCCACCG@CDCFCFCFAHCD@F@DAFAFAFAPESS_gQG@@C@CDGHIFGBK@A@C@GBEAA@A@EAAEAECEGKCA[cGGCCSEKEIGAEAG@ODU@A@ACAE@MDGBC@GKAACCIEECCAECEESWECAAECC@A@AB@@BBBDFJBB@DBD@FAFAHGJADKLEFCBCAAA@I@MAEACCCACCCCAAAC@CAEAC@CAA@CAA@A@ABCBEBEBKFOFEBEDIHCBCBCBA@EAGGCAAC@E@C@CFEDCFCBA@ABAAAAAAACAG@I@Q@EAA@AA@ABCDEDEBEBC@@@ABA@C@C@AAA@CAC@AAAAAACAA@AAAAA@A@A@A@AAC@E@AAA@EAA@ACCACACA@@AC@AAC@C@A@A@AB@@AB@B@B@@@B@BBD@D@B@B@D@BBF@B@B@B@B@@ABA@A@AACGCEEEACECOIMGAAAAA@A@@BABCFADCDIFEFCD@F@BCBC@OEA@GAKEKGQMECACCAAA@@A@ABC@EDCBEBAB@D@BBBB@B@D@BADAD@DBDBDBBBBDBF@BABC@IBMBC@C@C@A@CBEJENABEDA@C@E@C@G@CDAB@DBF@BABA@EBGBAB@BABBHABCFAFADBDBADF@@AA@B@AA@@AA@BBA@@@CAAHCHENADCHCHABA@EDCBABAB@B@BBD@B@BA@CAA@AB@@AB@BFF@B@@@BABA@C@EAA@ABAB@B@BBD@D@BABCBC@AACAC@E@ABEBGDIDGDEDCBEBCBAB@B@@@B@BD@DB@BBBBD@D@BADABABA@A@A@AA@AAA@@A@A@@B@D@B@@CF@@A@A@CACAA@C@EDA@ABC@AAAA@CA@AAC@A@AB@BBB@BBF@BBDBD@B@B@B@F@D@BAD@@@F@B@BA@CDC@A@A@CAAAACAAEAC@A@@AAEACA@A@A@@@@B@BBD@@ABA@A@C@IAQAQCQCE@IAGAMAIAA@A@@@ABCBA@ABA@@@A@A@@@@A@@DE@ABABA@A@@@AA@@AA@E@AAC@C@EAA@@@A@A@C@A@ABABCBGJA@AB@B@@@B@@BB@@BBBB@BBB@BB@@@@@B@@@FA@@B@@@FBB@@BB@@@@B@@A@@@C@A@ABE@CBC@AB@@A@@B@B@@@BB@B@FDDDBD@B@@@BADCBABA@A@@AAC@CAAAAC@AAABA@AD@B@D@DAB@BE@GBA@A@@@@@GNAJBLJPNVJTHRDBL@JBD@DBDLBDBB@BADCHABCFAFADAFADAD@FAFCH@DBHDDDBJBF@FCFAHADAHCHEJEFGBED@FAF@FAFAHAF@H@D@H@FAF@HAD@F@F@H@FAD@FAD@JAFCD@FAFAF@D@FADAFADAH@DAFCDAFADAD@JCADBHADBFAD@D@DADCDEDABGDAFAD@J@DBHBDDDDDDDFBDBHFBDBDFFDDDDDBBFFDDDDBDDHLDDFFDDDDFFDBFHDBBHCBCDCFCDAFADAFAD@FAD@D@HBDBF@D@D@H@D@DBF@FADBFAD@FCHAFGDEBCDEBCDEBEBAD@DAH@DADAHCDEFCFEBCL"]],"encodeOffsets":[[[118283,33249]],[[118229,33655]]]}}],"UTF8Encoding":true}