{"type":"FeatureCollection","features":[{"type":"Feature","id":"340504","properties":{"name":"雨山区","cp":[118.493104,31.685912],"childNum":1},"geometry":{"type":"Polygon","coordinates":["@@@@F@DBB@ACB@@@BA@@B@BB@@BB@@B@BABC@@FB@@@B@@@BB@@@BB@@B@BCB@DBB@B@A@@B@BA@A@CBAB@B@@@@B@@B@@@B@@BB@@@@@@B@B@BA@@BBB@@B@BB@DBD@BABABA@@B@D@@@FAAA@A@A@@BA@@@A@@@@@A@@A@@AB@BAD@DB@BFBB@BABBBA@A@@B@@A@AB@BBB@B@B@A@@@DAB@B@@AB@B@@@@B@@AB@@B@BABB@@BBAB@BBD@@@BBBF@@@B@@@AB@@BBAB@@@B@B@@D@B@B@D@@ABAB@@@@B@@BBB@BBAB@@@@DBBB@@B@BB@F@BB@@B@B@@BBABBB@@B@@@BH@@B@B@D@@B@B@@A@@BD@DBB@@A@@@@B@@@@@B@@BB@@AB@@A@@@ABAB@@BFA@A@A@@@A@A@@@A@@B@B@@@BB@@BC@@AA@A@@@ABA@@@A@ADA@@B@B@@B@@DBBBD@@@CA@A@@@A@@BCBAB@@@@A@A@ABA@@@A@@A@@A@@@A@@@@@A@@A@@A@@@@AA@@@@@A@@B@@A@@@@@@BA@@@AB@@@@AB@@@@A@@@@BA@@@@@A@@@@@A@@B@@AA@@@@@@@@A@@@@@@@A@@@@@@@A@@@@AA@@@A@@@@AA@@@A@@@@@AA@@@@A@@@AA@@@@A@@@@@A@@@A@@@A@@B@@A@@@@B@@@B@@@B@@@@C@A@ADE@A@@AA@@@A@A@A@@@@@AAA@AA@@@A@ABA@A@@AC@C@EIAACAAAC@CBA@CAC@ABA@AAA@C@@@ADA@AA@@@@@A@A@@AAA@@@ABA@AA@CA@@A@A@EACAAG@EAAACA@@@@@AA@AACAA@ABA@@@A@@@AB@A@@AB@BJ@@@@@B@DBBBA@ABA@C@@@AB@BCB@B@BCDED@AAA@AAI@A@A@@@A@@F@B@BCBCBCFQ@A@A@@@@@AA@CE@@A@ABAA@@@@BA@A@@@A@@A@AAAA@AA@AAC@CAAAA@@@@BABCAA@@@AA@A@AC@A@A@EAAA@AC@@AA@@@A@@B@@CD@@EGAAACA@AAC@@B@BCBGFCDABA@@@@@AA@@GCAAQGAAA@CBA@A@EB@@@DB@B@BB@B@@@B@@BDBBB@BBBDA@@B@D@@@B@@GHA@A@C@A@A@CAAA@AA@@A@@@A@@@A@@A@@B@@@@A@@@C@CBABCBAD@BDDFBBB@D@D@BABA@@ACAC@C@A@CAEAGBK@ECKOCGCAA@CD@PDZARCTK^MRIfEL@XBJADABADH@L@LAF@DBDBBD@F@L@FBBJ@HALCPKFAHCHIFIDG@GACCC@EBAH@@@B@B@D@@C@A@@@A@A@@@@@C@@@@@@@@@@FBD@@@DAFBD@D@@@@@@@@@@@DBB@@@B@"],"encodeOffsets":[[121373,32429]]}}],"UTF8Encoding":true}