{"type":"FeatureCollection","features":[{"type":"Feature","id":"341525","properties":{"name":"霍山县","cp":[116.333078,31.402456],"childNum":1},"geometry":{"type":"Polygon","coordinates":["@@FCHEFGFEBC@AAA@CDEFKHKFIBIFAHAHADG@EHKHDFDDEAEAEAG@C@GBGAEGAGBEDCBIICEEI@EFKHGFCJENGJ@JAHGDGBG@EDIBI@CDG@E@ABCBGDGDEBA@C@A@ABGBABCBA@C@@AA@@ADABA@ABA@A@A@AA@@@@A@AAA@CBKBABCB@@ABAAA@@A@AAG@EAC@ACEAAAGCC@CBE@A@ABABC@ABABA@AF@FAB@B@B@BBFBHFB@DBFDHBD@BBD@DA@@BAB@D@BABIDG@GACAICGCECGCGAKAG@IEM@KDOBKCGGGKCI@IAOCGCEICG@EAICGGEGCECCE@GDIFIFIBGAECGCGEEEECE@I@EAGEEEGGEECI@G@A@ABADAD@DABADA@AAACACCQCGCAAFAFCFCDEHGFGHCFCBA@C@C@I@E@AAC@A@AAABC@IF@@G@I@A@MHIFGBCBA@@@EECCAACAA@AAGA@@AC@A@C@A@C@CAAAAAAAAAACAAAAACAA@EAAACBC@C@A@IAGCGECAAA@AAC@A@A@@BEAA@AAACGEC@A@@GA@@BAAAA@A@@@C@AABABAAAC@C@A@@@@@@A@AAAEAAAAAABC@@A@ABACAAAA@C@@A@A@@@CI@@@A@BA@AAA@@ACAA@@@E@@@CACCCACAAQGQESKEEGEICGCIAIAI@E@MBIDIHELAD@DBDBFAHCHEFEFEDGDKDE@QEOCOCKCECEAA@CACDEBEBCBCBCDCBA@AACAAACAC@AA@@BE@A@CAAAAGEGCMEOEGCIMEGMSACBI@GEG@GAIAM@IMBCAUAKCE@EBCBCBAFAHAJ@HCJEBGAK@IHIFGDE@E@EDKBGBKCSEEBC@CHBFBF@HBH@JAFCFGBIDIDMLIHGH@BAAE@@@@AA@@A@@@@A@@@@@AB@@@@@@@@@B@@A@@@@@@B@@@@AB@@@@@@AB@@ABABABABA@ABADAFCDEH@JAH@H@LLAHFJFJHHDLBF@JCLALDPJTNHHAFEDEDGFAJBHBLBJDRDJDLFFHJFDJFHDHBF@FFBDDDHDHDHBHBH@J@NBFDBFAFGDEHEHBFDFFHNJJH@H@DBJFDDFJFJBJBJFHFJFFHJFLHFHFFDNDHCLCDGDGBGDAHBLFXBH@H@H@H@FCJCFEFEHAF@NBFBJBLCDIFUXCH@HBFFHDFHJLJPHNHLJNFLDJDHBH@HAJAJ@HBHFFFFDHFJDPDRBHOHQJILEJCLCHALAJBJBJDHBJBJ@J@FAHADDDDFFDDFDFFBBBDBD@H@H@DFDHBH@JAHAFENGLAJ@JAFCDALEFAHAPIDCBADEBABADEBC@AGCEACAA@AAA@ACAA@A@A@AB@B@D@JDBBB@BD@BB@FBDBFBDDDDBD@D@D@D@BADEJADAD@B@JBBBBBHHLFL@L@FGFEDIFED@DAD@FDFBFDDJDJBLBJAJAHCHCHCXUFEHCHAHAJDBFDFDHDFHADCFGDAD@HHFBFBD@B@D@FA@@DABA"],"encodeOffsets":[[119245,32287]]}}],"UTF8Encoding":true}