{"type":"FeatureCollection","features":[{"type":"Feature","id":"341522","properties":{"name":"霍邱县","cp":[116.278875,32.341305],"childNum":1},"geometry":{"type":"Polygon","coordinates":["@@JHh@TCtWRcNifMjCZKDBT_ZBQN[HCbKLih@HQJK^|ZMT`TGZNRWJBDRIhdVJZF^pAr@ZUb}T_rWRIZIPlOZIZBAG@C@CAE@E@EACAE@CACCEBCBCFCFEFAFCBEMOKUDUHSLGTQPgVSDmHUBSIU@IJSBKIIOYQEIIDEZSBOOSPuTMDMBUIcPeTO@CDCDGFG@C@CCACAC@C@EACCCCCAAAA@@@C@CBEBCDABMBC@A@A@AA@A@@DC@AB@BCBA@@@AAA@AAA@ABABAB@BAB@B@B@D@@A@A@@@E@A@@CCA@@@CA@AAACAA@C@C@MBEBEBIDEFABABAACCOGA@@A@A@ADIBA@CBAAA@ACGCCACCCCAA@C@A@C@EBE@KACAA@EACCACACACCAAAA@AA@A@AAA@AA@A@A@CACBEFCBADAD@FABABEDABAB@BBD@DADC@A@C@CAC@E@CAAA@@ACAAA@CAA@AAAA@E@A@AAACACAAAC@ADAB@BABCHAD@D@BA@ABCBE@ABABABAD@D@D@B@@@BABABKFABCAIACAECC@K@AACBC@AB@@@@GBEDEDEDCBGDEDG@EACAECCAGEECCECEACECCECCACAEEEAECC@CAC@ECEEEAAGGEOAOGKEIIEOMCEGGEEGGAAB@@AC@@AA@@A@@@A@@B@B@DB@@BAB@@AA@@AC@@AAA@@A@A@A@@@A@BA@@@ABA@@@AA@@@A@@BAB@@A@A@AC@@A@@@@B@B@@@@CD@@AB@BC@A@@@@A@@@C@@@@A@@@A@@A@A@@CAAAAAA@C@@@AAAA@@@A@@B@B@B@B@@BBBB@BA@C@@@@@ABA@A@AA@@@A@@@A@@B@@@BA@@@A@@@ACA@AA@@@C@A@A@A@@@AC@@AAA@@@@DAB@@@@A@@C@@@AA@@@A@@B@@ABA@@B@B@@@@@@A@@@A@@@@BA@@@@BBBB@@BA@@B@@BD@@@B@@A@@@@A@AAA@@A@@BA@@B@B@@A@@@A@@@@A@ABA@@AA@@A@@@@BA@@BB@A@A@@@@@AB@B@B@BABA@A@@@AAAA@@@ABA@@@@AA@@@@ABA@@@AAA@A@@B@BAB@@@@A@@AAA@@@@ABA@@@A@@@AA@AA@@CB@@A@@@@@@A@@BA@ABCBA@A@@DABA@@A@AAA@AC@@A@AAAA@@A@@AA@@A@@@ABA@@@C@AB@@@@@D@@@BA@@@AA@@@AA@@@A@A@@@ACA@@AA@@@AB@B@B@@@@A@@A@@CA@A@@AA@@A@A@@BA@@B@@@@@BB@B@B@@B@@@@@BA@ABAB@@@@C@C@@AAAA@@@@@A@AB@@@B@B@BB@@@ACCIAGCGACE@EBEBG@K@KHMFGAMEYGQAAEBEFAFEBIAAG@EAEEGYQMCMCMAGCC@AHCDIBGBIBI@MBIBEBEDCH@FBFBDBD@F@DEDGCEAECGAECECGAKAEAIEEAIAE@A@CBABAB@@@BB@AB@@A@@@BBA@@@@BA@@B@@@B@@BBB@@@@@@B@@A@@@B@@BA@A@@B@@@B@@A@@@@@@@@@@B@@@A@@@B@@@@@@@@@@@B@@@@@@@B@@@@@@A@B@@@@@@@@@B@@@@@@@@@@@@BB@A@@@@B@@@@@@@@@@@@@@@@@B@@@@@@@@@@@@@@A@B@AB@@@@B@@@@@@@@@@@@B@@A@@@@@@@@@A@@@@@BB@@@@@@@@@BA@@@@BBA@B@@@@A@@@@@@BBA@BB@@@@@@B@@A@@@@B@@@@@B@@@@BBB@BA@@@@BBA@@@@BI@A@@@@BDDDFFFBDDBFFBBBB@B@B@BFBB@DB@@BB@BB@A@@B@B@@@@A@@B@@@@@@B@@@BB@@@@B@B@B@@@B@BBA@@B@@@@AB@AAB@AA@@B@@A@B@@BA@@@@B@@@BA@@@B@B@@@B@@@B@@@B@@@@@BB@@@@@@@B@@@@@@B@@B@@@@@@B@@@@A@@B@@ABB@BB@ABA@@@B@@@BB@@@@@BA@A@@@@@A@@BA@@@ABBB@@@BB@@@AB@BAB@@@B@@@B@@@@@@B@@BA@@B@@@B@@@@A@A@@BA@@@A@@B@@@BA@AB@@A@@BA@A@A@@@@@@BA@@BA@A@@B@@A@@B@@AB@@@@A@@@@B@@@A@@ABA@@@@@@B@@A@@@@@@BA@A@@@A@@@A@@@A@@BA@@A@@A@@@@@AB@@@@@@ABB@@B@@@B@@@B@@D@@@@@B@@@B@B@@B@@@B@B@@@@@BA@@B@@A@BBB@@@B@BA@@B@@A@@B@@@@@B@B@@A@@@@B@@@B@@BA@@BB@@@@@@@@B@@@B@@A@@B@@@@B@@@BB@A@ABABABA@B@@@B@@BB@@@AB@@@@B@@@@@@B@D@B@B@@@@A@@B@@@BB@BA@@@@B@@@@B@@@DB@@B@AA@@AA@@B@@@@A@AB@@@@BB@B@B@@@@B@@@B@@B@D@D@BADA@@B@AD@@B@BBB@@@@B@@@@@BB@@A@@BB@A@BB@@@@@@BB@@@A@@B@@@@A@@@@@BB@@@@@@B@@A@@BB@A@@@@B@@@B@@@@@@@@B@@@@@B@@B@@B@@A@@B@@@BB@@@B@@@@B@@@@B@@@@@B@@@@@@@@@@A@@BBB@@@@B@@AB@B@B@@ABB@@BA@@B@B@@AB@@@@C@AB@@CBA@A@ADA@ABAB@B@B@BDB@@B@@BB@@@@BB@@@@AB@@ABA@@B@@@B@@@@@B@@A@@B@@@B@@@B@@BB@@@DAB@@B@ABB@BBDBB@@@B@@BB@@BBA@B@A@@@ABA@@BAAAD@@@@@@D@B@@@@@B@@B@@@B@@@@BB@@@@@B@@@@B@@@@@@B@@@@B@@A@@@@@@@A@@@BBA@@B@@@@@@BB@@@A@B@@@@@@@B@@@@@@@@B@B@B@@@@@@ABB@@@@B@@AB@@@@A@BB@BAB@@@B@@@BBB@B@@@@@@B@@@B@@B@@B@@@@@B@@@B@BA@@B@B@@AB@@B@@B@@@B@B@@@B@@@B@@@BB@@@@B@@A@@@@@@BB@B@B@@B@@@B@@@B@B@@@B@@B@@A@@B@@BB@@@B@@B@@@B@@AB@BABB@@@@@B@@@B@B@@A@@@@B@@@@A@@B@@AAABA@A@AB@@@A@@A@A@@@AAABA@A@ABA@ABA@@@A@@BA@@@A@@@@@@@A@@@@@@AA@@@@@@@A@@@@@@@@@@@@@@AA@@BA@@@@@@B@@A@A@@@@@@@A@@A@@@@@@A@@@@@@@A@@AAB@@BB@@@B@@@@BBAAA@@@@@@B@@@@@@B@@B@@@@@@@@BB@@AB@B@@@@A@@@A@@@A@@AA@@BC@A@AAAB@@A@@@ABA@@@A@@@@B@@@@AB@@A@@B@@@BC@@@A@@@C@BBC@@B@@@BB@@B@@@@ABA@@@@@@@@@@@@@@@ABA@@@@@A@@B@@@@@@@@A@@@A@@@A@@@@@@@A@@B@@B@@BB@BBB@@@B@@@DA@@@B@@@BAB@BCB@A@@A@@@A@@@A@@@@@AB@B@@@@@@@@@@@B@@A@@@@BA@@@AB@BA@@@@@@B@@A@@@@@@AB@A@@AAB@@@A@@@@@@@AA@@@@B@A@AA@@@@@A@@@A@@@A@@AA@@A@B@@@AA@@@@@@@@BA@@@@@A@A@@@AAAA@BA@@AA@A@@B@@A@@B@@A@@AA@@@@BA@BBA@@BA@@BA@@@@@AB@@@B@@@@@BA@A@@@@BA@@B@@@B@@@@AB@@A@@@B@AB@BA@@BB@A@@BB@@@A@@@AB@AA@A@@A@@@@@@B@@A@@@AA@@C@@@AA@@@@AA@@@AA@@@@@AA@@AAA@@C@@@EB@@@B@B@@@B@@@@A@@@A@A@ACA@A@A@@@@@A@@@ABA@@B@@AA@@BAA@@A@@@@@A@@@A@@A@@CAAA@C@A@@@AA@@@AA@A@AAEB@B@@@@@B@@A@@B@@@@@B@BA@@B@@@BA@@AA@@A@@AA@@A@A@@BA@@@ABABA@@BBD@@@@@B@@A@@@@B@@B@@BA@E@@B@@@@BB@@@@@@@B@@BB@B@@@@@@A@A@@@@B@@BD@@@@A@@@@@@@A@@@A@AB@@@@A@AB@A@@A@@@@@AA@@@@@A@@BA@@@@A@AC@@@A@@BA@@@A@@@@C@A@A@A@A@AB@B@BBB@B@DBB@B@B@@CDA@ABCB@@AB@B@BAB@@@@A@@@@AA@@B@@AA@@@AA@@AA@A@AB@@AB@AAB@AA@@@@@AA@@@@@@@@AA@B@@AA@@A@@@A@@@@A@@@A@@A@@@A@@@@@@@@@@AB@@@@A@A@@@@@A@@A@E@@@@@@@@AA@@@@@@AAB@@A@@B@@C@A@@@A@@BB@@B@@@@@BA@@@A@@A@@@@A@@@@@BB@@@B@B@@@@BBB@A@@@@BA@B@@B@@@@A@@@@A@@@A@@@@A@@@@B@B@@@BA@@@AA@@@AAB@BB@@B@@A@@@A@A@@BB@@@ABAB@@@@@@@B@@B@@@@BB@@@@@@@@B@@@@@@A@@B@@@@@@B@@@@@@@@B@@@B@@@@A@@@@@A@@@@@AB@@@@@@A@@B@@@AA@@@@B@@@BB@@B@@ABA@@BA@@B@B@@@B@@B@@B@@@@@B@@@@B@BA@@@@@B@@A@@B@@@@BBB@@@@@@@A@@@A@@B@@A@@@@@A@@B@@@@@@@B@@@B@@@@A@@@@@@@BBB@@B@@A@@B@@@@@B@@BB@@@BA@@@A@@@A@@@@A@A@@@@A@AD@@@@@B@@@@@B@@C@@B@@A@@BA@@@BB@@@B@@@@@@@B@B@@B@B@@BA@@@@B@@B@B@B@@@@B@@@@B@B@@B@@A@@B@@@@BAB@@BBBA@AB@B@@BBCB@@@B@@A@@B@B@@B@ABA@@BB@@BBDA@@@A@A@@B@@BB@BBB@B@BB@ABBBFDHBFDFBDFBHDFBD@BADUNADANERAF@@DDDBBB@@BB@D@D@H@B@@BDBFBBBD@BBD@FBD@FBD@F@BBD@B@B@DABAB@B@DBFBF@BBB@BBD@B@BADABABITEHCBGFCH@F@L@FGNMd@H@ND`HTDFBB@FADILEFABABBF@JAJADABIBGBAB@BBDFDFDBB@D@BCN@B@DBB@BBDANAN@BEBCDAB@D@DAF@BBF@F@B@B@@AD@F@D@F@D@B@B@BBB@B@N@F@F@B@@@BADCF@BCFAHAB@DADADADAJ@BBD@@@D@BAB@DGFABCBA@A@@@@@@@@B@@@@@@@@@B@@@@@B@@@@BB@B@@@@@B@@A@@B@@@@B@@B@@@@@@@@BA@@@@B@@@BA@@@B@@@@@@@B@BA@@BA@@B@@@@@@B@@B@@B@@@@@@N@JABIDW@A@AB@@AB@@BB@@BBBDDBFDBDBBB@BBFBF@B@@D@D@F@HDJ@BAHADKFA@AB@F@D@BCBC@G@K@GAE@EAEAAAABADBDDFFFFHHDNFLFFDDFBF@J@H@DDBPJPJNFJJLLDBD@D@FCDADBH@DBAB@@RH`hTT"],"encodeOffsets":[[118746,33384]]}}],"UTF8Encoding":true}