{"type":"FeatureCollection","features":[{"type":"Feature","id":"341723","properties":{"name":"青阳县","cp":[117.857395,30.63818],"childNum":1},"geometry":{"type":"Polygon","coordinates":["@@HGDEFCBE@GCEIKKKEGEGEGCE@CFCH@J@LADCFCDIDGFCDAL@HAJALAJ@HAHADAFAHCFCHEDGFEJEFANGLGHCLCHANCHAJEFELIFIFIHEFEFGBGBGAG@KEGGIEIEEEGEICECCEICI@GBEBEMMOIIEGEAGCICICGCGECIAIBIAICIGEEEGEEACECECECIAKCEAG@G@IAGCGEGI@IDIBI@IAGAGACCGCCGGCGCCEGMGGGEICGEMCIAKCKAKBIAMAGAMAGAGAGCI@C@EBIBGFGFCDEHABG@C@KEEEEGECEGCCCE@ICGCECEECAAA@EBGHI@C@GACGAG@I@KDSHKFIBKAKEGEEAKCKAI@EBGBCBK@GAGGGGEGCIGEICMBGBEBGDEBIBGHFLBDBHBFDFDFBFBFBJ@HBJ@J@LBL@NAH@LAFBJBFBHBHFHDHAJ@FAFCFEDIDIFIBQFKFKFABEBAB@BA@@DAB@B@@A@@@A@A@A@ECEAA@A@IBA@AB@@A@@@A@ABA@@BC@CB@@A@ABA@@B@@@B@@A@@@@BA@@@A@@@EJCF@@AB@@@@AA@@AAAAA@BD@BABD@@@@@EFBB@BBDDBB@@@ABC@@@@B@BB@AB@@A@@B@D@@@BCB@B@B@@A@AB@@AD@@CA@@AB@@@BA@@@@BB@A@BBDB@B@B@BA@@BA@ABA@@A@AA@@@@B@B@@EB@@@@AA@AAA@AAA@@EAC@@@@H@@BB@@AB@B@@@BBFA@ABA@@B@@@B@@@B@@@@@@@B@@@B@@@@BBFDB@B@D@@@@@ABCB@DAB@B@B@@@BB@ABAFCB@B@@@BDB@BBB@@BBD@DBHB@@B@BBBBB@FB@@BB@D@B@@@B@@D@B@DBBBBB@@@DBB@@BB@@@@FBHFFDHFDFFHDFDDDDDJDDHJDFFFFFBDBDAHBHBFFHHFHDHDHBHBJAF@JAH@LBLBFDHDFFDFFFDFFFHFDFBHBH@H@@BB@B@B@@BBB@@@BA@@@F@B@B@@@@AB@BB@@BAB@@@@@@@BDB@@@@CDCBAB@B@@@DAB@@ABAB@BEFCBCBABA@ABA@ABC@A@A@A@@A@@@A@@@A@@ABABCBA@@@AB@B@@A@A@@B@@@B@BA@C@C@A@@@A@@@@@@B@BBBB@@@@B@@A@A@A@C@@@@B@@@BBB@BB@B@@@B@@BB@BDDBB@BBB@@B@B@@@@ABC@@BA@@B@@BD@@@@@D@B@@AB@@@BBD@B@DA@AB@@AB@BAD@BBBBFB@AB@B@@@@@B@@@B@@@@@BB@@B@@@@@@B@@@B@@@B@@@@@@@B@@@@B@@@@@@@@B@@@B@@B@@B@@@BBB@B@B@@B@@@AB@B@@@DBHDHDJDLDFDFF@J@FBFFHJFFFJFJFLJFFFBJDHBH@J@JBJBLDHDFDFBFFBDFDDDDFDBHDF@HABAFIDEDCDCBCBCDAFDBDBDBDFFHFFHJJHJ"],"encodeOffsets":[[120812,31585]]}}],"UTF8Encoding":true}