{"type":"FeatureCollection","features":[{"type":"Feature","id":"341203","properties":{"name":"颍东区","cp":[115.858747,32.908861],"childNum":1},"geometry":{"type":"Polygon","coordinates":["@@HAHAJAHAJAHALCNENAJCFEFAJAFCDAFCFAJALAJCBC@EG@AAEEAGFCF@JFHBF@VDHBNCDCBIFIAGES@CFCJ@@GBG@KIIEEBEDCFAH@FAH@H@FAFAD@F@FCH@DAFAFAHALAH@JAJCHAH@HAH@H@FAH@F@@@@@BBB@@@B@@@B@@@@AB@BABAB@DABAB@B@DA@@@A@@@AB@@@B@@@@@BA@AB@@A@A@@AA@@A@@A@@@AA@AA@@AAB@BC@@@@@A@@AA@@@A@@B@@AB@@A@A@A@@@@AA@C@A@@BA@@@@AA@@@AAA@@BAB@B@@ABA@@@@@A@AFEBC@AB@@@ACB@@@BA@A@@BCBADABCJEBAJEBA@A@ABA@ABCBC@CBCBA@@BCBE@C@A@A@AAC@A@AACCC@AAA@IAK@A@@@A@@AA@AAC@CCEAE@EAA@C@A@CBG@A@G@A@C@C@A@A@E@AAAAACCAAAA@@I@C@G@EEEACCECEECEACAEAEAECGAABCBABABE@AAABC@ADCB@BAH@FAD@BCBAAAA@C@AAAAGKCEEEACABIBEDEBC@A@CACCCECAAAC@C@C@C@AB@B@B@DFLHDFDBB@DADABADGLEBGDMHGBC@A@A@CBCBCDCDADCL@BABC@ABEB@BAFDL@F@DCDABGBCBCBC@A@A@AAAABABC@CACA@CAM@G@EAGAEAEACAAAEGAGAAAAE@C@E@EBCBKJGBGDEBE@A@IAKCC@CBCBKFEBEBMBCBABAB@B@BBBHHBB@B@DA@@BC@A@EAKGECC@C@C@CBABAD@HEFCDKDC@E@CACAAAC@CBCBSJEDGFAB@B@D@H@BADCFEFAB@FAFABCBA@G@E@ABCBCFCBEBKDIBKDKBABC@CBA@CD@@@BAF@BAB@@@D@FA@@B@D@@@@DAFC@DCPEF@B@D@@B@@BA@B@@B@@@B@@B@ADAA@BABBDD@FD@@BBDBB@@B@@B@BBB@DBBBBBD@BBDBDBFBFBD@BBDDHJBBDB@DJHBBFHBBFFBDBBBB@@@@@BC@A@A@A@@ACABDC@@BB@@BA@@BF@@DD@@@BB@BB@BB@@@B@@@@@BBABBA@@BB@B@@BA@E@C@A@ABC@A@A@@HE@@D@@A@@@@B@B@B@@B@@BB@@BC@E@@BD@@DB@@@B@@@B@BBB@@B@H@B@HJ\\FBAB@DXB@FAXT@BFCF@BBNGBC@@B@@@@A@@B@@@DD@BABB@DD@@BB@@@C@@HA@CB@@A@A@@D@@@B@@@@@DC@BFA@@BB@@@@@B@@@BFB@@@B@@BD@B@F@@@C@@ABA@@BA@@DCB@BA@@DA@A@@BB@@@DB@@A@@@@@@B@@B@@@F@@@BF@B@D@F@@D@@@B@D@B"],"encodeOffsets":[[118714,33879]]}}],"UTF8Encoding":true}