{"type":"FeatureCollection","features":[{"type":"Feature","id":"341226","properties":{"name":"颍上县","cp":[116.259122,32.637065],"childNum":1},"geometry":{"type":"Polygon","coordinates":["@@@C@CAC@AAC@CAC@ACCAEAAAAAC@E@C@ABA@ABCDCBAD@BAB@DAB@H@D@BAB@FBHBFBDBB@DBB@D@BAHAB@DCBAHCHCBAHEBC@A@C@A@A@AAKAA@AAAAA@CCE@A@A@ADCBAHCB@BA@AA@CAAACCAA@AAA@C@A@C@@@ABABABEDA@ABABA@ABABE@AACAA@E@@ACBA@G@Q@EAEAEAECG@C@CD@@C@@AC@A@CBC@C@ADAB@PCAK@GAC@GACA@E@ABGM@A@ABADC@AAA@AAAB@@AB@D@BAB@BC@@AC@A@ABABABABABADABADCBCDAB@B@B@DBHBD@FATABD@BDBH@LAF@BABA@C@E@AAIBGBABAD@D@FAHAJ@D@BABA@ABA@GBC@C@CBCBCDCBEBCBA@GBE@CBABABAB@B@BAB@@C@A@AAAAAA@A@AA@@BGDC@E@G@ADBF@LA@@JCAA@A@IAKBCLBJ@L@HBF@D@FBPBF@J@F@LCNEF@FADABADCFEBA@CDIBE@CBC@EDIMC]O@@]AOKSMa_JGaKSYAYJkPOYJQJqXS`a~YVq@oBE]IYcUJgCQIAQXYMSHS_YN]{ILGRg@KjaLGDM\\ARYS`CAYLiDeNMjQdsXSDg@IGOFEBEBEBCBE@C@GDEBEDEDCD@DDHBDDDBDBDDFBDDFDDDFFDBFDBBFBBDDDFBDFHDDBF@DADCDEBEFEFCDABCHAF@FBF@F@H@F@FDFDFBFAH@F@D@DAFADCFCDEDEDEDED@F@B@H@DCHAB@BAFCF@DCDCD@DBFFBD@FBHBF@HBH@FBBD@DDFDFBDDFDDDBHAFCDCDAFCB@B@DBBDBFDH@BDJDBDFBBDADAD@LDJBB@F@FAHCHALIDAFAF@D@F@BBBBBHFHBBDBFBFBHBFBH@N@DBB@BD@DADABBBBBB@B@D@DADAHABADC@C@ECKBE@AFABAD@BA@ADKBCDCDCDADAB@B@D@HANGHCFAHKBCBABC@CAAECGCEK@C@A@ABAD@D@D@D@BBDBDFDDDBB@D@FAFCJABABDFFDFHLBBBBD@B@BBABADC@EBG@ABA@CD@BADBB@BAFABABADBBDHBFBFBFBDDFFFFDDDFBFFH@D@J@@@BBBBDDBBBB@B@F@B@B@D@D@B@H@BAH@D@B@DBB@FBFDF@DBD@BBB@@@B@@@BBL@JBB@BDDBD@B@BBD@B@BHCFAFAH@H@F@F@F@F@JBDAF@FADAFC@EBC@E@CDEHAJAFCDABCHCFAHCFAHAD@FAH@FBFBFDHBFBFDFBHBFBHDF@JDJBLDHBHDFDDDDHBBFDFFDDFB@@DFBBBBB@D@B@DAB@TADADABABABABC"],"encodeOffsets":[[119189,33681]]}}],"UTF8Encoding":true}