{"type":"FeatureCollection","features":[{"type":"Feature","id":"341202","properties":{"name":"颍州区","cp":[115.813914,32.891238],"childNum":3},"geometry":{"type":"MultiPolygon","coordinates":[["@@@@@@C@@@D@@@"],["@@@@@@C@EA@B@@@BB@@AB@@@@@@BBA@BB@@@B@@A"],["@@@@AACB@CAB@CC@@AA@@AGBBD@@ABSAI@E@MAE@M@KDKB@@MFIDEBAB@BABEAE@G@EBCBC@EDCDABGDEDGBE@CAGACACAEBCBGBEBGDEBC@E@CAAA@ECGA@CAE@A@CACAA@@@A@@B@BAFAHAH@D@BAB@@@@@@ABA@@B@@A@@@AA@B@@A@@@@B@@@@@B@@A@@B@@A@@@@BB@@@@@A@@BAB@@A@A@@@@@@B@@B@@B@@@@@@@@@@@@@@@@@@@@@@@@@@@@@@A@@@@@@@@@@@@@@@@@@@@@@@@@@@@@@@@@A@@@@@@@@@@@@@A@@@@B@@@@@@@@@@A@@@@@@@A@@@@@@@@BA@@@@@@B@@@@@@@@@@@@A@ABA@AB@@@@A@@@@@@@AB@@@@A@@@A@A@@@@@AA@@A@@@I@AAABCB@@A@CA@@A@@@@@@@AB@@A@AAC@AB@@@@@BAB@BCBABABA@ABA@CBC@ABCB@BA@@@EBA@A@@BA@A@A@ADCDAFABABA@A@A@C@@@ADAFADAFCBADEDCDCFGBEBCBEBCBG@EACAEBG@CBEDCHCJCDBDAFCDCHEBGBC@G@GAEBCDCD@FDFBDBDDFBBFFDDHFDBFDAF@@@@A@@@@@A@@A@@A@@@@@@@@A@@@@@@A@@@@@AA@@A@@@@@@@@@@A@@A@@@@BA@@@@@@AA@AB@@AA@@@@@@@@A@@@@@A@@@A@@@@@CAA@@@AA@@@@@@A@A@@@A@@@A@@@C@A@@@A@@AA@@BA@@@A@@@A@@@A@@@A@@@A@@@A@@@A@@@A@AB@@@@A@@@AB@@A@A@@@CBA@AAE@I@G@G@CDEBCDCBEDGBCCECAC@CCEACCCACAECG@CACAIACEAACAAECEBEBCDABCFCDG@CBGBCAECCE@CEEGAIAEAAAE@GCC@EAE@G@C@EDAB@@BDBBBH@FBFBFBBDDBB@BBFBD@@@BBDFDHH@@BJBDBJBBFHDDBDDBBBDHDDBBHJTZBDFFBDBBBB@BBBDDBB@B@@@B@@@B@@AD@BB@@B@@BB@B@@BB@D@@BB@@@@@B@@BB@B@@@@@B@@BB@@@@@B@@@@@B@@@@B@@B@@A@@@@B@@@@@BB@@B@BB@@B@@@@BBBD@@@@@@A@A@A@A@AB@@AB@@@BBBDBBB@BBBAB@DAB@D@B@@BBBBDFBBDG@ABA@ABAB@DADBB@BA@@B@@ABCBA@A@ABAAC@CA@@ABADAB@DBB@BADA@ABA@CDABAFDB@DBBBBBBD@B@BBB@BD@D@B@FAD@BABC@E@C@CAC@A@ABABADAFCF@B@@BBBAB@@BBBBBBDFBBBBD@BABEBC@A@ABAB@B@BBB@B@BA@@@C@C@@@A@AB@@@BABBJ@D@B@DADAB@BBDD@@B@B@B@BEBCBCDABAB@DBBBDDDB@@BA@@BABA@C@A@ACCACB@BADEDCBA@AAACC@A@A@AB@D@BBBBB@DAD@B@B@DBDBD@BBB@BADA@A@A@@AABA@AB@FCFAB@F@B@D@JBLBRBLB@@@B@BAB@BCB@@@@B@JDB@FBBB@BAB@BBBBBD@B@D@B@BAFAFAB@D@DAD@BABCBA@CB@D@D@FAD@DAPEFADADANCXI\\ILCVIFAB@DAB@DADADAAI@EAE@ABAAEAGB@BCDA@BD@BD@@@@@@D@@J@@@@@@B@F@@@@@@@F@@A@@@@BC@@@@@EJ@B@@@@@@@@@DB@A@@DCB@DAD@BALALCJALCFADADEDABAF@H@B@DABABE@EBAFEDEBC@A@G@C@ABAHEFCTIDADAD@BBDBDBF@D@LCDCFE@GBCBADAD@D@D@FDLHFBB@D@@AB@@C@AAAGGAA@A@ABABADANAFAFALEAACECACI@ACGAEACCAA@A@EDCBCDEDGBCACCCEACCECE@CACEAG@GAE@GAEAC@EAAE@CDCDC@CDEBE@A"]],"encodeOffsets":[[[118286,33778]],[[118286,33769]],[[118708,33548]]]}}],"UTF8Encoding":true}