{"type":"FeatureCollection","features":[{"type":"Feature","id":"341204","properties":{"name":"颍泉区","cp":[115.804525,32.924797],"childNum":1},"geometry":{"type":"Polygon","coordinates":["@@@A@C@A@@@CE@C@A@E@@A@@@E@@@AA@@@@@@@@BA@@C@@AA@@@BCB@@ABA@CD@@AB@@AB@BD@@@E@A@C@@AA@@@A@AE@@A@@@@@A@@AB@AED@@C@@@@@A@@@CB@B@@@DAB@@GD@@@A@@AC@@CAAABC@@C@@@AB@@@@@@AD@HAAM@ADEAES@BW@EWA@CBAEAI[@G@A@G@AA@AAA@@@A@@@A@@CC@@AF@D@@AA@@AA@@@@A@A@A@@B@@@@CF@@GB@B@D@BAB@D@F@B@@AA@A@@AB@AAAB@A@@@@@A@@AAA@@AAA@@C@@CE@@AB@@AA@@AD@ACDB@BB@B@B@D@@A@@@@AAAAACEEAAEGAAIG@CCAAAGICCAAC@EAEACACAAAC@AAAACAA@AAA@@@@AA@CAAA@@ECC@ACBA@ABBBCA@@@@A@@@AA@B@@AA@@@@C@AFEDO@CEDCB@@@@@C@AB@@E@C@@BA@ABECA@@@@@@@@A@I@@F@@@@AD@@@@@BE@@@@@@@E@A@@@@@@@@IC@@@@@@@ACC@@ACBADA@BHBFAB@BBF@FBJCBCBCBA@CBA@EBUJKD[JWJMDCBCBEBOFCBC@EBC@C@A@@DABADABC@CBC@A@EBEBABA@C@A@C@AAAA@ABA@AAAEAA@ICA@@@@@DA@ABA@A@A@@KAQAKAIAC@A@E@A@EBEDA@@BABBB@@@B@BCBABA@AAC@CACAA@A@C@CBA@AAAAC@A@@B@B@BDDBB@BABCDCFABA@BDDD@B@B@DABAB@@AB@@CACCAACAA@ABCBADADAFA@A@A@@@CCAAA@CBCBA@C@I@AAAB@@A@@B@B@@@D@D@@ABA@A@AAA@A@AB@B@BADAFABC@AAAACEAAAAAA@@BAAA@AA@E@EDCBABAB@B@BBD@D@D@FADABC@EBA@C@C@@AAA@A@AACAAAACAA@ECABCB@DAB@BCBABA@CAA@CBAB@BB@@DBDAB@B@BABAD@BA@@@ABA@CACBA@AB@BAB@BCH@@@BABA@A@@DB@@@@@AB@@@@@@@B@BBHDNB@DDBBBB@@BB@BBD@JBBABEDABABCB@@BD@J@D@D@@@F@D@FDJ@BBB@@F@@BBBBBDBBB@@BBBB@@DBDBB@FF@@BBFBDBHBDBFBFBDBHBDBDDFBFBDBDBDDDBBFDD@DDHBD@HDFBHFDFBDBFBF@FBFBH@B@BBBBFFDB@AD@FCBAFEBCB@@C@AA@ECEE@A@A@@@ADCB@P@B@BAB@BCDQBCBCB@B@B@B@BBFHDDFFB@BBB@@AB@BABCBAB@DAB@DAB@FAFCREDCDADCFAJEBA@@FDFBFBDDFDFDD@HHFBFBFFJDFBFDFBDBFDDDDBDBHBB@@DBDADF@B@FBD@B@ABABADCB@B@BBD@BABABCDCB@BBBDBFDHDDBHFF@D@F@D@D@F@D@F@F@HADCBCDCDCDADBHDHBLLTANAFABG@QAIG@MA@@@@@A@ABAB@BA@A@G@@BAB@B@N@H@L@H@BCBAN@B@D@@G@IE@@AAC@EA@AIIA@@@C@KB@L@F@FAB@F@F@F@B@BBD@DAB@@@D@B@@@B@BAD@D@B@@ABADC@@B@J@JAFAFAJAB@"],"encodeOffsets":[[118714,33879]]}}],"UTF8Encoding":true}