{"type":"FeatureCollection","features":[{"type":"Feature","id":"340207","properties":{"name":"鸠江区","cp":[118.400174,31.362716],"childNum":1},"geometry":{"type":"Polygon","coordinates":["@@VcNQRIRCHCBEFS@ABCBENEHEBIAMEICBCBA@@@@A@@@A@A@@BA@@@ABEBC@CBC@CBC@CBC@A@AB@@ABCBABCBCBCB@BEBE@CBEBEBCBC@A@AB@@C@C@C@@@A@ABC@A@A@AFDLFHDH@FAHEDCJCJ@J@@HFHFHHDLBL@J@FCBCN@DAB@@A@C@G@AAC@A@IAG@CBABCDAFCBALEDCBADABAB@BAAC@C@ABAFAD@FABCBEBCBCBABAAAACEGCC@AAC@ABCDCFCBC@ACE@A@CDCDCBCDADABC@C@CBCBAB@B@DAB@BA@A@A@ABC@ABA@A@AA@CBE@IBKBMBGBC@EBEDCBC@@@A@AACCAA@AA@@BA@@B@B@B@B@DAB@@C@E@EAEBUBQBKDIBCBCDAB@B@BA@C@@@EACAEAC@CBOBEBGBAB@@AB@BBB@B@B@@@BABA@A@CBOFEBC@C@@@CBC@G@@@AHAD@@E@IAKCC@A@A@ABAD@D@D@F@@@@@@@BDBDBDDFDBB@DBDABA@IAA@G@G@EDGDC\\MPOLMH@@O@A@@@I@@@KBS@@AFOFO@AIAE@KCEJC@@@EABCDGMBI@O@BH@B@@AKCQ\\ABFT@BBADLDVF@EDM@K@A@@@@BKBE@EDIDKBE@CDGAE@C@E@A@GGGEECCGCECGAC@EAG@@@OBM@EDGBGBGBI@K@I@EAG@I@GAQCKCC@IAGAUGOCKAGCIAICKCIEGAKCKGKGIEIEKGKIMIKE[[MISGE@SGMAMCGEACIIGECGEEEEGCKEGCKAIAG@GAMCKAIGCD@D@R@FBH@JBLBFBLBHBFDFBFBFDHOFA@@@EBIBABCB@DEBACA@BFDHBFBFDD@DDDBBDD@HDFDFDFDDABBDABDDDADBBDFDDDBDB@FFD@HD@@LBDBJBHBBDDBBB@DBB@B@BB@FAB@DBD@B@BBBBBBBBBBB@@BBBD@BBB@BBD@D@D@B@D@D@D@@BB@@@@B@@B@BBB@B@@B@@B@DBB@B@B@B@D@BAB@D@D@B@B@D@D@D@@@BA@A@AF@@DADB@ABDB@BBBAFBFBD@DBB@CJBFFBB@FD@@B@B@BCD@BCBEBAAKD@BBB@BC@@BB@@BB@BRA@@HBB@J@B@BABG@CAG@@JAB@FB@@BBFDHGD@F@H@FDHMF@PAL@@@BBBBBB@B@BCDCFCD@D@BBFDHDFDFBDBB@BA@@@C@A@AB@@@BABA@@@A@E@C@CBKDCBA@C@CAA@EBA@C@E@C@A@CD@BAD@BBJ@B@BCF@B@D@BBD@B@@@BA@@BBBB@NJDBBDDB@BB@@AB@@@@@@AA@@A@@B@@@BA@@BAB@@@@@@@@B@B@@@B@@@@B@@@BADAB@@@@@@D@@@@@@@@AB@@@@@B@B@@@@B@@@@@@B@@@@@BC@EBAB@@@BAD@BADAB@D@H@BADADGJ@BCN@N@DBBDBDDBABAD@H@HBFBFDDBJLDBDDLFLFD@DBDAF@NCFADA@ABCBA@ABA@ABAB@HBD@B@F@DAD@B@D@D@DBJBHBB@D@HDPF@CBA@CB@@@DB@@@ABA@A@@@ABA@@B@BA@@@AB@@@@AB@@B@@@@B@@@BA@@@@@A@@@@@@@AB@B@@@@@@@@@@A@@@@@@@@@@@@@@B@@@@@@@@A@@@@@A@@B@@B@@@@@@@@B@@@@@@A@@@@B@@@B@B@BA@@BA@@@A@@@@BA@@@AA@@@A@A@@AA@@@@AB@@AB@B@@@@B@@B@@@B@B@@@@@@@DCFCBAD@HADADCDABADADAD@B@B@D@D@@@B@BB@B@B@BAF@B@FBAB@B@@@@BB@BA@@BA@@BC@@@A@@@@@A@@AAA@@@A@@AB@@@B@@A@A@@BA@ABA@@FCBAB@B@@CBADC@ABAACAAAEAEAEAKAM@E@IBGBG@CF@F@F@FBFBDDHFFFDHFFFJHNDLBFDHBFDJBFDJFJDJDHDJDLBHDH"],"encodeOffsets":[[121218,32290]]}}],"UTF8Encoding":true}