{"type":"FeatureCollection","features":[{"type":"Feature","id":"341003","properties":{"name":"黄山区","cp":[118.136639,30.294517],"childNum":1},"geometry":{"type":"Polygon","coordinates":["@@CA@ABA@A@AA@AA@@BC@@CEAC@@@ABABA@@BBB@B@BABAB@DC@A@@AAAECG@@A@@C@@AAFG@C@C@C@@@A@ABABEBCBAB@D@BA@@@I@@@ABAAC@CCAC@ABA@C@AAAA@AACAAAAA@AAA@BAB@@C@@@@DAD@DBBADADABAD@BA@ABABBB@D@J@@@AAECEEGCIAM@KAICGEGEGEIECGCG@CAI@GBEBIBEFEF@JCHCFADGBG@E@EBIAI@IBIJGJ@JALCHGHGDEFEFGDAJEFCFGBEDIDIBI@KDOHOLI@C@EAA@CACGEICMCMGKEOGGGCCEGAAA@AA@AAAAA@@AA@C@@A@@ACECAAAAB@@A@A@EBABCBA@A@@AC@A@A@@@CBABA@A@E@A@A@AA@@@B@BE@ABA@ABAB@@G@A@EDA@AA@@I@A@A@@AA@@ACA@A@AAAAA@AA@CCAA@C@@A@C@@@AAA@A@CBABA@@@CAC@@@AAC@A@A@AAAA@@AAA@@@ABCB@BA@@BA@@AC@@@@A@A@C@A@EBA@@@@E@A@AC@ABEB@AA@ADEBCBCB@@A@A@@@C@@@ADEBABE@AAA@CAAC@EAA@A@A@A@CAA@@@@@@@@ABA@@AAAAAAC@AC@A@ADAAEEEAC@C@A@C@@@AA@@BCB@BA@A@@@AAAACDABA@C@A@C@ABAB@@@A@@A@A@A@C@A@C@A@@@A@@DBD@D@B@B@@@BB@BB@@@DB@@@BB@@@DA@@BBBA@ABCBAAC@AA@@CBKFC@@A@A@A@A@ACC@CAACCACAAAAAAA@C@@@@@@C@A@ADCBA@EBEAA@AC@A@E@A@CBCBABAB@BCB@BABAB@@@BICEA@@C@@@A@@BA@A@@AABAAABC@@@C@@BAB@BAB@B@BA@@BBLCNCL@FCFCHEJCRGJCPCRCJADCHG@MAOAMEKIICO@ACCA@@AB@@A@@DAB@@BB@DADA@@BAD@@BB@DBB@BA@AAA@AA@@A@AA@@C@AA@@AA@@AAAA@@@A@@@A@@A@@@@@AA@@A@@A@@AA@@@A@A@ABA@AB@A@@AA@A@@@ABA@A@ADCBA@CBA@A@CCG@G@AAA@A@A@A@C@A@@@A@KCGAIECAEEEEEGAEIEG@CFCLALANBLALALAJCHKLGNEJEHEHIJGNCL@J@JBJ@JCL@DEHCBEBGAGCKEKEICCCCC@EBGAGBIDKBG@IBEAEAEAC@EACAEECK@GFCDGHKHEHEH@LDNDN@DBJFLBHDHBHCJ@F@FCHALDHBHDJFJ@JEFKBEBMFGBGBIBEDCHALBJLLLJHJFFHDNDLBFBJBF@L@F@FBLDFBBBEHAH@H@FAHAFDDH@LAH@H@FDFDBB@BGFCH@DBBLBBB@BDDDD@@@BBB@BB@B@D@H@B@B@@B@B@B@@@B@@@B@@F@@@@B@BEBCB@@CD@BB@@@B@B@D@@@@@@@BDBBF@@BBB@@B@DABA@@BB@@ABA@BDAB@@AB@BABABA@@B@@ENADEHGDOPDBFFFDHDJDF@DDHDDFHFFFFF@L@DAHGBCFEDEHAHAJ@F@DDJBHBHBHBNBHBNAJBLDLBLDJFNDHFJHHNHFABCJGDGJEL@P@RBRBXALANBNDJDFFFDJDJFNDLBPBLALAPERETIFKQKCIAIGEIGGKEIBEBGJK@GAIAI@GBEA@@A@A@AB@BADAB@DAJCDAD@D@DFFFBBBAH@B@B@BBDDDDB@D@H@HAFBB@BDBDBBBDBF@B@B@@BBJDB@D@BAJ@B@D@B@BB@@@D@@@B@@@@A@@A@@ABA@@@A@@@AB@@AA@@@BA@@@@@A@@@@@@@AB@@@@@@A@A@A@CA@BBB@@@@A@BD@BBDBBB@JBBBDBDDDF@FBF@@@@B@B@B@@@AG@E@AAA@A@@@@B@DD@@HC@@DDDDB@D@BBB@JABB@@BB@BBA@@DA@@B@BC@@@A@C@ABC@ABALEB@@AD@BA@@BA@AB@BC@A@AFA@ABA@AAA@@@C@@CA@AA@AAC@A@A@A@G@CAA@@@@@@E@ADABCBA@AAA@ABABABAB@B@@A@AAAAC@AB@@CACBABCFCBAFCFCFCDCBAD@D@B@B@BAFEDA@AAAAA@A@AD@HBB@B@@A@@@@@A@@CC@@EC@@BAD@BA@A@AAA@AB@BAB@D@B@BBB@@@BA@@BCB@B@@@DBB@HBJDBABA@ABA@A@@@C@AB@BAB@DADCB@D@B@BDB@BB@@@@D@DAB@B@"],"encodeOffsets":[[121140,31100]]}}],"UTF8Encoding":true}