{"type":"FeatureCollection","features":[{"type":"Feature","id":"341023","properties":{"name":"黟县","cp":[117.942911,29.923812],"childNum":1},"geometry":{"type":"Polygon","coordinates":["@@BKDG@E@EDIAGCGAGEKAI@CCMCM@KFGFGLGHGDCHEL@FDBFBD@FBDBFBFAF@JAHCLAJBHAH@FDDDDJDLFLFHDHBFADAFG@CDK@IAI@I@IDKHMJIFGFGFIHMLKDGBIBKBKAKBMBKDKDEH@JFBFFHFFFFDBJFHBLDB@@@B@D@B@B@B@B@BBH@H@DDB@B@DAB@DABCB@B@BA@@B@B@@BB@A@@BAB@B@B@B@@BB@@@BB@@@BB@@@@B@@@@B@@@B@@BBBB@@BB@@BBD@@@BBB@@@BBB@BBB@@AAA@CAA@@BC@AB@BC@CAA@@BA@CB@@@BA@@DBBDP@JDLJNFPBNBH@DGBCDIDQDOHIDQFIDGDE@EEIGKGIIGICCEIEGGIGKGIIECCEEECECGBEFIFEFEDGBG@GAK@I@GAKBE@GBMFKBGBGCEEEGGGGEEIICEEGCEGBMDQFMBIDC@@CDI@[EE@@BEBCBEBA@ABEBCBCBCDAAGCC@ABCBCDCDAAAAAACEACACAG@C@AAECIAI@IBGBE@GBCCGGCGCEAEEEC@IDQCIAGAI@G@G@GBIDGHCFCH@JAFDJBDDDDFFDFDHDFDHFJHFHBFCFCJCJAFCHEHGFIFGBG@IAECGAIAMBMBMDIDIJCHCJAJBDDFFHDHDLBLBJ@JAFEHIDIJIFMHAFCFEHIBIBK@MBGDAFBJ@HCHGFGDGBIAK@IHAF@LJJBN@J@HCHCJGHKDKDGBK@M@KAIAEF@DDHDH@HBL@H@NAJALEHGBIBKAA@CCEACAE@A@A@ABA@@B@AA@@ACB@AA@AAKC@@A@@B@B@B@B@F@BA@ABIAC@CAAAA@A@C@A@A@CGGIAAEEAA@@A@@@AD@FAB@@@BC@A@ED@@A@AAABA@CB@DA@@@BD@B@@@B@BBBBBDD@BHBBB@BB@BBBB@B@D@B@DB@@B@B@BAB@@@B@B@H@@B@J@D@B@@@B@@B@@@BB@@A@AB@@BBA@@DA@A@@@@BB@BB@@BA@ADA@CB@BA@@@BBB@BD@@B@B@@B@@GF@DD@F@B@D@DBB@@BB@BBBB@BAB@BCBABABBB@@@@B@B@DBBBBBD@@BFBFBB@BDADB@@@@@DBB@B@B@@@B@B@B@F@B@DBBB@@JBXFPDLDLBN@LBP@PBNBHDJDHDJFLHJLJFFFJ@L@PJPJL@"],"encodeOffsets":[[120682,30917]]}}],"UTF8Encoding":true}