{"type":"FeatureCollection","features":[{"type":"Feature","id":"340302","properties":{"name":"龙子湖区","cp":[117.382312,32.950452],"childNum":1},"geometry":{"type":"Polygon","coordinates":["@@@@ABCFAB@BA@@@@@BB@B@F@B@B@B@B@B@B@BADAB@@CBABA@AH@@ABEBAB@BAD@BA@ABC@AB@@AB@B@@@@@B@@@DB@@B@B@@@@C@A@A@A@A@@@CDA@@BA@@D@@A@@@A@A@@AABA@@@BB@B@B@DB@@@@@B@@@@A@@@AB@BABB@AB@BA@@B@B@D@DBB@@B@BBB@BFD@@@@@@EBA@@@@B@@@BB@DBBD@@@B@@@@@D@B@@@@B@B@@@@@@B@@ABBB@BB@@B@B@B@BB@AB@BADAB@@@B@B@BBB@BBBDB@B@B@@@@ABB@@@@B@@@@@@@@ABABAB@@ABA@A@E@SDA@A@K@A@C@A@@@@@@@C@G@@@@@@@@@@B@B@@@@@B@@@@@B@@@@A@ABA@@@ABABABABABCD@@RNDBDBFBD@XFL@N@ZARAH@F@DBH@FBJDHDRJJFJDDBFBFBD@F@DAFEDCBADAF@D@HBJBHBFDHDDDBBD@B@B@LAFA@A@ACMAIBQBI@EAI@C@C@ECACAC@E@A@@@ECCACAAECCACAC@EAGAC@C@E@CACACCCAEAC@AFELIHEDMAGCGEEE@O@KGOUCIEKCCKGI@EDKDEBO@]@CBOFC@"],"encodeOffsets":[[120239,33635]]}}],"UTF8Encoding":true}